average_recovery_accuracy,exact_match_accuracy,noise_robustness,accuracy_by_noise,accuracy_by_noise_and_missing,close_pattern_discrimination,close_pattern_confusion_rate,close_pair_count,close_pattern_distance,hyperedge_count,average_hyperedge_size,density,max_vertex_degree,mean_vertex_degree,vertex_degree_variance,degree_gini,degree_entropy,hyperedge_size_histogram,selected_hyperedges,constraint_penalty,complexity_objective
0.9602831196581195,0.85,0.9602831196581195,"{0.0: 1.0, 0.1: 0.9818108974358973, 0.2: 0.8990384615384616}","{'noise=0.0;missing=0.0': 1.0, 'noise=0.0;missing=0.2': 1.0, 'noise=0.1;missing=0.0': 0.9854166666666667, 'noise=0.1;missing=0.2': 0.9782051282051282, 'noise=0.2;missing=0.0': 0.925, 'noise=0.2;missing=0.2': 0.873076923076923}",0.8245614035087719,0.06140350877192982,18,6,34,2.323529411764706,0.4857142857142857,8,2.46875,4.6240234375,0.47191455696202533,4.425051122545312,"{2: 25, 3: 7, 4: 2}",34,0.0,0.48014735190951374
0.9571047008547008,0.8333333333333334,0.9571047008547008,"{0.0: 1.0, 0.1: 0.9852564102564102, 0.2: 0.8860576923076923}","{'noise=0.0;missing=0.0': 1.0, 'noise=0.0;missing=0.2': 1.0, 'noise=0.1;missing=0.0': 0.9833333333333333, 'noise=0.1;missing=0.2': 0.9871794871794871, 'noise=0.2;missing=0.0': 0.8708333333333333, 'noise=0.2;missing=0.2': 0.9012820512820513}",0.8333333333333334,0.06140350877192982,18,6,35,2.2857142857142856,0.5,6,2.5,2.625,0.36640625,4.626641733102592,"{2: 26, 3: 8, 4: 1}",35,0.0,0.4931785714285714
0.9501335470085469,0.8111111111111111,0.9501335470085469,"{0.0: 1.0, 0.1: 0.9638621794871794, 0.2: 0.8865384615384614}","{'noise=0.0;missing=0.0': 1.0, 'noise=0.0;missing=0.2': 1.0, 'noise=0.1;missing=0.0': 0.96875, 'noise=0.1;missing=0.2': 0.958974358974359, 'noise=0.2;missing=0.0': 0.8666666666666667, 'noise=0.2;missing=0.2': 0.9064102564102564}",0.8245614035087719,0.07894736842105263,18,6,36,2.361111111111111,0.5142857142857142,9,2.65625,3.2255859375,0.35110294117647056,4.652646082814736,"{2: 25, 3: 9, 4: 2}",36,1.0,0.5074125788336167
0.960844017094017,0.85,0.960844017094017,"{0.0: 1.0, 0.1: 0.9728365384615384, 0.2: 0.9096955128205128}","{'noise=0.0;missing=0.0': 1.0, 'noise=0.0;missing=0.2': 1.0, 'noise=0.1;missing=0.0': 0.9854166666666667, 'noise=0.1;missing=0.2': 0.9602564102564102, 'noise=0.2;missing=0.0': 0.9270833333333334, 'noise=0.2;missing=0.2': 0.8923076923076924}",0.8333333333333334,0.06140350877192982,18,6,40,2.25,0.5714285714285714,7,2.8125,3.46484375,0.37083333333333335,4.588804280805398,"{2: 30, 3: 10}",40,5.0,0.5608595344387755
0.9586004273504273,0.8388888888888889,0.9586004273504273,"{0.0: 1.0, 0.1: 0.9737179487179487, 0.2: 0.9020833333333333}","{'noise=0.0;missing=0.0': 1.0, 'noise=0.0;missing=0.2': 1.0, 'noise=0.1;missing=0.0': 0.9833333333333333, 'noise=0.1;missing=0.2': 0.964102564102564, 'noise=0.2;missing=0.0': 0.9041666666666667, 'noise=0.2;missing=0.2': 0.9000000000000001}",0.8771929824561403,0.06140350877192982,18,6,33,2.1515151515151514,0.4714285714285714,7,2.21875,3.2958984375,0.4555457746478873,4.422349895362511,"{2: 28, 3: 5}",33,0.0,0.46506943437886517
0.9609241452991452,0.85,0.9609241452991452,"{0.0: 1.0, 0.1: 0.9752403846153846, 0.2: 0.9075320512820512}","{'noise=0.0;missing=0.0': 1.0, 'noise=0.0;missing=0.2': 1.0, 'noise=0.1;missing=0.0': 0.98125, 'noise=0.1;missing=0.2': 0.9692307692307692, 'noise=0.2;missing=0.0': 0.9125, 'noise=0.2;missing=0.2': 0.9025641025641025}",0.8596491228070176,0.05263157894736842,18,6,33,2.242424242424242,0.4714285714285714,7,2.3125,3.02734375,0.40709459459459457,4.509054041856943,"{2: 25, 3: 8}",33,0.0,0.46574677740414344
0.9485576923076922,0.8055555555555556,0.9485576923076922,"{0.0: 1.0, 0.1: 0.9666666666666667, 0.2: 0.8790064102564102}","{'noise=0.0;missing=0.0': 1.0, 'noise=0.0;missing=0.2': 1.0, 'noise=0.1;missing=0.0': 0.9666666666666667, 'noise=0.1;missing=0.2': 0.9666666666666667, 'noise=0.2;missing=0.0': 0.8708333333333333, 'noise=0.2;missing=0.2': 0.8871794871794872}",0.8157894736842105,0.06140350877192982,18,6,35,2.4,0.5,9,2.625,3.171875,0.3489583333333333,4.6907346488872275,"{2: 23, 3: 10, 4: 2}",35,0.0,0.49413839285714284
0.9639957264957265,0.8555555555555555,0.9639957264957265,"{0.0: 1.0, 0.1: 0.9711538461538463, 0.2: 0.9208333333333333}","{'noise=0.0;missing=0.0': 1.0, 'noise=0.0;missing=0.2': 1.0, 'noise=0.1;missing=0.0': 0.9833333333333333, 'noise=0.1;missing=0.2': 0.958974358974359, 'noise=0.2;missing=0.0': 0.925, 'noise=0.2;missing=0.2': 0.9166666666666666}",0.8421052631578947,0.05263157894736842,18,6,36,2.361111111111111,0.5142857142857142,6,2.65625,2.7255859375,0.3503676470588235,4.668058365921881,"{2: 25, 3: 9, 4: 2}",36,1.0,0.5073513543438207
0.9622061965811964,0.85,0.9622061965811964,"{0.0: 1.0, 0.1: 0.9733974358974358, 0.2: 0.9132211538461538}","{'noise=0.0;missing=0.0': 1.0, 'noise=0.0;missing=0.2': 1.0, 'noise=0.1;missing=0.0': 0.9916666666666667, 'noise=0.1;missing=0.2': 0.9551282051282051, 'noise=0.2;missing=0.0': 0.9020833333333333, 'noise=0.2;missing=0.2': 0.9243589743589743}",0.8596491228070176,0.043859649122807015,18,6,29,2.3793103448275863,0.4142857142857143,6,2.15625,2.3818359375,0.3953804347826087,4.583040674659597,"{2: 20, 3: 7, 4: 2}",29,0.0,0.41245144402049616
0.9583066239316238,0.8444444444444444,0.9583066239316238,"{0.0: 1.0, 0.1: 0.9786057692307693, 0.2: 0.8963141025641026}","{'noise=0.0;missing=0.0': 1.0, 'noise=0.0;missing=0.2': 1.0, 'noise=0.1;missing=0.0': 0.96875, 'noise=0.1;missing=0.2': 0.9884615384615384, 'noise=0.2;missing=0.0': 0.8708333333333333, 'noise=0.2;missing=0.2': 0.9217948717948717}",0.8596491228070176,0.06140350877192982,18,6,34,2.176470588235294,0.4857142857142857,6,2.3125,2.71484375,0.3969594594594595,4.5619749467338835,"{2: 28, 3: 6}",34,0.0,0.47876467774609843
0.9604700854700853,0.8444444444444444,0.9604700854700853,"{0.0: 1.0, 0.1: 0.9727564102564102, 0.2: 0.908653846153846}","{'noise=0.0;missing=0.0': 1.0, 'noise=0.0;missing=0.2': 1.0, 'noise=0.1;missing=0.0': 0.9916666666666667, 'noise=0.1;missing=0.2': 0.9538461538461538, 'noise=0.2;missing=0.0': 0.8916666666666667, 'noise=0.2;missing=0.2': 0.9256410256410256}",0.8596491228070176,0.06140350877192982,18,6,30,2.3666666666666667,0.42857142857142855,6,2.21875,3.4208984375,0.4669894366197183,4.405766276082126,"{2: 20, 3: 9, 4: 1}",30,0.0,0.42605132599914963
0.9651709401709402,0.8555555555555555,0.9651709401709402,"{0.0: 1.0, 0.1: 0.9811698717948718, 0.2: 0.9143429487179487}","{'noise=0.0;missing=0.0': 1.0, 'noise=0.0;missing=0.2': 1.0, 'noise=0.1;missing=0.0': 0.9854166666666667, 'noise=0.1;missing=0.2': 0.9769230769230769, 'noise=0.2;missing=0.0': 0.9145833333333333, 'noise=0.2;missing=0.2': 0.9141025641025641}",0.8596491228070176,0.06140350877192982,18,6,45,2.4,0.6428571428571429,11,3.375,5.796875,0.38310185185185186,4.642082926473945,"{2: 29, 3: 14, 4: 2}",45,10.0,0.6301741071428573
0.953792735042735,0.8222222222222222,0.953792735042735,"{0.0: 1.0, 0.1: 0.9659455128205128, 0.2: 0.8954326923076923}","{'noise=0.0;missing=0.0': 1.0, 'noise=0.0;missing=0.2': 1.0, 'noise=0.1;missing=0.0': 0.9729166666666667, 'noise=0.1;missing=0.2': 0.958974358974359, 'noise=0.2;missing=0.0': 0.8895833333333333, 'noise=0.2;missing=0.2': 0.9012820512820513}",0.8508771929824561,0.05263157894736842,18,6,38,2.263157894736842,0.5428571428571428,6,2.6875,3.15234375,0.3699127906976744,4.637735248561108,"{2: 29, 3: 8, 4: 1}",38,3.0,0.5337812080424275
0.9487179487179488,0.8111111111111111,0.9487179487179488,"{0.0: 1.0, 0.1: 0.9770032051282052, 0.2: 0.869150641025641}","{'noise=0.0;missing=0.0': 1.0, 'noise=0.0;missing=0.2': 1.0, 'noise=0.1;missing=0.0': 0.9770833333333333, 'noise=0.1;missing=0.2': 0.9769230769230769, 'noise=0.2;missing=0.0': 0.8395833333333333, 'noise=0.2;missing=0.2': 0.8987179487179487}",0.8333333333333334,0.06140350877192982,18,6,36,2.361111111111111,0.5142857142857142,9,2.65625,3.4130859375,0.36580882352941174,4.651471194931092,"{2: 25, 3: 9, 4: 2}",36,1.0,0.5074355380172901
0.9564102564102563,0.8333333333333334,0.9564102564102563,"{0.0: 1.0, 0.1: 0.9782051282051282, 0.2: 0.891025641025641}","{'noise=0.0;missing=0.0': 1.0, 'noise=0.0;missing=0.2': 1.0, 'noise=0.1;missing=0.0': 0.9833333333333333, 'noise=0.1;missing=0.2': 0.9730769230769231, 'noise=0.2;missing=0.0': 0.8833333333333333, 'noise=0.2;missing=0.2': 0.8987179487179487}",0.8508771929824561,0.043859649122807015,18,6,34,2.264705882352941,0.4857142857142857,6,2.40625,2.9912109375,0.40625,4.53012713273527,"{2: 26, 3: 7, 4: 1}",34,0.0,0.4794878568614946
0.9559294871794871,0.8333333333333334,0.9559294871794871,"{0.0: 1.0, 0.1: 0.9766826923076922, 0.2: 0.8911057692307692}","{'noise=0.0;missing=0.0': 1.0, 'noise=0.0;missing=0.2': 1.0, 'noise=0.1;missing=0.0': 0.9854166666666667, 'noise=0.1;missing=0.2': 0.967948717948718, 'noise=0.2;missing=0.0': 0.8770833333333333, 'noise=0.2;missing=0.2': 0.9051282051282051}",0.8508771929824561,0.043859649122807015,18,6,34,2.3529411764705883,0.4857142857142857,10,2.5,5.5,0.4734375,4.388897357994419,"{2: 24, 3: 8, 4: 2}",34,0.0,0.48048439375750296
0.9635149572649573,0.8555555555555555,0.9635149572649573,"{0.0: 1.0, 0.1: 0.9811698717948718, 0.2: 0.9093749999999999}","{'noise=0.0;missing=0.0': 1.0, 'noise=0.0;missing=0.2': 1.0, 'noise=0.1;missing=0.0': 0.9854166666666667, 'noise=0.1;missing=0.2': 0.9769230769230769, 'noise=0.2;missing=0.0': 0.9020833333333333, 'noise=0.2;missing=0.2': 0.9166666666666666}",0.8508771929824561,0.07017543859649122,18,6,35,2.3142857142857145,0.5,6,2.53125,2.6240234375,0.36149691358024694,4.629930330489342,"{2: 26, 3: 7, 4: 2}",35,0.0,0.4934016661352041
0.9497329059829057,0.8111111111111111,0.9497329059829057,"{0.0: 1.0, 0.1: 0.9701923076923077, 0.2: 0.8790064102564102}","{'noise=0.0;missing=0.0': 1.0, 'noise=0.0;missing=0.2': 1.0, 'noise=0.1;missing=0.0': 0.975, 'noise=0.1;missing=0.2': 0.9653846153846153, 'noise=0.2;missing=0.0': 0.8375, 'noise=0.2;missing=0.2': 0.9205128205128205}",0.8421052631578947,0.05263157894736842,18,6,38,2.263157894736842,0.5428571428571428,9,2.6875,4.96484375,0.4476744186046512,4.474083691338469,"{2: 29, 3: 8, 4: 1}",38,3.0,0.5340031468179376
0.9506410256410255,0.8166666666666667,0.9506410256410255,"{0.0: 1.0, 0.1: 0.9758814102564102, 0.2: 0.8760416666666667}","{'noise=0.0;missing=0.0': 1.0, 'noise=0.0;missing=0.2': 1.0, 'noise=0.1;missing=0.0': 0.9645833333333333, 'noise=0.1;missing=0.2': 0.9871794871794871, 'noise=0.2;missing=0.0': 0.86875, 'noise=0.2;missing=0.2': 0.8833333333333333}",0.8333333333333334,0.06140350877192982,18,6,39,2.3333333333333335,0.5571428571428572,8,2.84375,4.6943359375,0.42754120879120877,4.498079982268788,"{2: 27, 3: 11, 4: 1}",39,4.0,0.5480896975977891
0.9573985042735043,0.8333333333333334,0.9573985042735043,"{0.0: 1.0, 0.1: 0.9680288461538461, 0.2: 0.9041666666666667}","{'noise=0.0;missing=0.0': 1.0, 'noise=0.0;missing=0.2': 1.0, 'noise=0.1;missing=0.0': 0.9770833333333333, 'noise=0.1;missing=0.2': 0.958974358974359, 'noise=0.2;missing=0.0': 0.8916666666666667, 'noise=0.2;missing=0.2': 0.9166666666666665}",0.8333333333333334,0.07894736842105263,18,6,34,2.323529411764706,0.4857142857142857,9,2.46875,4.3740234375,0.44264240506329117,4.491444951631852,"{2: 24, 3: 9, 4: 1}",34,0.0,0.4801167396646158
0.9576655982905982,0.8388888888888889,0.9576655982905982,"{0.0: 1.0, 0.1: 0.9673076923076922, 0.2: 0.9056891025641025}","{'noise=0.0;missing=0.0': 1.0, 'noise=0.0;missing=0.2': 1.0, 'noise=0.1;missing=0.0': 0.9833333333333333, 'noise=0.1;missing=0.2': 0.9512820512820512, 'noise=0.2;missing=0.0': 0.8729166666666667, 'noise=0.2;missing=0.2': 0.9384615384615385}",0.868421052631579,0.043859649122807015,18,6,35,2.342857142857143,0.5,7,2.5625,3.30859375,0.39710365853658536,4.575174225125144,"{2: 24, 3: 10, 4: 1}",35,0.0,0.49370870535714284
0.9494391025641025,0.8166666666666667,0.9494391025641025,"{0.0: 1.0, 0.1: 0.9717948717948718, 0.2: 0.8765224358974358}","{'noise=0.0;missing=0.0': 1.0, 'noise=0.0;missing=0.2': 1.0, 'noise=0.1;missing=0.0': 0.9833333333333333, 'noise=0.1;missing=0.2': 0.9602564102564103, 'noise=0.2;missing=0.0': 0.88125, 'noise=0.2;missing=0.2': 0.8717948717948719}",0.8333333333333334,0.06140350877192982,18,6,36,2.25,0.5142857142857142,8,2.53125,3.7490234375,0.41628086419753085,4.524596145604904,"{2: 29, 3: 5, 4: 2}",36,1.0,0.5066086176658162
0.9559561965811965,0.8277777777777777,0.9559561965811965,"{0.0: 1.0, 0.1: 0.9776442307692307, 0.2: 0.890224358974359}","{'noise=0.0;missing=0.0': 1.0, 'noise=0.0;missing=0.2': 1.0, 'noise=0.1;missing=0.0': 0.9770833333333333, 'noise=0.1;missing=0.2': 0.9782051282051282, 'noise=0.2;missing=0.0': 0.8791666666666667, 'noise=0.2;missing=0.2': 0.9012820512820513}",0.8333333333333334,0.06140350877192982,18,6,40,2.325,0.5714285714285714,10,2.90625,5.7724609375,0.4290994623655914,4.528954881668329,"{2: 29, 3: 9, 4: 2}",40,5.0,0.5617280373086735
0.9603632478632477,0.8444444444444444,0.9603632478632477,"{0.0: 1.0, 0.1: 0.9790064102564102, 0.2: 0.9020833333333333}","{'noise=0.0;missing=0.0': 1.0, 'noise=0.0;missing=0.2': 1.0, 'noise=0.1;missing=0.0': 0.9875, 'noise=0.1;missing=0.2': 0.9705128205128205, 'noise=0.2;missing=0.0': 0.9208333333333333, 'noise=0.2;missing=0.2': 0.8833333333333333}",0.8245614035087719,0.07017543859649122,18,6,37,2.189189189189189,0.5285714285714286,8,2.53125,4.4990234375,0.45023148148148145,4.466929053468395,"{2: 30, 3: 7}",37,2.0,0.5197967985124793
0.9569978632478633,0.8444444444444444,0.9569978632478633,"{0.0: 1.0, 0.1: 0.9842948717948717, 0.2: 0.886698717948718}","{'noise=0.0;missing=0.0': 1.0, 'noise=0.0;missing=0.2': 1.0, 'noise=0.1;missing=0.0': 0.9916666666666667, 'noise=0.1;missing=0.2': 0.9769230769230769, 'noise=0.2;missing=0.0': 0.9041666666666667, 'noise=0.2;missing=0.2': 0.8692307692307693}",0.8333333333333334,0.05263157894736842,18,6,34,2.3529411764705883,0.4857142857142857,9,2.5,4.6875,0.46015625,4.430186532844169,"{2: 24, 3: 8, 4: 2}",34,0.0,0.4803849039615846
0.9625534188034186,0.85,0.9625534188034186,"{0.0: 1.0, 0.1: 0.9692307692307691, 0.2: 0.9184294871794871}","{'noise=0.0;missing=0.0': 1.0, 'noise=0.0;missing=0.2': 1.0, 'noise=0.1;missing=0.0': 0.9833333333333333, 'noise=0.1;missing=0.2': 0.9551282051282051, 'noise=0.2;missing=0.0': 0.9125, 'noise=0.2;missing=0.2': 0.9243589743589743}",0.868421052631579,0.043859649122807015,18,6,30,2.3666666666666667,0.42857142857142855,6,2.21875,2.6708984375,0.40536971830985913,4.566597429449639,"{2: 21, 3: 7, 4: 2}",30,0.0,0.42595948926445576
0.962580128205128,0.8444444444444444,0.962580128205128,"{0.0: 1.0, 0.1: 0.9696314102564102, 0.2: 0.9181089743589742}","{'noise=0.0;missing=0.0': 1.0, 'noise=0.0;missing=0.2': 1.0, 'noise=0.1;missing=0.0': 0.9854166666666667, 'noise=0.1;missing=0.2': 0.9538461538461538, 'noise=0.2;missing=0.0': 0.9041666666666667, 'noise=0.2;missing=0.2': 0.932051282051282}",0.8596491228070176,0.07894736842105263,18,6,32,2.34375,0.45714285714285713,6,2.34375,3.6630859375,0.4579166666666667,4.418194579375367,"{2: 22, 3: 9, 4: 1}",32,0.0,0.4530448022959183
0.9452991452991452,0.8,0.9452991452991452,"{0.0: 1.0, 0.1: 0.9686698717948717, 0.2: 0.867227564102564}","{'noise=0.0;missing=0.0': 1.0, 'noise=0.0;missing=0.2': 1.0, 'noise=0.1;missing=0.0': 0.9770833333333333, 'noise=0.1;missing=0.2': 0.9602564102564102, 'noise=0.2;missing=0.0': 0.8395833333333333, 'noise=0.2;missing=0.2': 0.8948717948717949}",0.8245614035087719,0.07017543859649122,18,6,37,2.3513513513513513,0.5285714285714286,8,2.71875,2.9521484375,0.3415948275862069,4.69117765683829,"{2: 26, 3: 9, 4: 2}",37,2.0,0.5208742771390651
0.9635149572649573,0.8555555555555555,0.9635149572649573,"{0.0: 1.0, 0.1: 0.9811698717948718, 0.2: 0.9093749999999999}","{'noise=0.0;missing=0.0': 1.0, 'noise=0.0;missing=0.2': 1.0, 'noise=0.1;missing=0.0': 0.9854166666666667, 'noise=0.1;missing=0.2': 0.9769230769230769, 'noise=0.2;missing=0.0': 0.9020833333333333, 'noise=0.2;missing=0.2': 0.9166666666666666}",0.8508771929824561,0.07017543859649122,18,6,30,2.2,0.42857142857142855,5,2.0625,2.12109375,0.3977272727272727,4.557440096821823,"{2: 25, 3: 4, 4: 1}",30,0.0,0.4245900829081633
0.961645299145299,0.85,0.961645299145299,"{0.0: 1.0, 0.1: 0.9721153846153847, 0.2: 0.9128205128205127}","{'noise=0.0;missing=0.0': 1.0, 'noise=0.0;missing=0.2': 1.0, 'noise=0.1;missing=0.0': 0.9916666666666667, 'noise=0.1;missing=0.2': 0.9525641025641025, 'noise=0.2;missing=0.0': 0.9, 'noise=0.2;missing=0.2': 0.9256410256410256}",0.8596491228070176,0.06140350877192982,18,6,36,2.388888888888889,0.5142857142857142,7,2.6875,3.71484375,0.4004360465116279,4.589876203199324,"{2: 23, 3: 12, 4: 1}",36,1.0,0.5076895018424036
0.9544337606837606,0.8277777777777777,0.9544337606837606,"{0.0: 1.0, 0.1: 0.9756410256410255, 0.2: 0.8876602564102564}","{'noise=0.0;missing=0.0': 1.0, 'noise=0.0;missing=0.2': 1.0, 'noise=0.1;missing=0.0': 0.9833333333333333, 'noise=0.1;missing=0.2': 0.9679487179487178, 'noise=0.2;missing=0.0': 0.8625, 'noise=0.2;missing=0.2': 0.9128205128205128}",0.8333333333333334,0.07017543859649122,18,6,36,2.361111111111111,0.5142857142857142,7,2.65625,3.9755859375,0.41948529411764707,4.507264284917095,"{2: 24, 3: 11, 4: 1}",36,1.0,0.5075044155683105
0.9635149572649573,0.8555555555555555,0.9635149572649573,"{0.0: 1.0, 0.1: 0.9811698717948718, 0.2: 0.9093749999999999}","{'noise=0.0;missing=0.0': 1.0, 'noise=0.0;missing=0.2': 1.0, 'noise=0.1;missing=0.0': 0.9854166666666667, 'noise=0.1;missing=0.2': 0.9769230769230769, 'noise=0.2;missing=0.0': 0.9020833333333333, 'noise=0.2;missing=0.2': 0.9166666666666666}",0.8508771929824561,0.07017543859649122,18,6,34,2.235294117647059,0.4857142857142857,5,2.375,2.546875,0.37911184210526316,4.57695753371081,"{2: 27, 3: 6, 4: 1}",34,0.0,0.47920366896758704
0.9562767094017093,0.8277777777777777,0.9562767094017093,"{0.0: 1.0, 0.1: 0.9702724358974357, 0.2: 0.8985576923076923}","{'noise=0.0;missing=0.0': 1.0, 'noise=0.0;missing=0.2': 1.0, 'noise=0.1;missing=0.0': 0.9854166666666667, 'noise=0.1;missing=0.2': 0.9551282051282051, 'noise=0.2;missing=0.0': 0.8958333333333334, 'noise=0.2;missing=0.2': 0.9012820512820513}",0.8333333333333334,0.07017543859649122,18,6,35,2.142857142857143,0.5,7,2.34375,3.5380859375,0.44708333333333333,4.456687151554753,"{2: 30, 3: 5}",35,0.0,0.49217430644132654
0.960389957264957,0.8444444444444444,0.960389957264957,"{0.0: 1.0, 0.1: 0.9773237179487179, 0.2: 0.9038461538461537}","{'noise=0.0;missing=0.0': 1.0, 'noise=0.0;missing=0.2': 1.0, 'noise=0.1;missing=0.0': 0.9854166666666667, 'noise=0.1;missing=0.2': 0.9692307692307692, 'noise=0.2;missing=0.0': 0.9166666666666666, 'noise=0.2;missing=0.2': 0.891025641025641}",0.8333333333333334,0.06140350877192982,18,6,32,2.3125,0.45714285714285713,7,2.3125,3.71484375,0.4560810810810811,4.455528366415155,"{2: 24, 3: 6, 4: 2}",32,0.0,0.45280699936224483
0.9563034188034186,0.8333333333333334,0.9563034188034186,"{0.0: 1.0, 0.1: 0.9810897435897435, 0.2: 0.8878205128205128}","{'noise=0.0;missing=0.0': 1.0, 'noise=0.0;missing=0.2': 1.0, 'noise=0.1;missing=0.0': 0.975, 'noise=0.1;missing=0.2': 0.9871794871794871, 'noise=0.2;missing=0.0': 0.8666666666666667, 'noise=0.2;missing=0.2': 0.9089743589743589}",0.8333333333333334,0.06140350877192982,18,6,34,2.323529411764706,0.4857142857142857,9,2.46875,5.0615234375,0.464003164556962,4.426349976124661,"{2: 25, 3: 7, 4: 2}",34,0.0,0.4802009233380852
0.9561965811965811,0.8333333333333334,0.9561965811965811,"{0.0: 1.0, 0.1: 0.9794871794871794, 0.2: 0.8891025641025642}","{'noise=0.0;missing=0.0': 1.0, 'noise=0.0;missing=0.2': 1.0, 'noise=0.1;missing=0.0': 0.9833333333333333, 'noise=0.1;missing=0.2': 0.9756410256410256, 'noise=0.2;missing=0.0': 0.8666666666666667, 'noise=0.2;missing=0.2': 0.9115384615384615}",0.8596491228070176,0.043859649122807015,18,6,38,2.3157894736842106,0.5428571428571428,9,2.75,5.4375,0.4382102272727273,4.510521141366432,"{2: 28, 3: 8, 4: 2}",38,3.0,0.5344722073039742
0.9581463675213674,0.8388888888888889,0.9581463675213674,"{0.0: 1.0, 0.1: 0.9852564102564102, 0.2: 0.8891826923076922}","{'noise=0.0;missing=0.0': 1.0, 'noise=0.0;missing=0.2': 1.0, 'noise=0.1;missing=0.0': 0.9833333333333333, 'noise=0.1;missing=0.2': 0.9871794871794871, 'noise=0.2;missing=0.0': 0.8770833333333333, 'noise=0.2;missing=0.2': 0.9012820512820513}",0.8421052631578947,0.05263157894736842,18,6,33,2.303030303030303,0.4714285714285714,6,2.375,2.359375,0.3618421052631579,4.632557040147423,"{2: 24, 3: 8, 4: 1}",33,0.0,0.4661384701607916
0.9619658119658119,0.85,0.9619658119658119,"{0.0: 1.0, 0.1: 0.9762820512820514, 0.2: 0.9096153846153846}","{'noise=0.0;missing=0.0': 1.0, 'noise=0.0;missing=0.2': 1.0, 'noise=0.1;missing=0.0': 0.9833333333333333, 'noise=0.1;missing=0.2': 0.9692307692307692, 'noise=0.2;missing=0.0': 0.9166666666666666, 'noise=0.2;missing=0.2': 0.9025641025641025}",0.8596491228070176,0.05263157894736842,18,6,32,2.25,0.45714285714285713,6,2.25,2.75,0.4053819444444444,4.51807843190219,"{2: 24, 3: 8}",32,0.0,0.4522005739795918
0.9465010683760683,0.8055555555555556,0.9465010683760683,"{0.0: 1.0, 0.1: 0.9634615384615385, 0.2: 0.8760416666666667}","{'noise=0.0;missing=0.0': 1.0, 'noise=0.0;missing=0.2': 1.0, 'noise=0.1;missing=0.0': 0.9666666666666667, 'noise=0.1;missing=0.2': 0.9602564102564103, 'noise=0.2;missing=0.0': 0.8854166666666666, 'noise=0.2;missing=0.2': 0.8666666666666668}",0.8157894736842105,0.06140350877192982,18,6,35,2.257142857142857,0.5,10,2.46875,4.1240234375,0.42207278481012656,4.496588900449151,"{2: 28, 3: 5, 4: 2}",35,0.0,0.49313891103316326
0.9586004273504273,0.8388888888888889,0.9586004273504273,"{0.0: 1.0, 0.1: 0.9737179487179487, 0.2: 0.9020833333333333}","{'noise=0.0;missing=0.0': 1.0, 'noise=0.0;missing=0.2': 1.0, 'noise=0.1;missing=0.0': 0.9833333333333333, 'noise=0.1;missing=0.2': 0.964102564102564, 'noise=0.2;missing=0.0': 0.9041666666666667, 'noise=0.2;missing=0.2': 0.9000000000000001}",0.8771929824561403,0.06140350877192982,18,6,38,2.263157894736842,0.5428571428571428,8,2.6875,3.77734375,0.4018895348837209,4.546928604204637,"{2: 29, 3: 8, 4: 1}",38,3.0,0.5338577386546723
0.9623664529914528,0.8555555555555555,0.9623664529914528,"{0.0: 1.0, 0.1: 0.9772435897435898, 0.2: 0.9098557692307693}","{'noise=0.0;missing=0.0': 1.0, 'noise=0.0;missing=0.2': 1.0, 'noise=0.1;missing=0.0': 0.9916666666666667, 'noise=0.1;missing=0.2': 0.9628205128205127, 'noise=0.2;missing=0.0': 0.88125, 'noise=0.2;missing=0.2': 0.9384615384615385}",0.8771929824561403,0.043859649122807015,18,6,29,2.310344827586207,0.4142857142857143,5,2.09375,2.6474609375,0.4388992537313433,4.456410512368753,"{2: 21, 3: 7, 4: 1}",29,0.0,0.4119451764272519
0.9511752136752136,0.8111111111111111,0.9511752136752136,"{0.0: 1.0, 0.1: 0.956730769230769, 0.2: 0.8967948717948718}","{'noise=0.0;missing=0.0': 1.0, 'noise=0.0;missing=0.2': 1.0, 'noise=0.1;missing=0.0': 0.9583333333333334, 'noise=0.1;missing=0.2': 0.9551282051282051, 'noise=0.2;missing=0.0': 0.8833333333333333, 'noise=0.2;missing=0.2': 0.9102564102564102}",0.8245614035087719,0.06140350877192982,18,6,32,2.34375,0.45714285714285713,6,2.34375,2.9130859375,0.40208333333333335,4.566919237810073,"{2: 23, 3: 7, 4: 2}",32,0.0,0.45295296556122444
0.9564102564102563,0.8333333333333334,0.9564102564102563,"{0.0: 1.0, 0.1: 0.9782051282051282, 0.2: 0.891025641025641}","{'noise=0.0;missing=0.0': 1.0, 'noise=0.0;missing=0.2': 1.0, 'noise=0.1;missing=0.0': 0.9833333333333333, 'noise=0.1;missing=0.2': 0.9730769230769231, 'noise=0.2;missing=0.0': 0.8833333333333333, 'noise=0.2;missing=0.2': 0.8987179487179487}",0.8508771929824561,0.043859649122807015,18,6,35,2.342857142857143,0.5,6,2.5625,2.99609375,0.38185975609756095,4.6012926330529025,"{2: 25, 3: 8, 4: 2}",35,0.0,0.4936704400510204
0.9506677350427352,0.8166666666666667,0.9506677350427352,"{0.0: 1.0, 0.1: 0.9648237179487179, 0.2: 0.8871794871794872}","{'noise=0.0;missing=0.0': 1.0, 'noise=0.0;missing=0.2': 1.0, 'noise=0.1;missing=0.0': 0.9604166666666667, 'noise=0.1;missing=0.2': 0.9692307692307692, 'noise=0.2;missing=0.0': 0.8833333333333333, 'noise=0.2;missing=0.2': 0.891025641025641}",0.8421052631578947,0.07894736842105263,18,6,34,2.3823529411764706,0.4857142857142857,9,2.53125,3.0615234375,0.35378086419753085,4.6480868118105665,"{2: 23, 3: 9, 4: 2}",34,0.0,0.48041558420243097
0.9608974358974358,0.85,0.9608974358974358,"{0.0: 1.0, 0.1: 0.9801282051282051, 0.2: 0.9025641025641026}","{'noise=0.0;missing=0.0': 1.0, 'noise=0.0;missing=0.2': 1.0, 'noise=0.1;missing=0.0': 0.9833333333333333, 'noise=0.1;missing=0.2': 0.9769230769230769, 'noise=0.2;missing=0.0': 0.9166666666666666, 'noise=0.2;missing=0.2': 0.8884615384615384}",0.8596491228070176,0.05263157894736842,18,6,35,2.257142857142857,0.5,8,2.46875,4.0615234375,0.4465981012658228,4.458658996368775,"{2: 26, 3: 9}",35,0.0,0.4931312579719388
0.9530181623931624,0.8222222222222222,0.9530181623931624,"{0.0: 1.0, 0.1: 0.957451923076923, 0.2: 0.901602564102564}","{'noise=0.0;missing=0.0': 1.0, 'noise=0.0;missing=0.2': 1.0, 'noise=0.1;missing=0.0': 0.9854166666666667, 'noise=0.1;missing=0.2': 0.9294871794871795, 'noise=0.2;missing=0.0': 0.8916666666666667, 'noise=0.2;missing=0.2': 0.9115384615384615}",0.8333333333333334,0.07017543859649122,18,6,36,2.2777777777777777,0.5142857142857142,6,2.5625,3.37109375,0.4032012195121951,4.520448846673748,"{2: 26, 3: 10}",36,1.0,0.5067793544501134
0.9557158119658118,0.8333333333333334,0.9557158119658118,"{0.0: 1.0, 0.1: 0.9801282051282051, 0.2: 0.8870192307692307}","{'noise=0.0;missing=0.0': 1.0, 'noise=0.0;missing=0.2': 1.0, 'noise=0.1;missing=0.0': 1.0, 'noise=0.1;missing=0.2': 0.9602564102564103, 'noise=0.2;missing=0.0': 0.8791666666666667, 'noise=0.2;missing=0.2': 0.8948717948717948}",0.8596491228070176,0.05263157894736842,18,6,33,2.3636363636363638,0.4714285714285714,6,2.4375,2.49609375,0.35336538461538464,4.648378622592347,"{2: 23, 3: 8, 4: 2}",33,0.0,0.466628696080705
0.9538194444444444,0.8222222222222222,0.9538194444444444,"{0.0: 1.0, 0.1: 0.9628205128205128, 0.2: 0.8986378205128206}","{'noise=0.0;missing=0.0': 1.0, 'noise=0.0;missing=0.2': 1.0, 'noise=0.1;missing=0.0': 0.9666666666666667, 'noise=0.1;missing=0.2': 0.958974358974359, 'noise=0.2;missing=0.0': 0.8895833333333333, 'noise=0.2;missing=0.2': 0.9076923076923077}",0.8245614035087719,0.06140350877192982,18,6,39,2.2564102564102564,0.5571428571428572,10,2.75,4.625,0.4140625,4.539160035208528,"{2: 31, 3: 6, 4: 2}",39,4.0,0.5474802459445318
0.9623664529914528,0.8555555555555555,0.9623664529914528,"{0.0: 1.0, 0.1: 0.9772435897435898, 0.2: 0.9098557692307693}","{'noise=0.0;missing=0.0': 1.0, 'noise=0.0;missing=0.2': 1.0, 'noise=0.1;missing=0.0': 0.9916666666666667, 'noise=0.1;missing=0.2': 0.9628205128205127, 'noise=0.2;missing=0.0': 0.88125, 'noise=0.2;missing=0.2': 0.9384615384615385}",0.8771929824561403,0.043859649122807015,18,6,30,2.3,0.42857142857142855,5,2.15625,2.6318359375,0.42617753623188404,4.476591718602403,"{2: 22, 3: 7, 4: 1}",30,0.0,0.4254338727678571
0.9605502136752136,0.8444444444444444,0.9605502136752136,"{0.0: 1.0, 0.1: 0.9741185897435898, 0.2: 0.9075320512820512}","{'noise=0.0;missing=0.0': 1.0, 'noise=0.0;missing=0.2': 1.0, 'noise=0.1;missing=0.0': 0.9854166666666667, 'noise=0.1;missing=0.2': 0.9628205128205128, 'noise=0.2;missing=0.0': 0.8958333333333334, 'noise=0.2;missing=0.2': 0.9192307692307692}",0.8596491228070176,0.05263157894736842,18,6,29,2.3448275862068964,0.4142857142857143,5,2.125,2.046875,0.37775735294117646,4.6094702903089,"{2: 21, 3: 6, 4: 2}",29,0.0,0.412141031843772
0.9591880341880341,0.8444444444444444,0.9591880341880341,"{0.0: 1.0, 0.1: 0.9801282051282051, 0.2: 0.8974358974358975}","{'noise=0.0;missing=0.0': 1.0, 'noise=0.0;missing=0.2': 1.0, 'noise=0.1;missing=0.0': 1.0, 'noise=0.1;missing=0.2': 0.9602564102564103, 'noise=0.2;missing=0.0': 0.9, 'noise=0.2;missing=0.2': 0.8948717948717949}",0.8508771929824561,0.06140350877192982,18,6,32,2.34375,0.45714285714285713,6,2.34375,1.9755859375,0.3304166666666667,4.693371817214927,"{2: 23, 3: 7, 4: 2}",32,0.0,0.45283816964285706
0.9523504273504273,0.8222222222222222,0.9523504273504273,"{0.0: 1.0, 0.1: 0.9762820512820514, 0.2: 0.8807692307692306}","{'noise=0.0;missing=0.0': 1.0, 'noise=0.0;missing=0.2': 1.0, 'noise=0.1;missing=0.0': 0.9833333333333333, 'noise=0.1;missing=0.2': 0.9692307692307692, 'noise=0.2;missing=0.0': 0.8833333333333333, 'noise=0.2;missing=0.2': 0.8782051282051281}",0.8333333333333334,0.07894736842105263,18,6,34,2.176470588235294,0.4857142857142857,7,2.3125,4.02734375,0.46368243243243246,4.423009826461551,"{2: 28, 3: 6}",34,0.0,0.4789253920318127
0.9648237179487179,0.8666666666666667,0.9648237179487179,"{0.0: 1.0, 0.1: 0.9858974358974358, 0.2: 0.908573717948718}","{'noise=0.0;missing=0.0': 1.0, 'noise=0.0;missing=0.2': 1.0, 'noise=0.1;missing=0.0': 0.9833333333333333, 'noise=0.1;missing=0.2': 0.9884615384615384, 'noise=0.2;missing=0.0': 0.9145833333333333, 'noise=0.2;missing=0.2': 0.9025641025641025}",0.8859649122807017,0.043859649122807015,18,6,34,2.235294117647059,0.4857142857142857,7,2.375,3.234375,0.42105263157894735,4.503909915496424,"{2: 26, 3: 8}",34,0.0,0.4792878526410564
0.9622863247863247,0.85,0.9622863247863247,"{0.0: 1.0, 0.1: 0.9814102564102565, 0.2: 0.9054487179487178}","{'noise=0.0;missing=0.0': 1.0, 'noise=0.0;missing=0.2': 1.0, 'noise=0.1;missing=0.0': 0.9833333333333333, 'noise=0.1;missing=0.2': 0.9794871794871794, 'noise=0.2;missing=0.0': 0.9083333333333333, 'noise=0.2;missing=0.2': 0.9025641025641025}",0.868421052631579,0.05263157894736842,18,6,34,2.3823529411764706,0.4857142857142857,7,2.53125,2.9365234375,0.35223765432098764,4.6713137023812825,"{2: 23, 3: 9, 4: 2}",34,0.0,0.480400278079982
0.9561698717948717,0.8277777777777777,0.9561698717948717,"{0.0: 1.0, 0.1: 0.9862980769230769, 0.2: 0.8822115384615384}","{'noise=0.0;missing=0.0': 1.0, 'noise=0.0;missing=0.2': 1.0, 'noise=0.1;missing=0.0': 0.9854166666666667, 'noise=0.1;missing=0.2': 0.9871794871794871, 'noise=0.2;missing=0.0': 0.8708333333333333, 'noise=0.2;missing=0.2': 0.8935897435897436}",0.8333333333333334,0.05263157894736842,18,6,31,2.3225806451612905,0.44285714285714284,6,2.25,2.4375,0.3819444444444444,4.5996659733039555,"{2: 22, 3: 8, 4: 1}",31,0.0,0.43915791639236335
0.9554220085470084,0.8277777777777777,0.9554220085470084,"{0.0: 1.0, 0.1: 0.9852564102564102, 0.2: 0.8810096153846153}","{'noise=0.0;missing=0.0': 1.0, 'noise=0.0;missing=0.2': 1.0, 'noise=0.1;missing=0.0': 0.9833333333333333, 'noise=0.1;missing=0.2': 0.9871794871794871, 'noise=0.2;missing=0.0': 0.8645833333333334, 'noise=0.2;missing=0.2': 0.8974358974358975}",0.8421052631578947,0.06140350877192982,18,6,37,2.27027027027027,0.5285714285714286,6,2.625,2.671875,0.35267857142857145,4.643888596104736,"{2: 28, 3: 8, 4: 1}",37,2.0,0.5202065119966905
0.9636217948717947,0.85,0.9636217948717947,"{0.0: 1.0, 0.1: 0.9696314102564102, 0.2: 0.9212339743589743}","{'noise=0.0;missing=0.0': 1.0, 'noise=0.0;missing=0.2': 1.0, 'noise=0.1;missing=0.0': 0.9854166666666667, 'noise=0.1;missing=0.2': 0.9538461538461538, 'noise=0.2;missing=0.0': 0.9104166666666667, 'noise=0.2;missing=0.2': 0.932051282051282}",0.868421052631579,0.07017543859649122,18,6,31,2.3548387096774195,0.44285714285714284,6,2.28125,3.7021484375,0.4696061643835616,4.39472975296392,"{2: 21, 3: 9, 4: 1}",31,0.0,0.43956478743210986
0.959107905982906,0.8444444444444444,0.959107905982906,"{0.0: 1.0, 0.1: 0.9770032051282052, 0.2: 0.9003205128205128}","{'noise=0.0;missing=0.0': 1.0, 'noise=0.0;missing=0.2': 1.0, 'noise=0.1;missing=0.0': 0.9770833333333333, 'noise=0.1;missing=0.2': 0.9769230769230769, 'noise=0.2;missing=0.0': 0.875, 'noise=0.2;missing=0.2': 0.9256410256410257}",0.868421052631579,0.05263157894736842,18,6,31,2.096774193548387,0.44285714285714284,5,2.03125,2.1552734375,0.4043269230769231,4.506929452043564,"{2: 28, 3: 3}",31,0.0,0.43735924513454566
0.9563568376068377,0.8333333333333334,0.9563568376068377,"{0.0: 1.0, 0.1: 0.9852564102564102, 0.2: 0.8838141025641025}","{'noise=0.0;missing=0.0': 1.0, 'noise=0.0;missing=0.2': 1.0, 'noise=0.1;missing=0.0': 0.9833333333333333, 'noise=0.1;missing=0.2': 0.9871794871794871, 'noise=0.2;missing=0.0': 0.8625, 'noise=0.2;missing=0.2': 0.9051282051282051}",0.8508771929824561,0.043859649122807015,18,6,33,2.272727272727273,0.4714285714285714,9,2.34375,4.4755859375,0.46458333333333335,4.411779610831411,"{2: 24, 3: 9}",33,0.0,0.4661608556064471
0.9584668803418803,0.8388888888888889,0.9584668803418803,"{0.0: 1.0, 0.1: 0.9780448717948718, 0.2: 0.8973557692307692}","{'noise=0.0;missing=0.0': 1.0, 'noise=0.0;missing=0.2': 1.0, 'noise=0.1;missing=0.0': 0.9791666666666666, 'noise=0.1;missing=0.2': 0.9769230769230769, 'noise=0.2;missing=0.0': 0.8895833333333333, 'noise=0.2;missing=0.2': 0.9051282051282051}",0.8421052631578947,0.07017543859649122,18,6,36,2.3333333333333335,0.5142857142857142,6,2.625,3.234375,0.38913690476190477,4.5919299297166365,"{2: 26, 3: 8, 4: 2}",36,1.0,0.5071966411564626
0.956650641025641,0.8333333333333334,0.956650641025641,"{0.0: 1.0, 0.1: 0.9772435897435898, 0.2: 0.8927083333333333}","{'noise=0.0;missing=0.0': 1.0, 'noise=0.0;missing=0.2': 1.0, 'noise=0.1;missing=0.0': 0.9916666666666667, 'noise=0.1;missing=0.2': 0.9628205128205128, 'noise=0.2;missing=0.0': 0.86875, 'noise=0.2;missing=0.2': 0.9166666666666666}",0.8508771929824561,0.07017543859649122,18,6,34,2.264705882352941,0.4857142857142857,6,2.40625,3.1787109375,0.4159902597402597,4.527986911483577,"{2: 26, 3: 7, 4: 1}",34,0.0,0.47951081604516804
0.9583066239316238,0.8444444444444444,0.9583066239316238,"{0.0: 1.0, 0.1: 0.9824519230769231, 0.2: 0.8924679487179488}","{'noise=0.0;missing=0.0': 1.0, 'noise=0.0;missing=0.2': 1.0, 'noise=0.1;missing=0.0': 0.9854166666666667, 'noise=0.1;missing=0.2': 0.9794871794871794, 'noise=0.2;missing=0.0': 0.8875, 'noise=0.2;missing=0.2': 0.8974358974358976}",0.8508771929824561,0.05263157894736842,18,6,31,2.2903225806451615,0.44285714285714284,7,2.21875,3.2958984375,0.4467429577464789,4.474960282595039,"{2: 24, 3: 5, 4: 2}",31,0.0,0.4390110102760862
0.9574252136752136,0.8333333333333334,0.9574252136752136,"{0.0: 1.0, 0.1: 0.971073717948718, 0.2: 0.9012019230769232}","{'noise=0.0;missing=0.0': 1.0, 'noise=0.0;missing=0.2': 1.0, 'noise=0.1;missing=0.0': 0.9895833333333334, 'noise=0.1;missing=0.2': 0.9525641025641025, 'noise=0.2;missing=0.0': 0.9229166666666667, 'noise=0.2;missing=0.2': 0.8794871794871796}",0.8333333333333334,0.05263157894736842,18,6,34,2.3529411764705883,0.4857142857142857,6,2.5,2.8125,0.37578125,4.609017863924879,"{2: 24, 3: 8, 4: 2}",34,0.0,0.4801553121248499
0.9639423076923076,0.8611111111111112,0.9639423076923076,"{0.0: 1.0, 0.1: 0.9852564102564102, 0.2: 0.9065705128205128}","{'noise=0.0;missing=0.0': 1.0, 'noise=0.0;missing=0.2': 1.0, 'noise=0.1;missing=0.0': 0.9833333333333333, 'noise=0.1;missing=0.2': 0.9871794871794871, 'noise=0.2;missing=0.0': 0.9041666666666667, 'noise=0.2;missing=0.2': 0.908974358974359}",0.868421052631579,0.06140350877192982,18,6,36,2.2222222222222223,0.5142857142857142,6,2.5,3.125,0.39921875,4.552890051478965,"{2: 29, 3: 6, 4: 1}",36,1.0,0.5063151927437641
0.9615651709401709,0.85,0.9615651709401709,"{0.0: 1.0, 0.1: 0.9733974358974358, 0.2: 0.9112980769230768}","{'noise=0.0;missing=0.0': 1.0, 'noise=0.0;missing=0.2': 1.0, 'noise=0.1;missing=0.0': 0.9916666666666667, 'noise=0.1;missing=0.2': 0.9551282051282051, 'noise=0.2;missing=0.0': 0.9020833333333333, 'noise=0.2;missing=0.2': 0.9205128205128205}",0.868421052631579,0.043859649122807015,18,6,27,2.2222222222222223,0.38571428571428573,5,1.875,2.296875,0.4552083333333333,4.404574504151558,"{2: 21, 3: 6}",27,0.0,0.38407093253968255
0.9592681623931624,0.8444444444444444,0.9592681623931624,"{0.0: 1.0, 0.1: 0.9737179487179487, 0.2: 0.9040865384615384}","{'noise=0.0;missing=0.0': 1.0, 'noise=0.0;missing=0.2': 1.0, 'noise=0.1;missing=0.0': 0.9833333333333333, 'noise=0.1;missing=0.2': 0.964102564102564, 'noise=0.2;missing=0.0': 0.8979166666666667, 'noise=0.2;missing=0.2': 0.9102564102564104}",0.8771929824561403,0.06140350877192982,18,6,31,2.161290322580645,0.44285714285714284,7,2.09375,3.0849609375,0.46222014925373134,4.414668251441441,"{2: 26, 3: 5}",31,0.0,0.4379771166783245
0.9576655982905982,0.8388888888888889,0.9576655982905982,"{0.0: 1.0, 0.1: 0.9673076923076922, 0.2: 0.9056891025641025}","{'noise=0.0;missing=0.0': 1.0, 'noise=0.0;missing=0.2': 1.0, 'noise=0.1;missing=0.0': 0.9833333333333333, 'noise=0.1;missing=0.2': 0.9512820512820512, 'noise=0.2;missing=0.0': 0.8729166666666667, 'noise=0.2;missing=0.2': 0.9384615384615385}",0.868421052631579,0.043859649122807015,18,6,36,2.3333333333333335,0.5142857142857142,7,2.625,3.296875,0.38764880952380953,4.589935394013788,"{2: 25, 3: 10, 4: 1}",36,1.0,0.507204294217687
0.9642361111111111,0.8611111111111112,0.9642361111111111,"{0.0: 1.0, 0.1: 0.9775641025641025, 0.2: 0.9151442307692308}","{'noise=0.0;missing=0.0': 1.0, 'noise=0.0;missing=0.2': 1.0, 'noise=0.1;missing=0.0': 0.9833333333333333, 'noise=0.1;missing=0.2': 0.9717948717948718, 'noise=0.2;missing=0.0': 0.8854166666666666, 'noise=0.2;missing=0.2': 0.9448717948717948}",0.8859649122807017,0.05263157894736842,18,6,32,2.375,0.45714285714285713,7,2.375,3.359375,0.42269736842105265,4.520292974678484,"{2: 21, 3: 10, 4: 1}",32,0.0,0.45325175382653055
0.9630074786324785,0.85,0.9630074786324785,"{0.0: 1.0, 0.1: 0.9728365384615384, 0.2: 0.9161858974358974}","{'noise=0.0;missing=0.0': 1.0, 'noise=0.0;missing=0.2': 1.0, 'noise=0.1;missing=0.0': 0.9854166666666667, 'noise=0.1;missing=0.2': 0.9602564102564103, 'noise=0.2;missing=0.0': 0.9208333333333333, 'noise=0.2;missing=0.2': 0.9115384615384615}",0.8596491228070176,0.06140350877192982,18,6,36,2.3055555555555554,0.5142857142857142,9,2.59375,4.7412109375,0.4454066265060241,4.490272529468431,"{2: 27, 3: 7, 4: 2}",36,1.0,0.5071641377905327
0.9528579059829059,0.8277777777777777,0.9528579059829059,"{0.0: 1.0, 0.1: 0.9807692307692307, 0.2: 0.8778044871794871}","{'noise=0.0;missing=0.0': 1.0, 'noise=0.0;missing=0.2': 1.0, 'noise=0.1;missing=0.0': 0.9833333333333333, 'noise=0.1;missing=0.2': 0.9782051282051282, 'noise=0.2;missing=0.0': 0.88125, 'noise=0.2;missing=0.2': 0.8743589743589744}",0.8245614035087719,0.043859649122807015,18,6,33,2.3333333333333335,0.4714285714285714,7,2.40625,3.4287109375,0.42329545454545453,4.51685058765329,"{2: 23, 3: 9, 4: 1}",33,0.0,0.4665061516794218
0.9624732905982906,0.85,0.9624732905982906,"{0.0: 1.0, 0.1: 0.9769230769230769, 0.2: 0.9104967948717949}","{'noise=0.0;missing=0.0': 1.0, 'noise=0.0;missing=0.2': 1.0, 'noise=0.1;missing=0.0': 0.9833333333333333, 'noise=0.1;missing=0.2': 0.9705128205128204, 'noise=0.2;missing=0.0': 0.8979166666666667, 'noise=0.2;missing=0.2': 0.9230769230769231}",0.8508771929824561,0.05263157894736842,18,6,30,2.4,0.42857142857142855,7,2.25,2.3125,0.3541666666666667,4.67144839849883,"{2: 20, 3: 8, 4: 2}",30,0.0,0.42617602040816327
0.9608707264957265,0.8444444444444444,0.9608707264957265,"{0.0: 1.0, 0.1: 0.9776442307692307, 0.2: 0.9049679487179486}","{'noise=0.0;missing=0.0': 1.0, 'noise=0.0;missing=0.2': 1.0, 'noise=0.1;missing=0.0': 0.9770833333333333, 'noise=0.1;missing=0.2': 0.9782051282051282, 'noise=0.2;missing=0.0': 0.8791666666666667, 'noise=0.2;missing=0.2': 0.9307692307692308}",0.8596491228070176,0.07017543859649122,18,6,33,2.212121212121212,0.4714285714285714,5,2.28125,2.4521484375,0.3882705479452055,4.55478008715,"{2: 26, 3: 7}",33,0.0,0.46543960290081937
0.961431623931624,0.85,0.961431623931624,"{0.0: 1.0, 0.1: 0.9663461538461537, 0.2: 0.917948717948718}","{'noise=0.0;missing=0.0': 1.0, 'noise=0.0;missing=0.2': 1.0, 'noise=0.1;missing=0.0': 0.9916666666666667, 'noise=0.1;missing=0.2': 0.9410256410256411, 'noise=0.2;missing=0.0': 0.9166666666666666, 'noise=0.2;missing=0.2': 0.9192307692307692}",0.868421052631579,0.05263157894736842,18,6,31,2.2580645161290325,0.44285714285714284,7,2.1875,3.33984375,0.45089285714285715,4.424396318000477,"{2: 23, 3: 8}",31,0.0,0.43876437520572736
0.9598023504273504,0.85,0.9598023504273504,"{0.0: 1.0, 0.1: 0.9759615384615384, 0.2: 0.9034455128205129}","{'noise=0.0;missing=0.0': 1.0, 'noise=0.0;missing=0.2': 1.0, 'noise=0.1;missing=0.0': 0.9916666666666667, 'noise=0.1;missing=0.2': 0.9602564102564102, 'noise=0.2;missing=0.0': 0.88125, 'noise=0.2;missing=0.2': 0.9256410256410257}",0.868421052631579,0.043859649122807015,18,6,30,2.2666666666666666,0.42857142857142855,5,2.125,2.859375,0.45036764705882354,4.413220614309687,"{2: 23, 3: 6, 4: 1}",30,0.0,0.4252013180272109
0.9517895299145298,0.8166666666666667,0.9517895299145298,"{0.0: 1.0, 0.1: 0.9699519230769231, 0.2: 0.8854166666666666}","{'noise=0.0;missing=0.0': 1.0, 'noise=0.0;missing=0.2': 1.0, 'noise=0.1;missing=0.0': 0.9770833333333333, 'noise=0.1;missing=0.2': 0.9628205128205128, 'noise=0.2;missing=0.0': 0.8708333333333333, 'noise=0.2;missing=0.2': 0.9}",0.8421052631578947,0.05263157894736842,18,6,30,2.3333333333333335,0.42857142857142855,5,2.1875,2.40234375,0.4,4.556238246395614,"{2: 22, 3: 6, 4: 2}",30,0.0,0.42566618835034015
0.9593482905982906,0.8444444444444444,0.9593482905982906,"{0.0: 1.0, 0.1: 0.9776442307692307, 0.2: 0.900400641025641}","{'noise=0.0;missing=0.0': 1.0, 'noise=0.0;missing=0.2': 1.0, 'noise=0.1;missing=0.0': 0.9770833333333333, 'noise=0.1;missing=0.2': 0.9782051282051282, 'noise=0.2;missing=0.0': 0.9020833333333333, 'noise=0.2;missing=0.2': 0.8987179487179486}",0.8333333333333334,0.06140350877192982,18,6,37,2.2162162162162162,0.5285714285714286,7,2.5625,3.49609375,0.4108231707317073,4.5219482741909935,"{2: 29, 3: 8}",37,2.0,0.5198851394442912
0.9663728632478633,0.8611111111111112,0.9663728632478633,"{0.0: 1.0, 0.1: 0.9747596153846153, 0.2: 0.9243589743589743}","{'noise=0.0;missing=0.0': 1.0, 'noise=0.0;missing=0.2': 1.0, 'noise=0.1;missing=0.0': 0.9854166666666667, 'noise=0.1;missing=0.2': 0.9641025641025641, 'noise=0.2;missing=0.0': 0.9166666666666666, 'noise=0.2;missing=0.2': 0.932051282051282}",0.8771929824561403,0.05263157894736842,18,6,25,2.24,0.35714285714285715,4,1.75,1.6875,0.41517857142857145,4.458267868099842,"{2: 19, 3: 6}",25,0.0,0.3569923469387755
0.9527777777777777,0.8277777777777777,0.9527777777777777,"{0.0: 1.0, 0.1: 0.9824519230769231, 0.2: 0.8758814102564102}","{'noise=0.0;missing=0.0': 1.0, 'noise=0.0;missing=0.2': 1.0, 'noise=0.1;missing=0.0': 0.9854166666666667, 'noise=0.1;missing=0.2': 0.9794871794871794, 'noise=0.2;missing=0.0': 0.8645833333333334, 'noise=0.2;missing=0.2': 0.8871794871794872}",0.8508771929824561,0.05263157894736842,18,6,33,2.1515151515151514,0.4714285714285714,7,2.21875,3.2958984375,0.4555457746478873,4.4278479168493154,"{2: 28, 3: 5}",33,0.0,0.46506943437886517
0.9625534188034186,0.85,0.9625534188034186,"{0.0: 1.0, 0.1: 0.9733974358974358, 0.2: 0.9142628205128205}","{'noise=0.0;missing=0.0': 1.0, 'noise=0.0;missing=0.2': 1.0, 'noise=0.1;missing=0.0': 0.9916666666666667, 'noise=0.1;missing=0.2': 0.9551282051282051, 'noise=0.2;missing=0.0': 0.9041666666666667, 'noise=0.2;missing=0.2': 0.9243589743589743}",0.8596491228070176,0.05263157894736842,18,6,31,2.3870967741935485,0.44285714285714284,6,2.3125,2.33984375,0.36486486486486486,4.646981623158928,"{2: 21, 3: 8, 4: 2}",31,0.0,0.43964999074226463
0.9635149572649573,0.8555555555555555,0.9635149572649573,"{0.0: 1.0, 0.1: 0.9811698717948718, 0.2: 0.9093749999999999}","{'noise=0.0;missing=0.0': 1.0, 'noise=0.0;missing=0.2': 1.0, 'noise=0.1;missing=0.0': 0.9854166666666667, 'noise=0.1;missing=0.2': 0.9769230769230769, 'noise=0.2;missing=0.0': 0.9020833333333333, 'noise=0.2;missing=0.2': 0.9166666666666666}",0.8508771929824561,0.07017543859649122,18,6,31,2.2903225806451615,0.44285714285714284,5,2.21875,2.4208984375,0.3965669014084507,4.563784317615559,"{2: 23, 3: 7, 4: 1}",31,0.0,0.4389038674189433
0.9536324786324787,0.8333333333333334,0.9536324786324787,"{0.0: 1.0, 0.1: 0.9782051282051282, 0.2: 0.8826923076923077}","{'noise=0.0;missing=0.0': 1.0, 'noise=0.0;missing=0.2': 1.0, 'noise=0.1;missing=0.0': 0.9833333333333333, 'noise=0.1;missing=0.2': 0.973076923076923, 'noise=0.2;missing=0.0': 0.8833333333333333, 'noise=0.2;missing=0.2': 0.882051282051282}",0.8333333333333334,0.043859649122807015,18,6,29,2.206896551724138,0.4142857142857143,5,2.0,2.375,0.43359375,4.454783547037795,"{2: 23, 3: 6}",29,0.0,0.411103624208304
0.9635149572649573,0.8555555555555555,0.9635149572649573,"{0.0: 1.0, 0.1: 0.9811698717948718, 0.2: 0.9093749999999999}","{'noise=0.0;missing=0.0': 1.0, 'noise=0.0;missing=0.2': 1.0, 'noise=0.1;missing=0.0': 0.9854166666666667, 'noise=0.1;missing=0.2': 0.9769230769230769, 'noise=0.2;missing=0.0': 0.9020833333333333, 'noise=0.2;missing=0.2': 0.9166666666666666}",0.8508771929824561,0.07017543859649122,18,6,29,2.2413793103448274,0.4142857142857143,5,2.03125,2.0302734375,0.39375,4.566534113288599,"{2: 23, 3: 5, 4: 1}",29,0.0,0.4113308093442118
0.9560096153846153,0.8444444444444444,0.9560096153846153,"{0.0: 1.0, 0.1: 0.9832532051282051, 0.2: 0.884775641025641}","{'noise=0.0;missing=0.0': 1.0, 'noise=0.0;missing=0.2': 1.0, 'noise=0.1;missing=0.0': 0.9895833333333334, 'noise=0.1;missing=0.2': 0.9769230769230769, 'noise=0.2;missing=0.0': 0.8541666666666666, 'noise=0.2;missing=0.2': 0.9153846153846154}",0.8508771929824561,0.043859649122807015,18,6,32,2.34375,0.45714285714285713,5,2.34375,2.3505859375,0.37041666666666667,4.600643571316484,"{2: 23, 3: 7, 4: 2}",32,0.0,0.452884088010204
0.9671474358974359,0.8722222222222222,0.9671474358974359,"{0.0: 1.0, 0.1: 0.9824519230769231, 0.2: 0.9189903846153846}","{'noise=0.0;missing=0.0': 1.0, 'noise=0.0;missing=0.2': 1.0, 'noise=0.1;missing=0.0': 0.9854166666666667, 'noise=0.1;missing=0.2': 0.9794871794871794, 'noise=0.2;missing=0.0': 0.9020833333333333, 'noise=0.2;missing=0.2': 0.9358974358974359}",0.8771929824561403,0.05263157894736842,18,6,30,2.3,0.42857142857142855,6,2.15625,2.6318359375,0.41440217391304346,4.527964311474377,"{2: 23, 3: 5, 4: 2}",30,0.0,0.4254338727678571
0.9571047008547008,0.8388888888888889,0.9571047008547008,"{0.0: 1.0, 0.1: 0.9759615384615384, 0.2: 0.8953525641025641}","{'noise=0.0;missing=0.0': 1.0, 'noise=0.0;missing=0.2': 1.0, 'noise=0.1;missing=0.0': 0.9916666666666667, 'noise=0.1;missing=0.2': 0.9602564102564102, 'noise=0.2;missing=0.0': 0.8791666666666667, 'noise=0.2;missing=0.2': 0.9115384615384615}",0.8421052631578947,0.06140350877192982,18,6,32,2.1875,0.45714285714285713,6,2.1875,2.65234375,0.41875,4.505729581348615,"{2: 27, 3: 4, 4: 1}",32,0.0,0.4517003348214285
0.9615651709401709,0.85,0.9615651709401709,"{0.0: 1.0, 0.1: 0.9719551282051282, 0.2: 0.9127403846153846}","{'noise=0.0;missing=0.0': 1.0, 'noise=0.0;missing=0.2': 1.0, 'noise=0.1;missing=0.0': 0.9708333333333333, 'noise=0.1;missing=0.2': 0.9730769230769231, 'noise=0.2;missing=0.0': 0.90625, 'noise=0.2;missing=0.2': 0.9192307692307692}",0.8771929824561403,0.05263157894736842,18,6,32,2.25,0.45714285714285713,7,2.25,3.3125,0.4470486111111111,4.457421877190259,"{2: 24, 3: 8}",32,0.0,0.45226945153061215
0.9619925213675212,0.85,0.9619925213675212,"{0.0: 1.0, 0.1: 0.9702724358974357, 0.2: 0.9157051282051281}","{'noise=0.0;missing=0.0': 1.0, 'noise=0.0;missing=0.2': 1.0, 'noise=0.1;missing=0.0': 0.9854166666666667, 'noise=0.1;missing=0.2': 0.9551282051282051, 'noise=0.2;missing=0.0': 0.9083333333333333, 'noise=0.2;missing=0.2': 0.923076923076923}",0.868421052631579,0.05263157894736842,18,6,29,2.3448275862068964,0.4142857142857143,6,2.125,3.359375,0.47794117647058826,4.387125945032962,"{2: 20, 3: 8, 4: 1}",29,0.0,0.4123017461294863
0.9598023504273504,0.85,0.9598023504273504,"{0.0: 1.0, 0.1: 0.9759615384615384, 0.2: 0.9034455128205129}","{'noise=0.0;missing=0.0': 1.0, 'noise=0.0;missing=0.2': 1.0, 'noise=0.1;missing=0.0': 0.9916666666666667, 'noise=0.1;missing=0.2': 0.9602564102564102, 'noise=0.2;missing=0.0': 0.88125, 'noise=0.2;missing=0.2': 0.9256410256410257}",0.868421052631579,0.043859649122807015,18,6,33,2.3333333333333335,0.4714285714285714,6,2.40625,2.8662109375,0.39813311688311687,4.560835288275535,"{2: 24, 3: 7, 4: 2}",33,0.0,0.46643727412840136
0.9658386752136753,0.8611111111111112,0.9658386752136753,"{0.0: 1.0, 0.1: 0.9775641025641025, 0.2: 0.919951923076923}","{'noise=0.0;missing=0.0': 1.0, 'noise=0.0;missing=0.2': 1.0, 'noise=0.1;missing=0.0': 0.9833333333333333, 'noise=0.1;missing=0.2': 0.9717948717948718, 'noise=0.2;missing=0.0': 0.9270833333333334, 'noise=0.2;missing=0.2': 0.9128205128205128}",0.8771929824561403,0.05263157894736842,18,6,32,2.28125,0.45714285714285713,7,2.28125,3.2646484375,0.4310787671232877,4.504759752158174,"{2: 23, 3: 9}",32,0.0,0.4525077327806122
0.9653044871794871,0.8611111111111112,0.9653044871794871,"{0.0: 1.0, 0.1: 0.9900641025641026, 0.2: 0.9058493589743589}","{'noise=0.0;missing=0.0': 1.0, 'noise=0.0;missing=0.2': 1.0, 'noise=0.1;missing=0.0': 0.9916666666666667, 'noise=0.1;missing=0.2': 0.9884615384615384, 'noise=0.2;missing=0.0': 0.9104166666666667, 'noise=0.2;missing=0.2': 0.9012820512820512}",0.8771929824561403,0.06140350877192982,18,6,31,2.2580645161290325,0.44285714285714284,5,2.1875,2.65234375,0.4205357142857143,4.504671953903658,"{2: 24, 3: 6, 4: 1}",31,0.0,0.438680191532258
0.9533386752136752,0.8333333333333334,0.9533386752136752,"{0.0: 1.0, 0.1: 0.9858974358974358, 0.2: 0.8741185897435898}","{'noise=0.0;missing=0.0': 1.0, 'noise=0.0;missing=0.2': 1.0, 'noise=0.1;missing=0.0': 0.9833333333333333, 'noise=0.1;missing=0.2': 0.9884615384615384, 'noise=0.2;missing=0.0': 0.86875, 'noise=0.2;missing=0.2': 0.8794871794871795}",0.8421052631578947,0.043859649122807015,18,6,28,2.1785714285714284,0.4,6,1.90625,3.4599609375,0.53125,4.220839591271113,"{2: 23, 3: 5}",28,0.0,0.3974437579719388
0.961698717948718,0.8444444444444444,0.961698717948718,"{0.0: 1.0, 0.1: 0.9741185897435898, 0.2: 0.910977564102564}","{'noise=0.0;missing=0.0': 1.0, 'noise=0.0;missing=0.2': 1.0, 'noise=0.1;missing=0.0': 0.9854166666666667, 'noise=0.1;missing=0.2': 0.9628205128205127, 'noise=0.2;missing=0.0': 0.9104166666666667, 'noise=0.2;missing=0.2': 0.9115384615384615}",0.868421052631579,0.06140350877192982,18,6,32,2.3125,0.45714285714285713,6,2.3125,3.02734375,0.41807432432432434,4.48259247401865,"{2: 23, 3: 8, 4: 1}",32,0.0,0.4527228156887754
0.9601495726495728,0.8444444444444444,0.9601495726495728,"{0.0: 1.0, 0.1: 0.9680288461538462, 0.2: 0.9124198717948718}","{'noise=0.0;missing=0.0': 1.0, 'noise=0.0;missing=0.2': 1.0, 'noise=0.1;missing=0.0': 0.9770833333333333, 'noise=0.1;missing=0.2': 0.958974358974359, 'noise=0.2;missing=0.0': 0.8979166666666667, 'noise=0.2;missing=0.2': 0.9269230769230768}",0.868421052631579,0.05263157894736842,18,6,32,2.3125,0.45714285714285713,6,2.3125,3.15234375,0.43158783783783783,4.484470386010781,"{2: 22, 3: 10}",32,0.0,0.4527381218112244
0.9596688034188032,0.8388888888888889,0.9596688034188032,"{0.0: 1.0, 0.1: 0.9705929487179487, 0.2: 0.9084134615384616}","{'noise=0.0;missing=0.0': 1.0, 'noise=0.0;missing=0.2': 1.0, 'noise=0.1;missing=0.0': 0.9770833333333333, 'noise=0.1;missing=0.2': 0.964102564102564, 'noise=0.2;missing=0.0': 0.89375, 'noise=0.2;missing=0.2': 0.9230769230769231}",0.868421052631579,0.07017543859649122,18,6,39,2.2051282051282053,0.5571428571428572,7,2.6875,4.33984375,0.4375,4.479297424079244,"{2: 31, 3: 8}",39,4.0,0.547044687827054
0.9598023504273504,0.8444444444444444,0.9598023504273504,"{0.0: 1.0, 0.1: 0.9824519230769231, 0.2: 0.8969551282051282}","{'noise=0.0;missing=0.0': 1.0, 'noise=0.0;missing=0.2': 1.0, 'noise=0.1;missing=0.0': 0.9854166666666667, 'noise=0.1;missing=0.2': 0.9794871794871794, 'noise=0.2;missing=0.0': 0.8875, 'noise=0.2;missing=0.2': 0.9064102564102565}",0.8508771929824561,0.05263157894736842,18,6,32,2.34375,0.45714285714285713,7,2.34375,3.6630859375,0.4404166666666667,4.501286857794038,"{2: 23, 3: 7, 4: 2}",32,0.0,0.4530448022959183
0.9597756410256408,0.8444444444444444,0.9597756410256408,"{0.0: 1.0, 0.1: 0.9692307692307691, 0.2: 0.9100961538461537}","{'noise=0.0;missing=0.0': 1.0, 'noise=0.0;missing=0.2': 1.0, 'noise=0.1;missing=0.0': 0.9833333333333333, 'noise=0.1;missing=0.2': 0.9551282051282051, 'noise=0.2;missing=0.0': 0.9125, 'noise=0.2;missing=0.2': 0.9076923076923077}",0.868421052631579,0.043859649122807015,18,6,29,2.310344827586207,0.4142857142857143,5,2.09375,2.1474609375,0.39132462686567165,4.588571004492236,"{2: 22, 3: 5, 4: 2}",29,0.0,0.411883951937456
0.9577991452991453,0.8388888888888889,0.9577991452991453,"{0.0: 1.0, 0.1: 0.969551282051282, 0.2: 0.9038461538461537}","{'noise=0.0;missing=0.0': 1.0, 'noise=0.0;missing=0.2': 1.0, 'noise=0.1;missing=0.0': 0.975, 'noise=0.1;missing=0.2': 0.9641025641025641, 'noise=0.2;missing=0.0': 0.8666666666666667, 'noise=0.2;missing=0.2': 0.941025641025641}",0.868421052631579,0.043859649122807015,18,6,25,2.32,0.35714285714285715,5,1.8125,2.46484375,0.4816810344827586,4.358089297546693,"{2: 18, 3: 6, 4: 1}",25,0.0,0.35771253188775515
0.9545405982905982,0.8222222222222222,0.9545405982905982,"{0.0: 1.0, 0.1: 0.9702724358974357, 0.2: 0.893349358974359}","{'noise=0.0;missing=0.0': 1.0, 'noise=0.0;missing=0.2': 1.0, 'noise=0.1;missing=0.0': 0.9854166666666667, 'noise=0.1;missing=0.2': 0.9551282051282051, 'noise=0.2;missing=0.0': 0.86875, 'noise=0.2;missing=0.2': 0.917948717948718}",0.8333333333333334,0.06140350877192982,18,6,28,2.3214285714285716,0.4,6,2.03125,3.0302734375,0.4754807692307692,4.389858060129152,"{2: 20, 3: 7, 4: 1}",28,0.0,0.3985072146045918
0.9642361111111111,0.8555555555555555,0.9642361111111111,"{0.0: 1.0, 0.1: 0.9814102564102565, 0.2: 0.9112980769230768}","{'noise=0.0;missing=0.0': 1.0, 'noise=0.0;missing=0.2': 1.0, 'noise=0.1;missing=0.0': 0.9833333333333333, 'noise=0.1;missing=0.2': 0.9794871794871794, 'noise=0.2;missing=0.0': 0.91875, 'noise=0.2;missing=0.2': 0.9038461538461537}",0.8596491228070176,0.05263157894736842,18,6,33,2.393939393939394,0.4714285714285714,7,2.46875,2.6865234375,0.3516613924050633,4.6769515596325295,"{2: 22, 3: 9, 4: 2}",33,0.0,0.46688875642586575
0.9581730769230768,0.8444444444444444,0.9581730769230768,"{0.0: 1.0, 0.1: 0.9730769230769231, 0.2: 0.9014423076923077}","{'noise=0.0;missing=0.0': 1.0, 'noise=0.0;missing=0.2': 1.0, 'noise=0.1;missing=0.0': 0.9833333333333333, 'noise=0.1;missing=0.2': 0.9628205128205127, 'noise=0.2;missing=0.0': 0.8708333333333333, 'noise=0.2;missing=0.2': 0.932051282051282}",0.8596491228070176,0.043859649122807015,18,6,32,2.28125,0.45714285714285713,6,2.28125,3.0771484375,0.4353595890410959,4.4622473816409105,"{2: 24, 3: 7, 4: 1}",32,0.0,0.4524847735969387
0.9570512820512821,0.85,0.9570512820512821,"{0.0: 1.0, 0.1: 0.9858974358974358, 0.2: 0.8852564102564102}","{'noise=0.0;missing=0.0': 1.0, 'noise=0.0;missing=0.2': 1.0, 'noise=0.1;missing=0.0': 0.9833333333333333, 'noise=0.1;missing=0.2': 0.9884615384615384, 'noise=0.2;missing=0.0': 0.8833333333333333, 'noise=0.2;missing=0.2': 0.8871794871794871}",0.8508771929824561,0.03508771929824561,18,6,28,2.2142857142857144,0.4,5,1.9375,2.43359375,0.45161290322580644,4.434215165910625,"{2: 22, 3: 6}",28,0.0,0.39759709821428574
0.964369658119658,0.8611111111111112,0.964369658119658,"{0.0: 1.0, 0.1: 0.9733974358974359, 0.2: 0.9197115384615384}","{'noise=0.0;missing=0.0': 1.0, 'noise=0.0;missing=0.2': 1.0, 'noise=0.1;missing=0.0': 0.975, 'noise=0.1;missing=0.2': 0.9717948717948718, 'noise=0.2;missing=0.0': 0.9125, 'noise=0.2;missing=0.2': 0.9269230769230768}",0.8947368421052632,0.043859649122807015,18,6,29,2.2413793103448274,0.4142857142857143,5,2.03125,2.7802734375,0.46298076923076925,4.364696952076849,"{2: 22, 3: 7}",29,0.0,0.41142264607890566
0.9668536324786324,0.8666666666666667,0.9668536324786324,"{0.0: 1.0, 0.1: 0.977323717948718, 0.2: 0.9232371794871795}","{'noise=0.0;missing=0.0': 1.0, 'noise=0.0;missing=0.2': 1.0, 'noise=0.1;missing=0.0': 0.9854166666666667, 'noise=0.1;missing=0.2': 0.9692307692307693, 'noise=0.2;missing=0.0': 0.9208333333333333, 'noise=0.2;missing=0.2': 0.9256410256410257}",0.8771929824561403,0.05263157894736842,18,6,31,2.3225806451612905,0.44285714285714284,8,2.25,3.0625,0.4175347222222222,4.51862148769813,"{2: 23, 3: 6, 4: 2}",31,0.0,0.43923444700460823
0.9636217948717948,0.8555555555555555,0.9636217948717948,"{0.0: 1.0, 0.1: 0.9818108974358974, 0.2: 0.9090544871794871}","{'noise=0.0;missing=0.0': 1.0, 'noise=0.0;missing=0.2': 1.0, 'noise=0.1;missing=0.0': 0.9854166666666667, 'noise=0.1;missing=0.2': 0.9782051282051282, 'noise=0.2;missing=0.0': 0.89375, 'noise=0.2;missing=0.2': 0.9243589743589743}",0.868421052631579,0.07894736842105263,18,6,32,2.28125,0.45714285714285713,6,2.28125,2.7646484375,0.4053938356164384,4.549786553223969,"{2: 24, 3: 7, 4: 1}",32,0.0,0.4524465082908163
0.960443376068376,0.85,0.960443376068376,"{0.0: 1.0, 0.1: 0.9772435897435898, 0.2: 0.9040865384615384}","{'noise=0.0;missing=0.0': 1.0, 'noise=0.0;missing=0.2': 1.0, 'noise=0.1;missing=0.0': 0.9916666666666667, 'noise=0.1;missing=0.2': 0.9628205128205127, 'noise=0.2;missing=0.0': 0.88125, 'noise=0.2;missing=0.2': 0.926923076923077}",0.868421052631579,0.043859649122807015,18,6,29,2.2758620689655173,0.4142857142857143,5,2.0625,2.68359375,0.44886363636363635,4.417754021838888,"{2: 22, 3: 6, 4: 1}",29,0.0,0.41168020430154817
0.9623130341880343,0.85,0.9623130341880343,"{0.0: 1.0, 0.1: 0.9747596153846153, 0.2: 0.9121794871794872}","{'noise=0.0;missing=0.0': 1.0, 'noise=0.0;missing=0.2': 1.0, 'noise=0.1;missing=0.0': 0.9854166666666667, 'noise=0.1;missing=0.2': 0.9641025641025641, 'noise=0.2;missing=0.0': 0.9, 'noise=0.2;missing=0.2': 0.9243589743589744}",0.868421052631579,0.05263157894736842,18,6,26,2.230769230769231,0.37142857142857144,5,1.8125,1.90234375,0.4213362068965517,4.4456809434338656,"{2: 20, 3: 6}",26,0.0,0.37051796752354793
0.9559561965811965,0.8333333333333334,0.9559561965811965,"{0.0: 1.0, 0.1: 0.9778846153846154, 0.2: 0.8899839743589745}","{'noise=0.0;missing=0.0': 1.0, 'noise=0.0;missing=0.2': 1.0, 'noise=0.1;missing=0.0': 0.9916666666666667, 'noise=0.1;missing=0.2': 0.964102564102564, 'noise=0.2;missing=0.0': 0.88125, 'noise=0.2;missing=0.2': 0.8987179487179486}",0.8508771929824561,0.05263157894736842,18,6,27,2.2222222222222223,0.38571428571428573,5,1.875,2.109375,0.4354166666666667,4.458659712448834,"{2: 21, 3: 6}",27,0.0,0.3840479733560091
0.9534188034188033,0.8166666666666667,0.9534188034188033,"{0.0: 1.0, 0.1: 0.9647435897435896, 0.2: 0.8955128205128204}","{'noise=0.0;missing=0.0': 1.0, 'noise=0.0;missing=0.2': 1.0, 'noise=0.1;missing=0.0': 0.9833333333333333, 'noise=0.1;missing=0.2': 0.9461538461538462, 'noise=0.2;missing=0.0': 0.8666666666666667, 'noise=0.2;missing=0.2': 0.9243589743589743}",0.8333333333333334,0.06140350877192982,18,6,33,2.303030303030303,0.4714285714285714,7,2.375,2.296875,0.34539473684210525,4.668254981228964,"{2: 25, 3: 6, 4: 2}",33,0.0,0.4661308170995671
0.953659188034188,0.8222222222222222,0.953659188034188,"{0.0: 1.0, 0.1: 0.9747596153846153, 0.2: 0.8862179487179487}","{'noise=0.0;missing=0.0': 1.0, 'noise=0.0;missing=0.2': 1.0, 'noise=0.1;missing=0.0': 0.9854166666666667, 'noise=0.1;missing=0.2': 0.9641025641025641, 'noise=0.2;missing=0.0': 0.8583333333333333, 'noise=0.2;missing=0.2': 0.9141025641025641}",0.8421052631578947,0.06140350877192982,18,6,25,2.2,0.35714285714285715,6,1.71875,2.3896484375,0.49375,4.289739713209973,"{2: 20, 3: 5}",25,0.0,0.3567658242984694
0.9575320512820512,0.8388888888888889,0.9575320512820512,"{0.0: 1.0, 0.1: 0.9650641025641025, 0.2: 0.9075320512820514}","{'noise=0.0;missing=0.0': 1.0, 'noise=0.0;missing=0.2': 1.0, 'noise=0.1;missing=0.0': 0.975, 'noise=0.1;missing=0.2': 0.9551282051282051, 'noise=0.2;missing=0.0': 0.8791666666666667, 'noise=0.2;missing=0.2': 0.9358974358974359}",0.868421052631579,0.05263157894736842,18,6,29,2.2413793103448274,0.4142857142857143,6,2.03125,2.8427734375,0.4600961538461538,4.410550028866789,"{2: 23, 3: 5, 4: 1}",29,0.0,0.4114302991401302
0.960977564102564,0.85,0.960977564102564,"{0.0: 1.0, 0.1: 0.9775641025641025, 0.2: 0.9053685897435897}","{'noise=0.0;missing=0.0': 1.0, 'noise=0.0;missing=0.2': 1.0, 'noise=0.1;missing=0.0': 0.9833333333333333, 'noise=0.1;missing=0.2': 0.9717948717948718, 'noise=0.2;missing=0.0': 0.8979166666666667, 'noise=0.2;missing=0.2': 0.9128205128205128}",0.8859649122807017,0.05263157894736842,18,6,34,2.2058823529411766,0.4857142857142857,7,2.34375,3.9755859375,0.46875,4.421286857794039,"{2: 27, 3: 7}",34,0.0,0.47914883375225087
0.9649572649572649,0.8611111111111112,0.9649572649572649,"{0.0: 1.0, 0.1: 0.9766826923076922, 0.2: 0.9181891025641026}","{'noise=0.0;missing=0.0': 1.0, 'noise=0.0;missing=0.2': 1.0, 'noise=0.1;missing=0.0': 0.9854166666666667, 'noise=0.1;missing=0.2': 0.967948717948718, 'noise=0.2;missing=0.0': 0.9145833333333333, 'noise=0.2;missing=0.2': 0.9217948717948717}",0.8421052631578947,0.06140350877192982,18,6,27,2.259259259259259,0.38571428571428573,5,1.90625,2.0849609375,0.42161885245901637,4.500272075822208,"{2: 22, 3: 3, 4: 2}",27,0.0,0.3843343357308201
0.9578792735042735,0.8388888888888889,0.9578792735042735,"{0.0: 1.0, 0.1: 0.9737179487179487, 0.2: 0.8999198717948718}","{'noise=0.0;missing=0.0': 1.0, 'noise=0.0;missing=0.2': 1.0, 'noise=0.1;missing=0.0': 0.9833333333333333, 'noise=0.1;missing=0.2': 0.964102564102564, 'noise=0.2;missing=0.0': 0.8895833333333333, 'noise=0.2;missing=0.2': 0.9102564102564104}",0.868421052631579,0.06140350877192982,18,6,32,2.15625,0.45714285714285713,7,2.15625,3.3818359375,0.4696557971014493,4.401416486606852,"{2: 27, 3: 5}",32,0.0,0.4515455197704081
0.9607371794871794,0.85,0.9607371794871794,"{0.0: 1.0, 0.1: 0.9858974358974358, 0.2: 0.8963141025641026}","{'noise=0.0;missing=0.0': 1.0, 'noise=0.0;missing=0.2': 1.0, 'noise=0.1;missing=0.0': 0.9833333333333333, 'noise=0.1;missing=0.2': 0.9884615384615384, 'noise=0.2;missing=0.0': 0.8875, 'noise=0.2;missing=0.2': 0.9051282051282051}",0.8596491228070176,0.05263157894736842,18,6,34,2.2941176470588234,0.4857142857142857,6,2.4375,2.87109375,0.390224358974359,4.571956827942447,"{2: 25, 3: 8, 4: 1}",34,0.0,0.4797029280462185
0.9621260683760683,0.85,0.9621260683760683,"{0.0: 1.0, 0.1: 0.9737179487179487, 0.2: 0.9126602564102565}","{'noise=0.0;missing=0.0': 1.0, 'noise=0.0;missing=0.2': 1.0, 'noise=0.1;missing=0.0': 0.9833333333333333, 'noise=0.1;missing=0.2': 0.964102564102564, 'noise=0.2;missing=0.0': 0.8958333333333334, 'noise=0.2;missing=0.2': 0.9294871794871795}",0.868421052631579,0.05263157894736842,18,6,32,2.25,0.45714285714285713,6,2.25,2.5,0.3897569444444444,4.539047529184507,"{2: 24, 3: 8}",32,0.0,0.4521699617346938
0.9606837606837606,0.8388888888888889,0.9606837606837606,"{0.0: 1.0, 0.1: 0.9702724358974357, 0.2: 0.911778846153846}","{'noise=0.0;missing=0.0': 1.0, 'noise=0.0;missing=0.2': 1.0, 'noise=0.1;missing=0.0': 0.9854166666666667, 'noise=0.1;missing=0.2': 0.9551282051282051, 'noise=0.2;missing=0.0': 0.8979166666666667, 'noise=0.2;missing=0.2': 0.9256410256410256}",0.8508771929824561,0.07894736842105263,18,6,29,2.3448275862068964,0.4142857142857143,6,2.125,3.359375,0.4797794117647059,4.378448144065566,"{2: 20, 3: 8, 4: 1}",29,0.0,0.4123017461294863
0.9649839743589742,0.8555555555555555,0.9649839743589742,"{0.0: 1.0, 0.1: 0.9696314102564102, 0.2: 0.9253205128205129}","{'noise=0.0;missing=0.0': 1.0, 'noise=0.0;missing=0.2': 1.0, 'noise=0.1;missing=0.0': 0.9854166666666667, 'noise=0.1;missing=0.2': 0.9538461538461539, 'noise=0.2;missing=0.0': 0.9083333333333333, 'noise=0.2;missing=0.2': 0.9423076923076923}",0.8771929824561403,0.06140350877192982,18,6,32,2.3125,0.45714285714285713,6,2.3125,2.52734375,0.38513513513513514,4.581027778277357,"{2: 24, 3: 6, 4: 2}",32,0.0,0.45266159119897953
0.9559294871794871,0.8277777777777777,0.9559294871794871,"{0.0: 1.0, 0.1: 0.9740384615384615, 0.2: 0.89375}","{'noise=0.0;missing=0.0': 1.0, 'noise=0.0;missing=0.2': 1.0, 'noise=0.1;missing=0.0': 0.975, 'noise=0.1;missing=0.2': 0.973076923076923, 'noise=0.2;missing=0.0': 0.8875, 'noise=0.2;missing=0.2': 0.9}",0.8245614035087719,0.06140350877192982,18,6,23,2.217391304347826,0.32857142857142857,4,1.59375,1.8037109375,0.4699754901960784,4.3583165182723995,"{2: 18, 3: 5}",23,0.0,0.32968708927185003
0.9598557692307692,0.8444444444444444,0.9598557692307692,"{0.0: 1.0, 0.1: 0.9682692307692307, 0.2: 0.9112980769230768}","{'noise=0.0;missing=0.0': 1.0, 'noise=0.0;missing=0.2': 1.0, 'noise=0.1;missing=0.0': 0.9916666666666667, 'noise=0.1;missing=0.2': 0.9448717948717948, 'noise=0.2;missing=0.0': 0.9020833333333333, 'noise=0.2;missing=0.2': 0.9205128205128205}",0.8596491228070176,0.043859649122807015,18,6,29,2.2413793103448274,0.4142857142857143,6,2.03125,2.8427734375,0.46298076923076925,4.414621759735872,"{2: 22, 3: 7}",29,0.0,0.4114302991401302
0.9528311965811966,0.8222222222222222,0.9528311965811966,"{0.0: 1.0, 0.1: 0.9685897435897436, 0.2: 0.8899038461538461}","{'noise=0.0;missing=0.0': 1.0, 'noise=0.0;missing=0.2': 1.0, 'noise=0.1;missing=0.0': 0.9833333333333333, 'noise=0.1;missing=0.2': 0.9538461538461539, 'noise=0.2;missing=0.0': 0.8875, 'noise=0.2;missing=0.2': 0.8923076923076924}",0.8421052631578947,0.043859649122807015,18,6,32,2.34375,0.45714285714285713,7,2.34375,3.0380859375,0.3954166666666667,4.589462565155201,"{2: 23, 3: 7, 4: 2}",32,0.0,0.45296827168367343
0.9533920940170939,0.8222222222222222,0.9533920940170939,"{0.0: 1.0, 0.1: 0.969551282051282, 0.2: 0.890625}","{'noise=0.0;missing=0.0': 1.0, 'noise=0.0;missing=0.2': 1.0, 'noise=0.1;missing=0.0': 0.975, 'noise=0.1;missing=0.2': 0.964102564102564, 'noise=0.2;missing=0.0': 0.88125, 'noise=0.2;missing=0.2': 0.9}",0.8245614035087719,0.05263157894736842,18,6,22,2.227272727272727,0.3142857142857143,4,1.53125,1.6865234375,0.4725765306122449,4.354007037771996,"{2: 17, 3: 5}",22,0.0,0.31617850982722634
0.9652777777777778,0.8555555555555555,0.9652777777777778,"{0.0: 1.0, 0.1: 0.9734775641025641, 0.2: 0.9223557692307692}","{'noise=0.0;missing=0.0': 1.0, 'noise=0.0;missing=0.2': 1.0, 'noise=0.1;missing=0.0': 0.9854166666666667, 'noise=0.1;missing=0.2': 0.9615384615384616, 'noise=0.2;missing=0.0': 0.9229166666666667, 'noise=0.2;missing=0.2': 0.9217948717948719}",0.8771929824561403,0.07017543859649122,18,6,30,2.2333333333333334,0.42857142857142855,4,2.09375,1.7099609375,0.34841417910447764,4.662520533483029,"{2: 24, 3: 5, 4: 1}",30,0.0,0.4248001567814626
0.9609241452991454,0.85,0.9609241452991454,"{0.0: 1.0, 0.1: 0.9747596153846153, 0.2: 0.9080128205128204}","{'noise=0.0;missing=0.0': 1.0, 'noise=0.0;missing=0.2': 1.0, 'noise=0.1;missing=0.0': 0.9854166666666667, 'noise=0.1;missing=0.2': 0.9641025641025641, 'noise=0.2;missing=0.0': 0.875, 'noise=0.2;missing=0.2': 0.941025641025641}",0.8771929824561403,0.043859649122807015,18,6,28,2.2857142857142856,0.4,5,2.0,2.8125,0.4716796875,4.377367633875558,"{2: 21, 3: 6, 4: 1}",28,0.0,0.3982015306122449
0.9520566239316238,0.8222222222222222,0.9520566239316238,"{0.0: 1.0, 0.1: 0.9737179487179487, 0.2: 0.8824519230769231}","{'noise=0.0;missing=0.0': 1.0, 'noise=0.0;missing=0.2': 1.0, 'noise=0.1;missing=0.0': 0.9833333333333333, 'noise=0.1;missing=0.2': 0.964102564102564, 'noise=0.2;missing=0.0': 0.8854166666666666, 'noise=0.2;missing=0.2': 0.8794871794871796}",0.8596491228070176,0.06140350877192982,18,6,32,2.1875,0.45714285714285713,7,2.1875,3.08984375,0.4375,4.492921053459476,"{2: 26, 3: 6}",32,0.0,0.45175390624999995
0.967761752136752,0.8722222222222222,0.967761752136752,"{0.0: 1.0, 0.1: 0.9852564102564102, 0.2: 0.9180288461538461}","{'noise=0.0;missing=0.0': 1.0, 'noise=0.0;missing=0.2': 1.0, 'noise=0.1;missing=0.0': 0.9833333333333333, 'noise=0.1;missing=0.2': 0.9871794871794871, 'noise=0.2;missing=0.0': 0.9270833333333334, 'noise=0.2;missing=0.2': 0.908974358974359}",0.8771929824561403,0.06140350877192982,18,6,29,2.1724137931034484,0.4142857142857143,6,1.96875,2.9677734375,0.48759920634920634,4.330476654264132,"{2: 24, 3: 5}",29,0.0,0.4109068121591309
0.965090811965812,0.8611111111111112,0.965090811965812,"{0.0: 1.0, 0.1: 0.9731570512820513, 0.2: 0.9221153846153847}","{'noise=0.0;missing=0.0': 1.0, 'noise=0.0;missing=0.2': 1.0, 'noise=0.1;missing=0.0': 0.9770833333333333, 'noise=0.1;missing=0.2': 0.9692307692307693, 'noise=0.2;missing=0.0': 0.9083333333333333, 'noise=0.2;missing=0.2': 0.9358974358974359}",0.868421052631579,0.05263157894736842,18,6,32,2.3125,0.45714285714285713,7,2.3125,3.02734375,0.41385135135135137,4.533032927138258,"{2: 24, 3: 6, 4: 2}",32,0.0,0.4527228156887754
0.9630608974358975,0.85,0.9630608974358975,"{0.0: 1.0, 0.1: 0.9775641025641025, 0.2: 0.9116185897435897}","{'noise=0.0;missing=0.0': 1.0, 'noise=0.0;missing=0.2': 1.0, 'noise=0.1;missing=0.0': 0.9833333333333333, 'noise=0.1;missing=0.2': 0.9717948717948718, 'noise=0.2;missing=0.0': 0.9104166666666667, 'noise=0.2;missing=0.2': 0.9128205128205128}",0.868421052631579,0.06140350877192982,18,6,31,2.2580645161290325,0.44285714285714284,6,2.1875,2.96484375,0.4348214285714286,4.482734717428089,"{2: 23, 3: 8}",31,0.0,0.43871845683838046
0.9619391025641025,0.85,0.9619391025641025,"{0.0: 1.0, 0.1: 0.9686698717948717, 0.2: 0.9171474358974359}","{'noise=0.0;missing=0.0': 1.0, 'noise=0.0;missing=0.2': 1.0, 'noise=0.1;missing=0.0': 0.9770833333333333, 'noise=0.1;missing=0.2': 0.9602564102564103, 'noise=0.2;missing=0.0': 0.8958333333333334, 'noise=0.2;missing=0.2': 0.9384615384615385}",0.8508771929824561,0.06140350877192982,18,6,35,2.4,0.5,9,2.625,4.109375,0.39732142857142855,4.5974584231298525,"{2: 23, 3: 10, 4: 2}",35,0.0,0.49425318877551017
0.9545138888888889,0.8222222222222222,0.9545138888888889,"{0.0: 1.0, 0.1: 0.9741185897435897, 0.2: 0.8894230769230769}","{'noise=0.0;missing=0.0': 1.0, 'noise=0.0;missing=0.2': 1.0, 'noise=0.1;missing=0.0': 0.9854166666666667, 'noise=0.1;missing=0.2': 0.9628205128205127, 'noise=0.2;missing=0.0': 0.875, 'noise=0.2;missing=0.2': 0.9038461538461539}",0.8245614035087719,0.06140350877192982,18,6,22,2.227272727272727,0.3142857142857143,4,1.53125,1.6240234375,0.46237244897959184,4.369412905163088,"{2: 17, 3: 5}",22,0.0,0.3161708567660018
0.9626869658119658,0.8555555555555555,0.9626869658119658,"{0.0: 1.0, 0.1: 0.977323717948718, 0.2: 0.9107371794871796}","{'noise=0.0;missing=0.0': 1.0, 'noise=0.0;missing=0.2': 1.0, 'noise=0.1;missing=0.0': 0.9854166666666667, 'noise=0.1;missing=0.2': 0.9692307692307693, 'noise=0.2;missing=0.0': 0.9125, 'noise=0.2;missing=0.2': 0.908974358974359}",0.8771929824561403,0.05263157894736842,18,6,28,2.357142857142857,0.4,6,2.0625,2.24609375,0.4015151515151515,4.553430058844696,"{2: 20, 3: 6, 4: 2}",28,0.0,0.3986902104591837
0.9524572649572649,0.8277777777777777,0.9524572649572649,"{0.0: 1.0, 0.1: 0.9778846153846154, 0.2: 0.8794871794871795}","{'noise=0.0;missing=0.0': 1.0, 'noise=0.0;missing=0.2': 1.0, 'noise=0.1;missing=0.0': 0.9916666666666667, 'noise=0.1;missing=0.2': 0.964102564102564, 'noise=0.2;missing=0.0': 0.85, 'noise=0.2;missing=0.2': 0.9089743589743589}",0.8333333333333334,0.043859649122807015,18,6,29,2.3448275862068964,0.4142857142857143,6,2.125,2.796875,0.43566176470588236,4.497563812743652,"{2: 21, 3: 6, 4: 2}",29,0.0,0.41223286857846586
0.9595886752136751,0.8444444444444444,0.9595886752136751,"{0.0: 1.0, 0.1: 0.9730769230769231, 0.2: 0.9056891025641025}","{'noise=0.0;missing=0.0': 1.0, 'noise=0.0;missing=0.2': 1.0, 'noise=0.1;missing=0.0': 0.9833333333333333, 'noise=0.1;missing=0.2': 0.9628205128205127, 'noise=0.2;missing=0.0': 0.8729166666666667, 'noise=0.2;missing=0.2': 0.9384615384615385}",0.8771929824561403,0.043859649122807015,18,6,30,2.3,0.42857142857142855,6,2.15625,3.0068359375,0.45153985507246375,4.436665812773947,"{2: 22, 3: 7, 4: 1}",30,0.0,0.42547979113520407
0.9626602564102563,0.85,0.9626602564102563,"{0.0: 1.0, 0.1: 0.9733974358974358, 0.2: 0.9145833333333332}","{'noise=0.0;missing=0.0': 1.0, 'noise=0.0;missing=0.2': 1.0, 'noise=0.1;missing=0.0': 0.9916666666666667, 'noise=0.1;missing=0.2': 0.9551282051282051, 'noise=0.2;missing=0.0': 0.9125, 'noise=0.2;missing=0.2': 0.9166666666666665}",0.8508771929824561,0.07017543859649122,18,6,27,2.2222222222222223,0.38571428571428573,6,1.875,3.296875,0.53125,4.200163462376718,"{2: 21, 3: 6}",27,0.0,0.3841933815192744
0.9649305555555555,0.8611111111111112,0.9649305555555555,"{0.0: 1.0, 0.1: 0.9734775641025641, 0.2: 0.9213141025641026}","{'noise=0.0;missing=0.0': 1.0, 'noise=0.0;missing=0.2': 1.0, 'noise=0.1;missing=0.0': 0.9854166666666667, 'noise=0.1;missing=0.2': 0.9615384615384616, 'noise=0.2;missing=0.0': 0.9041666666666667, 'noise=0.2;missing=0.2': 0.9384615384615385}",0.8859649122807017,0.05263157894736842,18,6,29,2.310344827586207,0.4142857142857143,7,2.09375,2.9599609375,0.42024253731343286,4.503595953232987,"{2: 21, 3: 7, 4: 1}",29,0.0,0.41198344173337437
0.9575587606837606,0.8444444444444444,0.9575587606837606,"{0.0: 1.0, 0.1: 0.9762019230769231, 0.2: 0.896474358974359}","{'noise=0.0;missing=0.0': 1.0, 'noise=0.0;missing=0.2': 1.0, 'noise=0.1;missing=0.0': 0.9729166666666667, 'noise=0.1;missing=0.2': 0.9794871794871794, 'noise=0.2;missing=0.0': 0.875, 'noise=0.2;missing=0.2': 0.917948717948718}",0.8421052631578947,0.05263157894736842,18,6,24,2.2083333333333335,0.34285714285714286,5,1.65625,1.9755859375,0.4699292452830189,4.357558369976583,"{2: 20, 3: 3, 4: 1}",24,0.0,0.34320879836309526
0.9613247863247862,0.85,0.9613247863247862,"{0.0: 1.0, 0.1: 0.9730769230769231, 0.2: 0.9108974358974359}","{'noise=0.0;missing=0.0': 1.0, 'noise=0.0;missing=0.2': 1.0, 'noise=0.1;missing=0.0': 0.9833333333333333, 'noise=0.1;missing=0.2': 0.9628205128205127, 'noise=0.2;missing=0.0': 0.8833333333333333, 'noise=0.2;missing=0.2': 0.9384615384615385}",0.8771929824561403,0.043859649122807015,18,6,30,2.3333333333333335,0.42857142857142855,6,2.1875,2.90234375,0.43660714285714286,4.481308067855091,"{2: 21, 3: 8, 4: 1}",30,0.0,0.42572741284013604
0.9587873931623931,0.85,0.9587873931623931,"{0.0: 1.0, 0.1: 0.9858974358974358, 0.2: 0.8904647435897436}","{'noise=0.0;missing=0.0': 1.0, 'noise=0.0;missing=0.2': 1.0, 'noise=0.1;missing=0.0': 0.9833333333333333, 'noise=0.1;missing=0.2': 0.9884615384615384, 'noise=0.2;missing=0.0': 0.89375, 'noise=0.2;missing=0.2': 0.8871794871794871}",0.8596491228070176,0.043859649122807015,18,6,33,2.242424242424242,0.4714285714285714,7,2.3125,3.33984375,0.4391891891891892,4.472354210980513,"{2: 25, 3: 8}",33,0.0,0.4657850427102659
0.9543002136752137,0.8222222222222222,0.9543002136752137,"{0.0: 1.0, 0.1: 0.9615384615384616, 0.2: 0.9013621794871794}","{'noise=0.0;missing=0.0': 1.0, 'noise=0.0;missing=0.2': 1.0, 'noise=0.1;missing=0.0': 0.9666666666666667, 'noise=0.1;missing=0.2': 0.9564102564102563, 'noise=0.2;missing=0.0': 0.8770833333333333, 'noise=0.2;missing=0.2': 0.9256410256410257}",0.8421052631578947,0.05263157894736842,18,6,26,2.3076923076923075,0.37142857142857144,5,1.875,2.796875,0.49270833333333336,4.330167946706389,"{2: 19, 3: 6, 4: 1}",26,0.0,0.3712284635007849
0.9554754273504272,0.8277777777777777,0.9554754273504272,"{0.0: 1.0, 0.1: 0.969551282051282, 0.2: 0.896875}","{'noise=0.0;missing=0.0': 1.0, 'noise=0.0;missing=0.2': 1.0, 'noise=0.1;missing=0.0': 0.975, 'noise=0.1;missing=0.2': 0.964102564102564, 'noise=0.2;missing=0.0': 0.89375, 'noise=0.2;missing=0.2': 0.9}",0.8245614035087719,0.06140350877192982,18,6,23,2.217391304347826,0.32857142857142857,5,1.59375,1.9912109375,0.4883578431372549,4.3267549403422665,"{2: 18, 3: 5}",23,0.0,0.3297100484555235
0.9603098290598291,0.8444444444444444,0.9603098290598291,"{0.0: 1.0, 0.1: 0.9621794871794871, 0.2: 0.91875}","{'noise=0.0;missing=0.0': 1.0, 'noise=0.0;missing=0.2': 1.0, 'noise=0.1;missing=0.0': 0.9833333333333333, 'noise=0.1;missing=0.2': 0.9410256410256411, 'noise=0.2;missing=0.0': 0.9041666666666667, 'noise=0.2;missing=0.2': 0.9333333333333333}",0.8508771929824561,0.05263157894736842,18,6,33,2.242424242424242,0.4714285714285714,7,2.3125,3.40234375,0.43243243243243246,4.456661515592268,"{2: 25, 3: 8}",33,0.0,0.4657926957714904
0.9601228632478631,0.85,0.9601228632478631,"{0.0: 1.0, 0.1: 0.9775641025641025, 0.2: 0.9028044871794871}","{'noise=0.0;missing=0.0': 1.0, 'noise=0.0;missing=0.2': 1.0, 'noise=0.1;missing=0.0': 0.9833333333333333, 'noise=0.1;missing=0.2': 0.9717948717948718, 'noise=0.2;missing=0.0': 0.8979166666666667, 'noise=0.2;missing=0.2': 0.9076923076923077}",0.8859649122807017,0.05263157894736842,18,6,34,2.2058823529411766,0.4857142857142857,7,2.34375,3.8505859375,0.45458333333333334,4.461334025496043,"{2: 27, 3: 7}",34,0.0,0.4791335276298019
0.9568376068376068,0.8388888888888889,0.9568376068376068,"{0.0: 1.0, 0.1: 0.972355769230769, 0.2: 0.8981570512820513}","{'noise=0.0;missing=0.0': 1.0, 'noise=0.0;missing=0.2': 1.0, 'noise=0.1;missing=0.0': 0.9895833333333334, 'noise=0.1;missing=0.2': 0.9551282051282051, 'noise=0.2;missing=0.0': 0.8604166666666667, 'noise=0.2;missing=0.2': 0.9358974358974359}",0.8508771929824561,0.043859649122807015,18,6,26,2.3846153846153846,0.37142857142857144,5,1.9375,2.24609375,0.4163306451612903,4.523499142576591,"{2: 17, 3: 8, 4: 1}",26,0.0,0.3717619824372057
0.9623664529914528,0.8555555555555555,0.9623664529914528,"{0.0: 1.0, 0.1: 0.9772435897435898, 0.2: 0.9098557692307693}","{'noise=0.0;missing=0.0': 1.0, 'noise=0.0;missing=0.2': 1.0, 'noise=0.1;missing=0.0': 0.9916666666666667, 'noise=0.1;missing=0.2': 0.9628205128205127, 'noise=0.2;missing=0.0': 0.88125, 'noise=0.2;missing=0.2': 0.9384615384615385}",0.8771929824561403,0.043859649122807015,18,6,27,2.2962962962962963,0.38571428571428573,5,1.9375,2.68359375,0.4737903225806452,4.369699036878367,"{2: 20, 3: 6, 4: 1}",27,0.0,0.38469698955971277
0.9623931623931624,0.8555555555555555,0.9623931623931624,"{0.0: 1.0, 0.1: 0.9814102564102565, 0.2: 0.9057692307692307}","{'noise=0.0;missing=0.0': 1.0, 'noise=0.0;missing=0.2': 1.0, 'noise=0.1;missing=0.0': 0.9833333333333333, 'noise=0.1;missing=0.2': 0.9794871794871794, 'noise=0.2;missing=0.0': 0.9, 'noise=0.2;missing=0.2': 0.9115384615384615}",0.8596491228070176,0.05263157894736842,18,6,29,2.2758620689655173,0.4142857142857143,6,2.0625,2.62109375,0.4365530303030303,4.479873195628433,"{2: 22, 3: 6, 4: 1}",29,0.0,0.4116725512403237
0.9642628205128204,0.8611111111111112,0.9642628205128204,"{0.0: 1.0, 0.1: 0.9714743589743589, 0.2: 0.9213141025641025}","{'noise=0.0;missing=0.0': 1.0, 'noise=0.0;missing=0.2': 1.0, 'noise=0.1;missing=0.0': 0.975, 'noise=0.1;missing=0.2': 0.967948717948718, 'noise=0.2;missing=0.0': 0.9208333333333333, 'noise=0.2;missing=0.2': 0.9217948717948717}",0.8421052631578947,0.05263157894736842,18,6,25,2.16,0.35714285714285715,5,1.6875,1.83984375,0.44560185185185186,4.391021937501533,"{2: 21, 3: 4}",25,0.0,0.3563860012755102
0.9493322649572649,0.8111111111111111,0.9493322649572649,"{0.0: 1.0, 0.1: 0.9685897435897436, 0.2: 0.8794070512820512}","{'noise=0.0;missing=0.0': 1.0, 'noise=0.0;missing=0.2': 1.0, 'noise=0.1;missing=0.0': 0.9833333333333333, 'noise=0.1;missing=0.2': 0.9538461538461539, 'noise=0.2;missing=0.0': 0.8729166666666667, 'noise=0.2;missing=0.2': 0.8858974358974359}",0.8421052631578947,0.05263157894736842,18,6,29,2.3448275862068964,0.4142857142857143,6,2.125,2.609375,0.4163602941176471,4.545286055358897,"{2: 20, 3: 8, 4: 1}",29,0.0,0.4122099093947924
0.9671474358974359,0.8722222222222222,0.9671474358974359,"{0.0: 1.0, 0.1: 0.9824519230769231, 0.2: 0.9189903846153846}","{'noise=0.0;missing=0.0': 1.0, 'noise=0.0;missing=0.2': 1.0, 'noise=0.1;missing=0.0': 0.9854166666666667, 'noise=0.1;missing=0.2': 0.9794871794871794, 'noise=0.2;missing=0.0': 0.9020833333333333, 'noise=0.2;missing=0.2': 0.9358974358974359}",0.8771929824561403,0.05263157894736842,18,6,29,2.2758620689655173,0.4142857142857143,6,2.0625,2.37109375,0.4109848484848485,4.5305546799912575,"{2: 23, 3: 4, 4: 2}",29,0.0,0.4116419389954257
0.9654647435897435,0.8611111111111112,0.9654647435897435,"{0.0: 1.0, 0.1: 0.977323717948718, 0.2: 0.9190705128205129}","{'noise=0.0;missing=0.0': 1.0, 'noise=0.0;missing=0.2': 1.0, 'noise=0.1;missing=0.0': 0.9854166666666667, 'noise=0.1;missing=0.2': 0.9692307692307693, 'noise=0.2;missing=0.0': 0.9125, 'noise=0.2;missing=0.2': 0.9256410256410257}",0.8771929824561403,0.05263157894736842,18,6,30,2.3333333333333335,0.42857142857142855,6,2.1875,2.46484375,0.3982142857142857,4.579233110316139,"{2: 22, 3: 6, 4: 2}",30,0.0,0.42567384141156467
0.9622061965811964,0.85,0.9622061965811964,"{0.0: 1.0, 0.1: 0.9782051282051282, 0.2: 0.9084134615384616}","{'noise=0.0;missing=0.0': 1.0, 'noise=0.0;missing=0.2': 1.0, 'noise=0.1;missing=0.0': 0.9833333333333333, 'noise=0.1;missing=0.2': 0.9730769230769231, 'noise=0.2;missing=0.0': 0.89375, 'noise=0.2;missing=0.2': 0.9230769230769231}",0.8596491228070176,0.06140350877192982,18,6,25,2.24,0.35714285714285715,5,1.75,1.9375,0.4408482142857143,4.393810002484898,"{2: 19, 3: 6}",25,0.0,0.3570229591836735
0.957184829059829,0.8388888888888889,0.957184829059829,"{0.0: 1.0, 0.1: 0.9730769230769231, 0.2: 0.8984775641025641}","{'noise=0.0;missing=0.0': 1.0, 'noise=0.0;missing=0.2': 1.0, 'noise=0.1;missing=0.0': 0.9666666666666667, 'noise=0.1;missing=0.2': 0.9794871794871794, 'noise=0.2;missing=0.0': 0.86875, 'noise=0.2;missing=0.2': 0.9282051282051283}",0.8333333333333334,0.06140350877192982,18,6,23,2.217391304347826,0.32857142857142857,5,1.59375,1.9912109375,0.4810049019607843,4.356358371799657,"{2: 19, 3: 3, 4: 1}",23,0.0,0.3297100484555235
0.9575587606837606,0.8388888888888889,0.9575587606837606,"{0.0: 1.0, 0.1: 0.969551282051282, 0.2: 0.903125}","{'noise=0.0;missing=0.0': 1.0, 'noise=0.0;missing=0.2': 1.0, 'noise=0.1;missing=0.0': 0.975, 'noise=0.1;missing=0.2': 0.964102564102564, 'noise=0.2;missing=0.0': 0.90625, 'noise=0.2;missing=0.2': 0.9}",0.8508771929824561,0.043859649122807015,18,6,21,2.238095238095238,0.3,4,1.46875,1.6240234375,0.47938829787234044,4.335775819440525,"{2: 16, 3: 5}",21,0.0,0.30268397906037414
0.9560363247863247,0.8388888888888889,0.9560363247863247,"{0.0: 1.0, 0.1: 0.9721153846153847, 0.2: 0.8959935897435898}","{'noise=0.0;missing=0.0': 1.0, 'noise=0.0;missing=0.2': 1.0, 'noise=0.1;missing=0.0': 0.975, 'noise=0.1;missing=0.2': 0.9692307692307692, 'noise=0.2;missing=0.0': 0.8791666666666667, 'noise=0.2;missing=0.2': 0.9128205128205129}",0.8771929824561403,0.05263157894736842,18,6,35,2.2,0.5,7,2.40625,3.9912109375,0.4395292207792208,4.479686132479258,"{2: 28, 3: 7}",35,0.0,0.49267621970663267
0.951201923076923,0.8222222222222222,0.951201923076923,"{0.0: 1.0, 0.1: 0.9640224358974357, 0.2: 0.8895833333333333}","{'noise=0.0;missing=0.0': 1.0, 'noise=0.0;missing=0.2': 1.0, 'noise=0.1;missing=0.0': 0.9729166666666667, 'noise=0.1;missing=0.2': 0.9551282051282051, 'noise=0.2;missing=0.0': 0.8791666666666667, 'noise=0.2;missing=0.2': 0.9}",0.8333333333333334,0.043859649122807015,18,6,21,2.2857142857142856,0.3,5,1.5,1.875,0.4973958333333333,4.306127542695028,"{2: 16, 3: 4, 4: 1}",21,0.0,0.30308673469387754
0.9598824786324786,0.8444444444444444,0.9598824786324786,"{0.0: 1.0, 0.1: 0.975400641025641, 0.2: 0.9042467948717948}","{'noise=0.0;missing=0.0': 1.0, 'noise=0.0;missing=0.2': 1.0, 'noise=0.1;missing=0.0': 0.9854166666666667, 'noise=0.1;missing=0.2': 0.9653846153846154, 'noise=0.2;missing=0.0': 0.9020833333333333, 'noise=0.2;missing=0.2': 0.9064102564102564}",0.8333333333333334,0.07017543859649122,18,6,30,2.2333333333333334,0.42857142857142855,6,2.09375,2.5849609375,0.4295708955223881,4.489242317446659,"{2: 24, 3: 5, 4: 1}",30,0.0,0.42490729963860546
0.9631143162393161,0.8611111111111112,0.9631143162393161,"{0.0: 1.0, 0.1: 0.9807692307692307, 0.2: 0.908573717948718}","{'noise=0.0;missing=0.0': 1.0, 'noise=0.0;missing=0.2': 1.0, 'noise=0.1;missing=0.0': 0.9833333333333333, 'noise=0.1;missing=0.2': 0.9782051282051282, 'noise=0.2;missing=0.0': 0.9145833333333333, 'noise=0.2;missing=0.2': 0.9025641025641025}",0.8771929824561403,0.043859649122807015,18,6,35,2.257142857142857,0.5,6,2.46875,3.3740234375,0.42207278481012656,4.501530160266406,"{2: 26, 3: 9}",35,0.0,0.4930470742984694
0.9670405982905982,0.8611111111111112,0.9670405982905982,"{0.0: 1.0, 0.1: 0.9786057692307693, 0.2: 0.9225160256410255}","{'noise=0.0;missing=0.0': 1.0, 'noise=0.0;missing=0.2': 1.0, 'noise=0.1;missing=0.0': 0.9854166666666667, 'noise=0.1;missing=0.2': 0.9717948717948718, 'noise=0.2;missing=0.0': 0.9104166666666667, 'noise=0.2;missing=0.2': 0.9346153846153846}",0.8859649122807017,0.06140350877192982,18,6,27,2.185185185185185,0.38571428571428573,5,1.84375,2.0693359375,0.4337923728813559,4.463175151703292,"{2: 23, 3: 3, 4: 1}",27,0.0,0.38375371876181025
0.9611645299145299,0.85,0.9611645299145299,"{0.0: 1.0, 0.1: 0.9733974358974359, 0.2: 0.9100961538461537}","{'noise=0.0;missing=0.0': 1.0, 'noise=0.0;missing=0.2': 1.0, 'noise=0.1;missing=0.0': 0.975, 'noise=0.1;missing=0.2': 0.9717948717948718, 'noise=0.2;missing=0.0': 0.8791666666666667, 'noise=0.2;missing=0.2': 0.941025641025641}",0.8771929824561403,0.043859649122807015,18,6,26,2.3461538461538463,0.37142857142857144,6,1.90625,2.7724609375,0.48411885245901637,4.354688723015057,"{2: 18, 3: 7, 4: 1}",26,0.0,0.3715259547929749
0.9551014957264957,0.8388888888888889,0.9551014957264957,"{0.0: 1.0, 0.1: 0.9720352564102565, 0.2: 0.8932692307692308}","{'noise=0.0;missing=0.0': 1.0, 'noise=0.0;missing=0.2': 1.0, 'noise=0.1;missing=0.0': 0.98125, 'noise=0.1;missing=0.2': 0.9628205128205127, 'noise=0.2;missing=0.0': 0.875, 'noise=0.2;missing=0.2': 0.9115384615384615}",0.868421052631579,0.03508771929824561,18,6,26,2.3076923076923075,0.37142857142857144,5,1.875,2.421875,0.465625,4.383822629187616,"{2: 19, 3: 6, 4: 1}",26,0.0,0.371182545133438
0.9591880341880341,0.8388888888888889,0.9591880341880341,"{0.0: 1.0, 0.1: 0.9683493589743589, 0.2: 0.9092147435897434}","{'noise=0.0;missing=0.0': 1.0, 'noise=0.0;missing=0.2': 1.0, 'noise=0.1;missing=0.0': 0.9854166666666667, 'noise=0.1;missing=0.2': 0.9512820512820513, 'noise=0.2;missing=0.0': 0.8979166666666667, 'noise=0.2;missing=0.2': 0.9205128205128206}",0.8421052631578947,0.07017543859649122,18,6,29,2.1724137931034484,0.4142857142857143,5,1.96875,2.0302734375,0.4052579365079365,4.498573328324179,"{2: 24, 3: 5}",29,0.0,0.4107920162407635
0.9670138888888888,0.8666666666666667,0.9670138888888888,"{0.0: 1.0, 0.1: 0.9728365384615384, 0.2: 0.9282051282051281}","{'noise=0.0;missing=0.0': 1.0, 'noise=0.0;missing=0.2': 1.0, 'noise=0.1;missing=0.0': 0.9854166666666667, 'noise=0.1;missing=0.2': 0.9602564102564102, 'noise=0.2;missing=0.0': 0.9333333333333333, 'noise=0.2;missing=0.2': 0.9230769230769231}",0.8771929824561403,0.05263157894736842,18,6,30,2.3333333333333335,0.42857142857142855,8,2.1875,3.58984375,0.4589285714285714,4.443379181682897,"{2: 22, 3: 6, 4: 2}",30,0.0,0.42581159651360545
0.9551282051282051,0.8222222222222222,0.9551282051282051,"{0.0: 1.0, 0.1: 0.9650641025641026, 0.2: 0.9003205128205127}","{'noise=0.0;missing=0.0': 1.0, 'noise=0.0;missing=0.2': 1.0, 'noise=0.1;missing=0.0': 0.9583333333333334, 'noise=0.1;missing=0.2': 0.9717948717948718, 'noise=0.2;missing=0.0': 0.875, 'noise=0.2;missing=0.2': 0.9256410256410257}",0.8333333333333334,0.06140350877192982,18,6,27,2.2962962962962963,0.38571428571428573,5,1.9375,2.93359375,0.4909274193548387,4.3378576102487365,"{2: 20, 3: 6, 4: 1}",27,0.0,0.38472760180461074
0.9612446581196581,0.8555555555555555,0.9612446581196581,"{0.0: 1.0, 0.1: 0.9801282051282051, 0.2: 0.9036057692307692}","{'noise=0.0;missing=0.0': 1.0, 'noise=0.0;missing=0.2': 1.0, 'noise=0.1;missing=0.0': 0.9833333333333333, 'noise=0.1;missing=0.2': 0.9769230769230769, 'noise=0.2;missing=0.0': 0.86875, 'noise=0.2;missing=0.2': 0.9384615384615385}",0.868421052631579,0.05263157894736842,18,6,28,2.25,0.4,6,1.96875,2.0927734375,0.3993055555555556,4.554284042678575,"{2: 22, 3: 5, 4: 1}",28,0.0,0.3978343829719388
0.9595619658119657,0.85,0.9595619658119657,"{0.0: 1.0, 0.1: 0.9792467948717949, 0.2: 0.8994391025641026}","{'noise=0.0;missing=0.0': 1.0, 'noise=0.0;missing=0.2': 1.0, 'noise=0.1;missing=0.0': 0.9854166666666667, 'noise=0.1;missing=0.2': 0.9730769230769231, 'noise=0.2;missing=0.0': 0.8770833333333333, 'noise=0.2;missing=0.2': 0.9217948717948717}",0.8771929824561403,0.05263157894736842,18,6,29,2.2758620689655173,0.4142857142857143,8,2.0625,3.43359375,0.45075757575757575,4.445518552156477,"{2: 22, 3: 6, 4: 1}",29,0.0,0.4117720410362421
0.9589209401709401,0.8444444444444444,0.9589209401709401,"{0.0: 1.0, 0.1: 0.9807692307692306, 0.2: 0.8959935897435897}","{'noise=0.0;missing=0.0': 1.0, 'noise=0.0;missing=0.2': 1.0, 'noise=0.1;missing=0.0': 0.9833333333333333, 'noise=0.1;missing=0.2': 0.9782051282051282, 'noise=0.2;missing=0.0': 0.8791666666666667, 'noise=0.2;missing=0.2': 0.9128205128205129}",0.8508771929824561,0.05263157894736842,18,6,24,2.1666666666666665,0.34285714285714286,6,1.625,2.046875,0.4735576923076923,4.368051015926779,"{2: 20, 3: 4}",24,0.0,0.3428920068027211
0.9632478632478633,0.8555555555555555,0.9632478632478633,"{0.0: 1.0, 0.1: 0.9724358974358974, 0.2: 0.9173076923076924}","{'noise=0.0;missing=0.0': 1.0, 'noise=0.0;missing=0.2': 1.0, 'noise=0.1;missing=0.0': 0.9833333333333333, 'noise=0.1;missing=0.2': 0.9615384615384616, 'noise=0.2;missing=0.0': 0.9166666666666666, 'noise=0.2;missing=0.2': 0.917948717948718}",0.8771929824561403,0.06140350877192982,18,6,30,2.2333333333333334,0.42857142857142855,5,2.09375,3.0224609375,0.46875,4.355591295918551,"{2: 23, 3: 7}",30,0.0,0.4249608710671769
0.9564369658119658,0.8333333333333334,0.9564369658119658,"{0.0: 1.0, 0.1: 0.9689102564102563, 0.2: 0.900400641025641}","{'noise=0.0;missing=0.0': 1.0, 'noise=0.0;missing=0.2': 1.0, 'noise=0.1;missing=0.0': 0.975, 'noise=0.1;missing=0.2': 0.9628205128205128, 'noise=0.2;missing=0.0': 0.9020833333333333, 'noise=0.2;missing=0.2': 0.8987179487179487}",0.8333333333333334,0.06140350877192982,18,6,27,2.2222222222222223,0.38571428571428573,5,1.875,2.421875,0.4666666666666667,4.363070754223674,"{2: 21, 3: 6}",27,0.0,0.38408623866213154
0.9604166666666667,0.8444444444444444,0.9604166666666667,"{0.0: 1.0, 0.1: 0.9750801282051282, 0.2: 0.9061698717948717}","{'noise=0.0;missing=0.0': 1.0, 'noise=0.0;missing=0.2': 1.0, 'noise=0.1;missing=0.0': 0.9770833333333333, 'noise=0.1;missing=0.2': 0.973076923076923, 'noise=0.2;missing=0.0': 0.9020833333333333, 'noise=0.2;missing=0.2': 0.9102564102564102}",0.8508771929824561,0.06140350877192982,18,6,25,2.2,0.35714285714285715,5,1.71875,2.1396484375,0.4732954545454545,4.374376477429129,"{2: 20, 3: 5}",25,0.0,0.35673521205357145
0.9630074786324785,0.8611111111111112,0.9630074786324785,"{0.0: 1.0, 0.1: 0.9858974358974358, 0.2: 0.903125}","{'noise=0.0;missing=0.0': 1.0, 'noise=0.0;missing=0.2': 1.0, 'noise=0.1;missing=0.0': 0.9833333333333333, 'noise=0.1;missing=0.2': 0.9884615384615384, 'noise=0.2;missing=0.0': 0.90625, 'noise=0.2;missing=0.2': 0.9}",0.868421052631579,0.043859649122807015,18,6,32,2.25,0.45714285714285713,7,2.25,3.0,0.4227430555555556,4.497071224027389,"{2: 24, 3: 8}",32,0.0,0.4522311862244897
0.954594017094017,0.8333333333333334,0.954594017094017,"{0.0: 1.0, 0.1: 0.9721153846153847, 0.2: 0.8916666666666667}","{'noise=0.0;missing=0.0': 1.0, 'noise=0.0;missing=0.2': 1.0, 'noise=0.1;missing=0.0': 0.975, 'noise=0.1;missing=0.2': 0.9692307692307692, 'noise=0.2;missing=0.0': 0.9, 'noise=0.2;missing=0.2': 0.8833333333333333}",0.8245614035087719,0.05263157894736842,18,6,21,2.142857142857143,0.3,4,1.40625,1.5537109375,0.48541666666666666,4.32453476270788,"{2: 18, 3: 3}",21,0.0,0.30193132174744897
0.9572916666666667,0.8277777777777777,0.9572916666666667,"{0.0: 1.0, 0.1: 0.9741185897435897, 0.2: 0.8977564102564102}","{'noise=0.0;missing=0.0': 1.0, 'noise=0.0;missing=0.2': 1.0, 'noise=0.1;missing=0.0': 0.9854166666666667, 'noise=0.1;missing=0.2': 0.9628205128205127, 'noise=0.2;missing=0.0': 0.875, 'noise=0.2;missing=0.2': 0.9205128205128206}",0.8245614035087719,0.06140350877192982,18,6,21,2.2857142857142856,0.3,4,1.5,1.5,0.4544270833333333,4.381328385912461,"{2: 15, 3: 6}",21,0.0,0.30304081632653057
0.9601228632478631,0.8444444444444444,0.9601228632478631,"{0.0: 1.0, 0.1: 0.9762820512820513, 0.2: 0.9040865384615384}","{'noise=0.0;missing=0.0': 1.0, 'noise=0.0;missing=0.2': 1.0, 'noise=0.1;missing=0.0': 0.9833333333333333, 'noise=0.1;missing=0.2': 0.9692307692307692, 'noise=0.2;missing=0.0': 0.8979166666666667, 'noise=0.2;missing=0.2': 0.9102564102564104}",0.8333333333333334,0.05263157894736842,18,6,23,2.1739130434782608,0.32857142857142857,5,1.5625,1.74609375,0.4625,4.391272380112911,"{2: 19, 3: 4}",23,0.0,0.3293403601929902
0.9610042735042735,0.8444444444444444,0.9610042735042735,"{0.0: 1.0, 0.1: 0.9705929487179487, 0.2: 0.9124198717948718}","{'noise=0.0;missing=0.0': 1.0, 'noise=0.0;missing=0.2': 1.0, 'noise=0.1;missing=0.0': 0.9770833333333333, 'noise=0.1;missing=0.2': 0.964102564102564, 'noise=0.2;missing=0.0': 0.9145833333333333, 'noise=0.2;missing=0.2': 0.9102564102564102}",0.8508771929824561,0.06140350877192982,18,6,25,2.24,0.35714285714285715,5,1.75,2.25,0.4765625,4.367547949145271,"{2: 20, 3: 4, 4: 1}",25,0.0,0.35706122448979594
0.953926282051282,0.8277777777777777,0.953926282051282,"{0.0: 1.0, 0.1: 0.969551282051282, 0.2: 0.892227564102564}","{'noise=0.0;missing=0.0': 1.0, 'noise=0.0;missing=0.2': 1.0, 'noise=0.1;missing=0.0': 0.975, 'noise=0.1;missing=0.2': 0.964102564102564, 'noise=0.2;missing=0.0': 0.8729166666666667, 'noise=0.2;missing=0.2': 0.9115384615384615}",0.8421052631578947,0.043859649122807015,18,6,21,2.2857142857142856,0.3,5,1.5,1.8125,0.4895833333333333,4.321854365656767,"{2: 15, 3: 6}",21,0.0,0.303079081632653
0.9569711538461537,0.8333333333333334,0.9569711538461537,"{0.0: 1.0, 0.1: 0.9740384615384615, 0.2: 0.896875}","{'noise=0.0;missing=0.0': 1.0, 'noise=0.0;missing=0.2': 1.0, 'noise=0.1;missing=0.0': 0.975, 'noise=0.1;missing=0.2': 0.973076923076923, 'noise=0.2;missing=0.0': 0.89375, 'noise=0.2;missing=0.2': 0.9}",0.8333333333333334,0.05263157894736842,18,6,23,2.260869565217391,0.32857142857142857,4,1.625,1.796875,0.46033653846153844,4.373140679513133,"{2: 17, 3: 6}",23,0.0,0.33002592613132203
0.965224358974359,0.8611111111111112,0.965224358974359,"{0.0: 1.0, 0.1: 0.9786057692307693, 0.2: 0.9170673076923077}","{'noise=0.0;missing=0.0': 1.0, 'noise=0.0;missing=0.2': 1.0, 'noise=0.1;missing=0.0': 0.9854166666666667, 'noise=0.1;missing=0.2': 0.9717948717948718, 'noise=0.2;missing=0.0': 0.91875, 'noise=0.2;missing=0.2': 0.9153846153846154}",0.8771929824561403,0.06140350877192982,18,6,29,2.1724137931034484,0.4142857142857143,5,1.96875,2.4052734375,0.4429563492063492,4.4496794321105915,"{2: 25, 3: 3, 4: 1}",29,0.0,0.41083793460811047
0.9649839743589742,0.8611111111111112,0.9649839743589742,"{0.0: 1.0, 0.1: 0.9821314102564103, 0.2: 0.9128205128205128}","{'noise=0.0;missing=0.0': 1.0, 'noise=0.0;missing=0.2': 1.0, 'noise=0.1;missing=0.0': 0.9770833333333333, 'noise=0.1;missing=0.2': 0.9871794871794871, 'noise=0.2;missing=0.0': 0.9166666666666666, 'noise=0.2;missing=0.2': 0.908974358974359}",0.8596491228070176,0.07017543859649122,18,6,29,2.103448275862069,0.4142857142857143,6,1.90625,2.8974609375,0.49436475409836067,4.291175559393299,"{2: 26, 3: 3}",29,0.0,0.4103594093618051
0.9525908119658119,0.8277777777777777,0.9525908119658119,"{0.0: 1.0, 0.1: 0.9689102564102564, 0.2: 0.8888621794871796}","{'noise=0.0;missing=0.0': 1.0, 'noise=0.0;missing=0.2': 1.0, 'noise=0.1;missing=0.0': 0.975, 'noise=0.1;missing=0.2': 0.9628205128205127, 'noise=0.2;missing=0.0': 0.86875, 'noise=0.2;missing=0.2': 0.908974358974359}",0.8596491228070176,0.03508771929824561,18,6,26,2.3076923076923075,0.37142857142857144,5,1.875,2.296875,0.4552083333333333,4.404574504151558,"{2: 19, 3: 6, 4: 1}",26,0.0,0.371167239010989
0.9526976495726495,0.8277777777777777,0.9526976495726495,"{0.0: 1.0, 0.1: 0.9685096153846153, 0.2: 0.8895833333333333}","{'noise=0.0;missing=0.0': 1.0, 'noise=0.0;missing=0.2': 1.0, 'noise=0.1;missing=0.0': 0.9729166666666667, 'noise=0.1;missing=0.2': 0.964102564102564, 'noise=0.2;missing=0.0': 0.8791666666666667, 'noise=0.2;missing=0.2': 0.9}",0.8421052631578947,0.043859649122807015,18,6,21,2.238095238095238,0.3,4,1.46875,1.6865234375,0.48736702127659576,4.325345500383651,"{2: 16, 3: 5}",21,0.0,0.30269163212159866
0.9627403846153846,0.8555555555555555,0.9627403846153846,"{0.0: 1.0, 0.1: 0.9740384615384615, 0.2: 0.9141826923076923}","{'noise=0.0;missing=0.0': 1.0, 'noise=0.0;missing=0.2': 1.0, 'noise=0.1;missing=0.0': 0.975, 'noise=0.1;missing=0.2': 0.973076923076923, 'noise=0.2;missing=0.0': 0.9104166666666667, 'noise=0.2;missing=0.2': 0.917948717948718}",0.8421052631578947,0.05263157894736842,18,6,25,2.24,0.35714285714285715,5,1.75,2.125,0.4642857142857143,4.367547949145271,"{2: 19, 3: 6}",25,0.0,0.35704591836734695
0.9686431623931624,0.8722222222222222,0.9686431623931624,"{0.0: 1.0, 0.1: 0.9734775641025641, 0.2: 0.9324519230769232}","{'noise=0.0;missing=0.0': 1.0, 'noise=0.0;missing=0.2': 1.0, 'noise=0.1;missing=0.0': 0.9854166666666667, 'noise=0.1;missing=0.2': 0.9615384615384616, 'noise=0.2;missing=0.0': 0.91875, 'noise=0.2;missing=0.2': 0.9461538461538461}",0.9035087719298246,0.05263157894736842,18,6,30,2.3,0.42857142857142855,7,2.15625,3.0068359375,0.41893115942028986,4.511469066946465,"{2: 22, 3: 7, 4: 1}",30,0.0,0.42547979113520407
0.9528846153846152,0.8277777777777777,0.9528846153846152,"{0.0: 1.0, 0.1: 0.969551282051282, 0.2: 0.8891025641025642}","{'noise=0.0;missing=0.0': 1.0, 'noise=0.0;missing=0.2': 1.0, 'noise=0.1;missing=0.0': 0.975, 'noise=0.1;missing=0.2': 0.9641025641025641, 'noise=0.2;missing=0.0': 0.8666666666666667, 'noise=0.2;missing=0.2': 0.9115384615384615}",0.8596491228070176,0.043859649122807015,18,6,26,2.269230769230769,0.37142857142857144,5,1.84375,2.3818359375,0.4666313559322034,4.3759675749621625,"{2: 20, 3: 5, 4: 1}",26,0.0,0.3708771616218603
0.9684027777777777,0.8722222222222222,0.9684027777777777,"{0.0: 1.0, 0.1: 0.9852564102564102, 0.2: 0.9199519230769231}","{'noise=0.0;missing=0.0': 1.0, 'noise=0.0;missing=0.2': 1.0, 'noise=0.1;missing=0.0': 0.9833333333333333, 'noise=0.1;missing=0.2': 0.9871794871794871, 'noise=0.2;missing=0.0': 0.9270833333333334, 'noise=0.2;missing=0.2': 0.9128205128205129}",0.8859649122807017,0.06140350877192982,18,6,27,2.185185185185185,0.38571428571428573,5,1.84375,2.4443359375,0.4740466101694915,4.353171338217307,"{2: 22, 3: 5}",27,0.0,0.3837996371291572
0.964503205128205,0.8555555555555555,0.964503205128205,"{0.0: 1.0, 0.1: 0.9792467948717949, 0.2: 0.9142628205128206}","{'noise=0.0;missing=0.0': 1.0, 'noise=0.0;missing=0.2': 1.0, 'noise=0.1;missing=0.0': 0.9854166666666667, 'noise=0.1;missing=0.2': 0.973076923076923, 'noise=0.2;missing=0.0': 0.9041666666666667, 'noise=0.2;missing=0.2': 0.9243589743589744}",0.8508771929824561,0.06140350877192982,18,6,27,2.185185185185185,0.38571428571428573,5,1.84375,2.0693359375,0.4380296610169492,4.430969481705154,"{2: 22, 3: 5}",27,0.0,0.38375371876181025
0.9678418803418803,0.8611111111111112,0.9678418803418803,"{0.0: 1.0, 0.1: 0.9786057692307693, 0.2: 0.9249198717948717}","{'noise=0.0;missing=0.0': 1.0, 'noise=0.0;missing=0.2': 1.0, 'noise=0.1;missing=0.0': 0.9854166666666667, 'noise=0.1;missing=0.2': 0.9717948717948718, 'noise=0.2;missing=0.0': 0.9229166666666667, 'noise=0.2;missing=0.2': 0.926923076923077}",0.8859649122807017,0.07017543859649122,18,6,27,2.259259259259259,0.38571428571428573,5,1.90625,2.0849609375,0.42161885245901637,4.504610805436804,"{2: 21, 3: 5, 4: 1}",27,0.0,0.3843343357308201
0.955849358974359,0.8388888888888889,0.955849358974359,"{0.0: 1.0, 0.1: 0.9721153846153847, 0.2: 0.8954326923076923}","{'noise=0.0;missing=0.0': 1.0, 'noise=0.0;missing=0.2': 1.0, 'noise=0.1;missing=0.0': 0.975, 'noise=0.1;missing=0.2': 0.9692307692307692, 'noise=0.2;missing=0.0': 0.8895833333333333, 'noise=0.2;missing=0.2': 0.9012820512820513}",0.8245614035087719,0.05263157894736842,18,6,23,2.130434782608696,0.32857142857142857,5,1.53125,1.9365234375,0.4968112244897959,4.305751364780154,"{2: 20, 3: 3}",23,0.0,0.3290240042008651
0.9545138888888889,0.8222222222222222,0.9545138888888889,"{0.0: 1.0, 0.1: 0.9741185897435897, 0.2: 0.8894230769230769}","{'noise=0.0;missing=0.0': 1.0, 'noise=0.0;missing=0.2': 1.0, 'noise=0.1;missing=0.0': 0.9854166666666667, 'noise=0.1;missing=0.2': 0.9628205128205127, 'noise=0.2;missing=0.0': 0.875, 'noise=0.2;missing=0.2': 0.9038461538461539}",0.8245614035087719,0.06140350877192982,18,6,23,2.347826086956522,0.32857142857142857,4,1.6875,1.52734375,0.40162037037037035,4.550821761262471,"{2: 17, 3: 4, 4: 2}",23,0.0,0.3306722701308784
0.9584935897435897,0.8388888888888889,0.9584935897435897,"{0.0: 1.0, 0.1: 0.9714743589743589, 0.2: 0.9040064102564103}","{'noise=0.0;missing=0.0': 1.0, 'noise=0.0;missing=0.2': 1.0, 'noise=0.1;missing=0.0': 0.975, 'noise=0.1;missing=0.2': 0.967948717948718, 'noise=0.2;missing=0.0': 0.9041666666666667, 'noise=0.2;missing=0.2': 0.9038461538461539}",0.8333333333333334,0.05263157894736842,18,6,23,2.217391304347826,0.32857142857142857,4,1.59375,1.6162109375,0.44669117647058826,4.392342743635333,"{2: 18, 3: 5}",23,0.0,0.3296641300881766
0.9650908119658118,0.8555555555555555,0.9650908119658118,"{0.0: 1.0, 0.1: 0.9727564102564102, 0.2: 0.9225160256410255}","{'noise=0.0;missing=0.0': 1.0, 'noise=0.0;missing=0.2': 1.0, 'noise=0.1;missing=0.0': 0.975, 'noise=0.1;missing=0.2': 0.9705128205128205, 'noise=0.2;missing=0.0': 0.9104166666666667, 'noise=0.2;missing=0.2': 0.9346153846153846}",0.8771929824561403,0.06140350877192982,18,6,28,2.1785714285714284,0.4,5,1.90625,2.2724609375,0.4390368852459016,4.453472846768546,"{2: 24, 3: 3, 4: 1}",28,0.0,0.3972983498086735
0.9577991452991453,0.8388888888888889,0.9577991452991453,"{0.0: 1.0, 0.1: 0.969551282051282, 0.2: 0.9038461538461537}","{'noise=0.0;missing=0.0': 1.0, 'noise=0.0;missing=0.2': 1.0, 'noise=0.1;missing=0.0': 0.975, 'noise=0.1;missing=0.2': 0.9641025641025641, 'noise=0.2;missing=0.0': 0.8666666666666667, 'noise=0.2;missing=0.2': 0.941025641025641}",0.868421052631579,0.043859649122807015,18,6,24,2.3333333333333335,0.34285714285714286,5,1.75,2.375,0.48549107142857145,4.34755838702449,"{2: 17, 3: 6, 4: 1}",24,0.0,0.344234268707483
0.9639155982905983,0.85,0.9639155982905983,"{0.0: 1.0, 0.1: 0.9747596153846153, 0.2: 0.9169871794871796}","{'noise=0.0;missing=0.0': 1.0, 'noise=0.0;missing=0.2': 1.0, 'noise=0.1;missing=0.0': 0.9854166666666667, 'noise=0.1;missing=0.2': 0.9641025641025641, 'noise=0.2;missing=0.0': 0.8916666666666667, 'noise=0.2;missing=0.2': 0.9423076923076923}",0.8596491228070176,0.06140350877192982,18,6,27,2.185185185185185,0.38571428571428573,4,1.84375,1.8818359375,0.4147245762711864,4.453765718450008,"{2: 22, 3: 5}",27,0.0,0.3837307595781368
0.9649572649572649,0.8611111111111112,0.9649572649572649,"{0.0: 1.0, 0.1: 0.9766826923076922, 0.2: 0.9181891025641026}","{'noise=0.0;missing=0.0': 1.0, 'noise=0.0;missing=0.2': 1.0, 'noise=0.1;missing=0.0': 0.9854166666666667, 'noise=0.1;missing=0.2': 0.967948717948718, 'noise=0.2;missing=0.0': 0.9145833333333333, 'noise=0.2;missing=0.2': 0.9217948717948717}",0.8421052631578947,0.06140350877192982,18,6,26,2.1538461538461537,0.37142857142857144,5,1.75,2.0,0.45089285714285715,4.385055984705023,"{2: 22, 3: 4}",26,0.0,0.36992896389324964
0.9642628205128204,0.8611111111111112,0.9642628205128204,"{0.0: 1.0, 0.1: 0.9714743589743589, 0.2: 0.9213141025641025}","{'noise=0.0;missing=0.0': 1.0, 'noise=0.0;missing=0.2': 1.0, 'noise=0.1;missing=0.0': 0.975, 'noise=0.1;missing=0.2': 0.967948717948718, 'noise=0.2;missing=0.0': 0.9208333333333333, 'noise=0.2;missing=0.2': 0.9217948717948717}",0.8421052631578947,0.05263157894736842,18,6,26,2.269230769230769,0.37142857142857144,5,1.84375,1.8818359375,0.4157838983050847,4.511560795301145,"{2: 21, 3: 3, 4: 2}",26,0.0,0.37081593713206434
