average_recovery_accuracy,exact_match_accuracy,noise_robustness,accuracy_by_noise,accuracy_by_noise_and_missing,close_pattern_discrimination,close_pattern_confusion_rate,close_pair_count,close_pattern_distance,hyperedge_count,average_hyperedge_size,density,max_vertex_degree,mean_vertex_degree,vertex_degree_variance,degree_gini,degree_entropy,hyperedge_size_histogram,selected_hyperedges,constraint_penalty,complexity_objective
0.9434523809523809,0.7976190476190477,0.9434523809523809,"{0.0: 1.0, 0.1: 0.9580938697318009, 0.2: 0.872263273125342}","{'noise=0.0;missing=0.0': 1.0, 'noise=0.0;missing=0.2': 1.0, 'noise=0.1;missing=0.0': 0.9543650793650793, 'noise=0.1;missing=0.2': 0.9618226600985221, 'noise=0.2;missing=0.0': 0.884920634920635, 'noise=0.2;missing=0.2': 0.8596059113300492}",0.7857142857142857,0.05952380952380952,8,7,28,2.25,0.4666666666666667,10,1.75,4.243055555555555,0.5656966490299824,4.279376956662963,"{2: 23, 3: 3, 4: 2}",28,0.0,0.4596655092592593
0.9413884327677431,0.7916666666666666,0.9413884327677431,"{0.0: 1.0, 0.1: 0.9527914614121512, 0.2: 0.8713738368910783}","{'noise=0.0;missing=0.0': 1.0, 'noise=0.0;missing=0.2': 1.0, 'noise=0.1;missing=0.0': 0.9523809523809524, 'noise=0.1;missing=0.2': 0.9532019704433498, 'noise=0.2;missing=0.0': 0.8769841269841269, 'noise=0.2;missing=0.2': 0.8657635467980295}",0.8095238095238095,0.07142857142857142,8,7,29,2.3793103448275863,0.48333333333333334,6,1.9166666666666667,2.465277777777777,0.44484702093397743,4.641011689152352,"{2: 22, 3: 3, 4: 4}",29,0.0,0.47610053480204345
0.9334861339171684,0.7619047619047619,0.9334861339171684,"{0.0: 1.0, 0.1: 0.9392104542966612, 0.2: 0.861247947454844}","{'noise=0.0;missing=0.0': 1.0, 'noise=0.0;missing=0.2': 1.0, 'noise=0.1;missing=0.0': 0.9424603174603173, 'noise=0.1;missing=0.2': 0.9359605911330048, 'noise=0.2;missing=0.0': 0.8690476190476192, 'noise=0.2;missing=0.2': 0.8534482758620688}",0.7857142857142857,0.03571428571428571,8,7,33,2.212121212121212,0.55,7,2.0277777777777777,3.4714506172839505,0.4920091324200913,4.521462230909869,"{2: 27, 3: 5, 4: 1}",33,3.0,0.5384405279648334
0.9417077175697864,0.7738095238095238,0.9417077175697864,"{0.0: 1.0, 0.1: 0.9491652983032293, 0.2: 0.8759578544061303}","{'noise=0.0;missing=0.0': 1.0, 'noise=0.0;missing=0.2': 1.0, 'noise=0.1;missing=0.0': 0.9365079365079365, 'noise=0.1;missing=0.2': 0.9618226600985222, 'noise=0.2;missing=0.0': 0.884920634920635, 'noise=0.2;missing=0.2': 0.8669950738916256}",0.7976190476190477,0.08333333333333333,8,7,29,2.2758620689655173,0.48333333333333334,9,1.8333333333333333,3.527777777777778,0.5218855218855218,4.392381718191807,"{2: 23, 3: 4, 4: 2}",29,0.0,0.4755592273307791
0.9329045794563036,0.7559523809523809,0.9329045794563036,"{0.0: 1.0, 0.1: 0.9488916256157636, 0.2: 0.8498221127531471}","{'noise=0.0;missing=0.0': 1.0, 'noise=0.0;missing=0.2': 1.0, 'noise=0.1;missing=0.0': 0.9285714285714286, 'noise=0.1;missing=0.2': 0.9692118226600985, 'noise=0.2;missing=0.0': 0.8412698412698412, 'noise=0.2;missing=0.2': 0.8583743842364531}",0.7738095238095238,0.05952380952380952,8,7,26,2.3076923076923075,0.43333333333333335,9,1.6666666666666667,3.388888888888888,0.549074074074074,4.329085753935211,"{2: 20, 3: 4, 4: 2}",26,0.0,0.4282571225071225
0.9366675789089581,0.7738095238095238,0.9366675789089581,"{0.0: 1.0, 0.1: 0.9501915708812261, 0.2: 0.8598111658456487}","{'noise=0.0;missing=0.0': 1.0, 'noise=0.0;missing=0.2': 1.0, 'noise=0.1;missing=0.0': 0.9484126984126985, 'noise=0.1;missing=0.2': 0.9519704433497537, 'noise=0.2;missing=0.0': 0.8809523809523808, 'noise=0.2;missing=0.2': 0.8386699507389163}",0.7619047619047619,0.05952380952380952,8,7,31,2.193548387096774,0.5166666666666667,8,1.8888888888888888,4.487654320987654,0.5849673202614379,4.2457673503697935,"{2: 26, 3: 4, 4: 1}",31,1.0,0.5068142506305588
0.9386631089217297,0.7797619047619048,0.9386631089217297,"{0.0: 1.0, 0.1: 0.9646620142309796, 0.2: 0.851327312534209}","{'noise=0.0;missing=0.0': 1.0, 'noise=0.0;missing=0.2': 1.0, 'noise=0.1;missing=0.0': 0.9662698412698413, 'noise=0.1;missing=0.2': 0.9630541871921182, 'noise=0.2;missing=0.0': 0.8492063492063492, 'noise=0.2;missing=0.2': 0.8534482758620688}",0.7619047619047619,0.05952380952380952,8,7,37,2.324324324324324,0.6166666666666667,8,2.388888888888889,3.5709876543209873,0.4257105943152455,4.705180237628321,"{2: 28, 3: 6, 4: 3}",37,7.0,0.602569639083528
0.944877759532932,0.7976190476190477,0.944877759532932,"{0.0: 1.0, 0.1: 0.9717090859332238, 0.2: 0.8629241926655721}","{'noise=0.0;missing=0.0': 1.0, 'noise=0.0;missing=0.2': 1.0, 'noise=0.1;missing=0.0': 0.9742063492063492, 'noise=0.1;missing=0.2': 0.9692118226600985, 'noise=0.2;missing=0.0': 0.8908730158730158, 'noise=0.2;missing=0.2': 0.834975369458128}",0.8095238095238095,0.07142857142857142,8,7,33,2.1515151515151514,0.55,8,1.9722222222222223,3.2492283950617287,0.4636150234741784,4.597451353186871,"{2: 30, 3: 1, 4: 2}",33,3.0,0.5379826155069211
0.9466794380587483,0.8154761904761905,0.9466794380587483,"{0.0: 1.0, 0.1: 0.946668035030104, 0.2: 0.8933702791461412}","{'noise=0.0;missing=0.0': 1.0, 'noise=0.0;missing=0.2': 1.0, 'noise=0.1;missing=0.0': 0.9265873015873015, 'noise=0.1;missing=0.2': 0.9667487684729065, 'noise=0.2;missing=0.0': 0.8988095238095237, 'noise=0.2;missing=0.2': 0.8879310344827587}",0.8690476190476191,0.047619047619047616,8,7,28,2.25,0.4666666666666667,7,1.75,2.8541666666666665,0.5101410934744268,4.426635725536251,"{2: 23, 3: 3, 4: 2}",28,0.0,0.4594340277777778
0.9344553913519432,0.7738095238095238,0.9344553913519432,"{0.0: 1.0, 0.1: 0.9432129173508483, 0.2: 0.8601532567049809}","{'noise=0.0;missing=0.0': 1.0, 'noise=0.0;missing=0.2': 1.0, 'noise=0.1;missing=0.0': 0.9246031746031746, 'noise=0.1;missing=0.2': 0.9618226600985222, 'noise=0.2;missing=0.0': 0.8730158730158729, 'noise=0.2;missing=0.2': 0.8472906403940886}",0.8214285714285714,0.03571428571428571,8,7,29,2.2758620689655173,0.48333333333333334,7,1.8333333333333333,2.8611111111111107,0.4595959595959596,4.598938203960611,"{2: 24, 3: 2, 4: 3}",29,0.0,0.475448116219668
0.9403393541324576,0.7797619047619048,0.9403393541324576,"{0.0: 1.0, 0.1: 0.9585385878489328, 0.2: 0.8624794745484401}","{'noise=0.0;missing=0.0': 1.0, 'noise=0.0;missing=0.2': 1.0, 'noise=0.1;missing=0.0': 0.9404761904761905, 'noise=0.1;missing=0.2': 0.9766009852216749, 'noise=0.2;missing=0.0': 0.869047619047619, 'noise=0.2;missing=0.2': 0.8559113300492609}",0.7619047619047619,0.05952380952380952,8,7,31,2.2903225806451615,0.5166666666666667,10,1.9722222222222223,4.304783950617284,0.5168231611893583,4.427847916849315,"{2: 25, 3: 3, 4: 3}",31,1.0,0.5074558152462498
0.9328931764276592,0.7678571428571429,0.9328931764276592,"{0.0: 1.0, 0.1: 0.9403393541324575, 0.2: 0.85834017515052}","{'noise=0.0;missing=0.0': 1.0, 'noise=0.0;missing=0.2': 1.0, 'noise=0.1;missing=0.0': 0.9484126984126985, 'noise=0.1;missing=0.2': 0.9322660098522169, 'noise=0.2;missing=0.0': 0.8829365079365079, 'noise=0.2;missing=0.2': 0.8337438423645319}",0.7857142857142857,0.05952380952380952,8,7,40,2.25,0.6666666666666666,12,2.5,5.694444444444445,0.4691358024691358,4.584931885854322,"{2: 34, 3: 2, 4: 4}",40,10.0,0.6499074074074074
0.9389481846378397,0.7738095238095238,0.9389481846378397,"{0.0: 1.0, 0.1: 0.9585385878489328, 0.2: 0.8583059660645868}","{'noise=0.0;missing=0.0': 1.0, 'noise=0.0;missing=0.2': 1.0, 'noise=0.1;missing=0.0': 0.9404761904761904, 'noise=0.1;missing=0.2': 0.9766009852216749, 'noise=0.2;missing=0.0': 0.8730158730158729, 'noise=0.2;missing=0.2': 0.8435960591133004}",0.7857142857142857,0.05952380952380952,8,7,29,2.206896551724138,0.48333333333333334,6,1.7777777777777777,2.8950617283950617,0.5112847222222222,4.447123781480403,"{2: 25, 3: 2, 4: 2}",29,0.0,0.4749748474528168
0.9371008939974457,0.7678571428571429,0.9371008939974457,"{0.0: 1.0, 0.1: 0.9438628899835796, 0.2: 0.8674397920087574}","{'noise=0.0;missing=0.0': 1.0, 'noise=0.0;missing=0.2': 1.0, 'noise=0.1;missing=0.0': 0.9345238095238094, 'noise=0.1;missing=0.2': 0.9532019704433498, 'noise=0.2;missing=0.0': 0.878968253968254, 'noise=0.2;missing=0.2': 0.8559113300492609}",0.7738095238095238,0.07142857142857142,8,7,28,2.2857142857142856,0.4666666666666667,8,1.7777777777777777,3.0061728395061724,0.5112847222222222,4.441024413893479,"{2: 22, 3: 4, 4: 2}",28,0.0,0.4597073780129336
0.9349457215836526,0.7619047619047619,0.9349457215836526,"{0.0: 1.0, 0.1: 0.9496442255062945, 0.2: 0.8551929392446633}","{'noise=0.0;missing=0.0': 1.0, 'noise=0.0;missing=0.2': 1.0, 'noise=0.1;missing=0.0': 0.9325396825396826, 'noise=0.1;missing=0.2': 0.9667487684729064, 'noise=0.2;missing=0.0': 0.8630952380952381, 'noise=0.2;missing=0.2': 0.8472906403940886}",0.7738095238095238,0.05952380952380952,8,7,28,2.1785714285714284,0.4666666666666667,9,1.6944444444444444,4.3788580246913575,0.5733151183970856,4.253626476517015,"{2: 24, 3: 3, 4: 1}",28,0.0,0.4591921112580835
0.9292099981755154,0.7440476190476191,0.9292099981755154,"{0.0: 1.0, 0.1: 0.9312739463601533, 0.2: 0.8563560481663929}","{'noise=0.0;missing=0.0': 1.0, 'noise=0.0;missing=0.2': 1.0, 'noise=0.1;missing=0.0': 0.9265873015873015, 'noise=0.1;missing=0.2': 0.935960591133005, 'noise=0.2;missing=0.0': 0.8432539682539684, 'noise=0.2;missing=0.2': 0.8694581280788176}",0.7380952380952381,0.03571428571428571,8,7,30,2.4,0.5,11,2.0,4.611111111111111,0.5254629629629629,4.390857670576784,"{2: 22, 3: 4, 4: 4}",30,0.0,0.49243518518518514
0.9165868454661558,0.7142857142857143,0.9165868454661558,"{0.0: 1.0, 0.1: 0.9398946360153256, 0.2: 0.8098659003831418}","{'noise=0.0;missing=0.0': 1.0, 'noise=0.0;missing=0.2': 1.0, 'noise=0.1;missing=0.0': 0.9265873015873015, 'noise=0.1;missing=0.2': 0.9532019704433496, 'noise=0.2;missing=0.0': 0.7896825396825397, 'noise=0.2;missing=0.2': 0.8300492610837437}",0.7142857142857143,0.023809523809523808,8,7,32,2.21875,0.5333333333333333,10,1.9722222222222223,4.638117283950617,0.5598591549295775,4.277323804550244,"{2: 26, 3: 5, 4: 1}",32,2.0,0.5228476723251029
0.9284231891990512,0.7380952380952381,0.9284231891990512,"{0.0: 1.0, 0.1: 0.9455733442802406, 0.2: 0.8396962233169128}","{'noise=0.0;missing=0.0': 1.0, 'noise=0.0;missing=0.2': 1.0, 'noise=0.1;missing=0.0': 0.9305555555555556, 'noise=0.1;missing=0.2': 0.960591133004926, 'noise=0.2;missing=0.0': 0.8333333333333334, 'noise=0.2;missing=0.2': 0.8460591133004925}",0.7380952380952381,0.05952380952380952,8,7,38,2.263157894736842,0.6333333333333333,11,2.388888888888889,4.682098765432098,0.4560723514211886,4.6115320073375035,"{2: 31, 3: 4, 4: 3}",38,8.0,0.6181633907299111
0.9484012953840539,0.7976190476190477,0.9484012953840539,"{0.0: 1.0, 0.1: 0.9590175150519978, 0.2: 0.8861863711001642}","{'noise=0.0;missing=0.0': 1.0, 'noise=0.0;missing=0.2': 1.0, 'noise=0.1;missing=0.0': 0.9365079365079365, 'noise=0.1;missing=0.2': 0.981527093596059, 'noise=0.2;missing=0.0': 0.886904761904762, 'noise=0.2;missing=0.2': 0.8854679802955665}",0.8214285714285714,0.08333333333333333,8,7,25,2.36,0.4166666666666667,7,1.6388888888888888,2.5640432098765427,0.4976459510357815,4.455849668558721,"{2: 19, 3: 3, 4: 3}",25,0.0,0.4126495627572017
0.942448914431673,0.7797619047619048,0.942448914431673,"{0.0: 1.0, 0.1: 0.9538519430760809, 0.2: 0.8734948002189381}","{'noise=0.0;missing=0.0': 1.0, 'noise=0.0;missing=0.2': 1.0, 'noise=0.1;missing=0.0': 0.9384920634920635, 'noise=0.1;missing=0.2': 0.9692118226600985, 'noise=0.2;missing=0.0': 0.884920634920635, 'noise=0.2;missing=0.2': 0.8620689655172413}",0.7976190476190477,0.07142857142857142,8,7,33,2.090909090909091,0.55,9,1.9166666666666667,4.6319444444444455,0.5462962962962963,4.341096876842767,"{2: 30, 3: 3}",33,3.0,0.5377921927609427
0.9404533844189016,0.7916666666666666,0.9404533844189016,"{0.0: 1.0, 0.1: 0.9628489326765189, 0.2: 0.8585112205801861}","{'noise=0.0;missing=0.0': 1.0, 'noise=0.0;missing=0.2': 1.0, 'noise=0.1;missing=0.0': 0.9404761904761905, 'noise=0.1;missing=0.2': 0.9852216748768472, 'noise=0.2;missing=0.0': 0.8611111111111109, 'noise=0.2;missing=0.2': 0.8559113300492609}",0.7738095238095238,0.047619047619047616,8,7,31,2.2903225806451615,0.5166666666666667,11,1.9722222222222223,4.471450617283952,0.5223004694835681,4.395419777687384,"{2: 24, 3: 5, 4: 2}",31,1.0,0.5074835930240277
0.9441023535851121,0.7797619047619048,0.9441023535851121,"{0.0: 1.0, 0.1: 0.9540229885057473, 0.2: 0.8782840722495895}","{'noise=0.0;missing=0.0': 1.0, 'noise=0.0;missing=0.2': 1.0, 'noise=0.1;missing=0.0': 0.9523809523809524, 'noise=0.1;missing=0.2': 0.9556650246305418, 'noise=0.2;missing=0.0': 0.8809523809523808, 'noise=0.2;missing=0.2': 0.8756157635467978}",0.8095238095238095,0.07142857142857142,8,7,26,2.269230769230769,0.43333333333333335,8,1.6388888888888888,3.5640432098765427,0.5758003766478342,4.230372821304823,"{2: 21, 3: 3, 4: 2}",26,0.0,0.4280192208768598
0.9235312899106002,0.7321428571428571,0.9235312899106002,"{0.0: 1.0, 0.1: 0.9371237000547347, 0.2: 0.8334701696770662}","{'noise=0.0;missing=0.0': 1.0, 'noise=0.0;missing=0.2': 1.0, 'noise=0.1;missing=0.0': 0.9087301587301587, 'noise=0.1;missing=0.2': 0.9655172413793104, 'noise=0.2;missing=0.0': 0.8492063492063492, 'noise=0.2;missing=0.2': 0.8177339901477831}",0.7380952380952381,0.05952380952380952,8,7,28,2.25,0.4666666666666667,9,1.75,3.5208333333333335,0.533068783068783,4.3809557166699395,"{2: 23, 3: 3, 4: 2}",28,0.0,0.4595451388888889
0.9367359970808247,0.7738095238095238,0.9367359970808247,"{0.0: 1.0, 0.1: 0.9637725779967159, 0.2: 0.846435413245758}","{'noise=0.0;missing=0.0': 1.0, 'noise=0.0;missing=0.2': 1.0, 'noise=0.1;missing=0.0': 0.9583333333333333, 'noise=0.1;missing=0.2': 0.9692118226600985, 'noise=0.2;missing=0.0': 0.8591269841269841, 'noise=0.2;missing=0.2': 0.8337438423645319}",0.7857142857142857,0.07142857142857142,8,7,31,2.193548387096774,0.5166666666666667,8,1.8888888888888888,4.04320987654321,0.5612745098039216,4.319244738933759,"{2: 26, 3: 4, 4: 1}",31,1.0,0.5067401765564847
0.9377850757161103,0.7738095238095238,0.9377850757161103,"{0.0: 1.0, 0.1: 0.955083470169677, 0.2: 0.8582717569786535}","{'noise=0.0;missing=0.0': 1.0, 'noise=0.0;missing=0.2': 1.0, 'noise=0.1;missing=0.0': 0.9384920634920635, 'noise=0.1;missing=0.2': 0.9716748768472907, 'noise=0.2;missing=0.0': 0.8630952380952381, 'noise=0.2;missing=0.2': 0.8534482758620688}",0.7857142857142857,0.07142857142857142,8,7,25,2.24,0.4166666666666667,9,1.5555555555555556,3.802469135802469,0.6061507936507936,4.1503194306384765,"{2: 20, 3: 4, 4: 1}",25,0.0,0.412022633744856
0.921319102353585,0.7261904761904762,0.921319102353585,"{0.0: 1.0, 0.1: 0.9234742747673782, 0.2: 0.8404830322933771}","{'noise=0.0;missing=0.0': 1.0, 'noise=0.0;missing=0.2': 1.0, 'noise=0.1;missing=0.0': 0.9146825396825397, 'noise=0.1;missing=0.2': 0.9322660098522167, 'noise=0.2;missing=0.0': 0.8472222222222222, 'noise=0.2;missing=0.2': 0.8337438423645319}",0.75,0.047619047619047616,8,7,29,2.2758620689655173,0.48333333333333334,7,1.8333333333333333,3.638888888888889,0.5538720538720538,4.343563158926166,"{2: 23, 3: 4, 4: 2}",29,0.0,0.4755777458492976
0.9391990512680168,0.7797619047619048,0.9391990512680168,"{0.0: 1.0, 0.1: 0.9610700602079912, 0.2: 0.8565270935960589}","{'noise=0.0;missing=0.0': 1.0, 'noise=0.0;missing=0.2': 1.0, 'noise=0.1;missing=0.0': 0.9603174603174603, 'noise=0.1;missing=0.2': 0.9618226600985222, 'noise=0.2;missing=0.0': 0.857142857142857, 'noise=0.2;missing=0.2': 0.8559113300492609}",0.7619047619047619,0.05952380952380952,8,7,31,2.2903225806451615,0.5166666666666667,9,1.9722222222222223,3.7492283950617287,0.5082159624413145,4.444695710688321,"{2: 24, 3: 5, 4: 2}",31,1.0,0.5073632226536573
0.940989326765189,0.7797619047619048,0.940989326765189,"{0.0: 1.0, 0.1: 0.9644909688013136, 0.2: 0.8584770114942527}","{'noise=0.0;missing=0.0': 1.0, 'noise=0.0;missing=0.2': 1.0, 'noise=0.1;missing=0.0': 0.9523809523809523, 'noise=0.1;missing=0.2': 0.9766009852216749, 'noise=0.2;missing=0.0': 0.8869047619047619, 'noise=0.2;missing=0.2': 0.8300492610837437}",0.7738095238095238,0.047619047619047616,8,7,27,2.2222222222222223,0.45,6,1.6666666666666667,2.722222222222222,0.5268518518518519,4.398068512058838,"{2: 23, 3: 2, 4: 2}",27,0.0,0.4433858024691358
0.9318555008210181,0.7440476190476191,0.9318555008210181,"{0.0: 1.0, 0.1: 0.9369184455391352, 0.2: 0.8586480569239191}","{'noise=0.0;missing=0.0': 1.0, 'noise=0.0;missing=0.2': 1.0, 'noise=0.1;missing=0.0': 0.9206349206349207, 'noise=0.1;missing=0.2': 0.9532019704433498, 'noise=0.2;missing=0.0': 0.865079365079365, 'noise=0.2;missing=0.2': 0.852216748768473}",0.7619047619047619,0.07142857142857142,8,7,23,2.3043478260869565,0.38333333333333336,6,1.4722222222222223,2.1381172839506175,0.5267295597484277,4.397178473186203,"{2: 18, 3: 3, 4: 2}",23,0.0,0.3805254350062623
0.9396095602992156,0.7738095238095238,0.9396095602992156,"{0.0: 1.0, 0.1: 0.9469417077175698, 0.2: 0.8718869731800767}","{'noise=0.0;missing=0.0': 1.0, 'noise=0.0;missing=0.2': 1.0, 'noise=0.1;missing=0.0': 0.9345238095238094, 'noise=0.1;missing=0.2': 0.9593596059113301, 'noise=0.2;missing=0.0': 0.8829365079365079, 'noise=0.2;missing=0.2': 0.8608374384236452}",0.7976190476190477,0.08333333333333333,8,7,33,2.1515151515151514,0.55,7,1.9722222222222223,3.6936728395061724,0.5027386541471048,4.491907726508703,"{2: 30, 3: 1, 4: 2}",33,3.0,0.5380566895809951
0.9464513774858601,0.7976190476190477,0.9464513774858601,"{0.0: 1.0, 0.1: 0.9543650793650793, 0.2: 0.8849890530925013}","{'noise=0.0;missing=0.0': 1.0, 'noise=0.0;missing=0.2': 1.0, 'noise=0.1;missing=0.0': 0.9444444444444444, 'noise=0.1;missing=0.2': 0.9642857142857143, 'noise=0.2;missing=0.0': 0.8968253968253969, 'noise=0.2;missing=0.2': 0.8731527093596059}",0.8214285714285714,0.07142857142857142,8,7,25,2.36,0.4166666666666667,7,1.6388888888888888,2.508487654320988,0.5051789077212806,4.4541570334721134,"{2: 19, 3: 3, 4: 3}",25,0.0,0.41264030349794245
0.9373289545703339,0.7738095238095238,0.9373289545703339,"{0.0: 1.0, 0.1: 0.9594622331691297, 0.2: 0.8525246305418719}","{'noise=0.0;missing=0.0': 1.0, 'noise=0.0;missing=0.2': 1.0, 'noise=0.1;missing=0.0': 0.9583333333333334, 'noise=0.1;missing=0.2': 0.9605911330049262, 'noise=0.2;missing=0.0': 0.8392857142857143, 'noise=0.2;missing=0.2': 0.8657635467980295}",0.7619047619047619,0.03571428571428571,8,7,33,2.1818181818181817,0.55,7,2.0,3.9444444444444446,0.5393518518518519,4.36024878799096,"{2: 28, 3: 4, 4: 1}",33,3.0,0.5383089225589225
0.9498494800218938,0.8214285714285714,0.9498494800218938,"{0.0: 1.0, 0.1: 0.9581964969896004, 0.2: 0.8913519430760809}","{'noise=0.0;missing=0.0': 1.0, 'noise=0.0;missing=0.2': 1.0, 'noise=0.1;missing=0.0': 0.9484126984126985, 'noise=0.1;missing=0.2': 0.9679802955665026, 'noise=0.2;missing=0.0': 0.9206349206349207, 'noise=0.2;missing=0.2': 0.8620689655172412}",0.7738095238095238,0.07142857142857142,8,7,31,2.2580645161290325,0.5166666666666667,11,1.9444444444444444,4.274691358024692,0.5047619047619047,4.4178208202754705,"{2: 25, 3: 4, 4: 2}",31,1.0,0.5072267854772335
0.9323686371100164,0.7559523809523809,0.9323686371100164,"{0.0: 1.0, 0.1: 0.9425629447181171, 0.2: 0.8545429666119322}","{'noise=0.0;missing=0.0': 1.0, 'noise=0.0;missing=0.2': 1.0, 'noise=0.1;missing=0.0': 0.9146825396825398, 'noise=0.1;missing=0.2': 0.9704433497536946, 'noise=0.2;missing=0.0': 0.8531746031746031, 'noise=0.2;missing=0.2': 0.8559113300492609}",0.7619047619047619,0.07142857142857142,8,7,28,2.2857142857142856,0.4666666666666667,8,1.7777777777777777,3.783950617283951,0.5520833333333334,4.345463821688583,"{2: 23, 3: 2, 4: 3}",28,0.0,0.45983700764256324
0.9437260536398467,0.7916666666666666,0.9437260536398467,"{0.0: 1.0, 0.1: 0.9489942528735632, 0.2: 0.8821839080459769}","{'noise=0.0;missing=0.0': 1.0, 'noise=0.0;missing=0.2': 1.0, 'noise=0.1;missing=0.0': 0.9226190476190477, 'noise=0.1;missing=0.2': 0.9753694581280788, 'noise=0.2;missing=0.0': 0.9047619047619048, 'noise=0.2;missing=0.2': 0.8596059113300492}",0.7976190476190477,0.08333333333333333,8,7,29,2.310344827586207,0.48333333333333334,8,1.8611111111111112,2.7307098765432105,0.45149253731343286,4.608645302521286,"{2: 23, 3: 3, 4: 3}",29,0.0,0.47566584628210584
0.9273284984491882,0.7380952380952381,0.9273284984491882,"{0.0: 1.0, 0.1: 0.9398262178434591, 0.2: 0.842159277504105}","{'noise=0.0;missing=0.0': 1.0, 'noise=0.0;missing=0.2': 1.0, 'noise=0.1;missing=0.0': 0.9424603174603174, 'noise=0.1;missing=0.2': 0.9371921182266011, 'noise=0.2;missing=0.0': 0.869047619047619, 'noise=0.2;missing=0.2': 0.8152709359605911}",0.75,0.05952380952380952,8,7,26,2.1923076923076925,0.43333333333333335,8,1.5833333333333333,3.1319444444444446,0.5667641325536062,4.273348733645775,"{2: 22, 3: 3, 4: 1}",26,0.0,0.4274130163817664
0.935207991242474,0.7797619047619048,0.935207991242474,"{0.0: 1.0, 0.1: 0.9535098522167489, 0.2: 0.8521141215106732}","{'noise=0.0;missing=0.0': 1.0, 'noise=0.0;missing=0.2': 1.0, 'noise=0.1;missing=0.0': 0.9464285714285714, 'noise=0.1;missing=0.2': 0.960591133004926, 'noise=0.2;missing=0.0': 0.8630952380952381, 'noise=0.2;missing=0.2': 0.8411330049261083}",0.7976190476190477,0.07142857142857142,8,7,31,2.3548387096774195,0.5166666666666667,6,2.0277777777777777,2.7492283950617287,0.4410197869101979,4.657653717346259,"{2: 24, 3: 3, 4: 4}",31,1.0,0.5076445846608256
0.9463487502280605,0.8035714285714286,0.9463487502280605,"{0.0: 1.0, 0.1: 0.9529625068418172, 0.2: 0.8860837438423645}","{'noise=0.0;missing=0.0': 1.0, 'noise=0.0;missing=0.2': 1.0, 'noise=0.1;missing=0.0': 0.9305555555555555, 'noise=0.1;missing=0.2': 0.9753694581280788, 'noise=0.2;missing=0.0': 0.8928571428571429, 'noise=0.2;missing=0.2': 0.8793103448275862}",0.8095238095238095,0.08333333333333333,8,7,28,2.25,0.4666666666666667,12,1.75,4.631944444444445,0.5445326278659612,4.308097137847988,"{2: 23, 3: 3, 4: 2}",28,0.0,0.4597303240740741
0.9367702061667578,0.7678571428571429,0.9367702061667578,"{0.0: 1.0, 0.1: 0.9438628899835796, 0.2: 0.866447728516694}","{'noise=0.0;missing=0.0': 1.0, 'noise=0.0;missing=0.2': 1.0, 'noise=0.1;missing=0.0': 0.9345238095238094, 'noise=0.1;missing=0.2': 0.9532019704433498, 'noise=0.2;missing=0.0': 0.8769841269841271, 'noise=0.2;missing=0.2': 0.855911330049261}",0.7738095238095238,0.07142857142857142,8,7,30,2.3,0.5,9,1.9166666666666667,3.354166666666666,0.49074074074074076,4.491874094145782,"{2: 23, 3: 5, 4: 2}",30,0.0,0.49153125
0.9463145411421274,0.7976190476190477,0.9463145411421274,"{0.0: 1.0, 0.1: 0.9568281335522715, 0.2: 0.8821154898741107}","{'noise=0.0;missing=0.0': 1.0, 'noise=0.0;missing=0.2': 1.0, 'noise=0.1;missing=0.0': 0.9444444444444445, 'noise=0.1;missing=0.2': 0.9692118226600985, 'noise=0.2;missing=0.0': 0.884920634920635, 'noise=0.2;missing=0.2': 0.8793103448275863}",0.8214285714285714,0.047619047619047616,8,7,31,2.064516129032258,0.5166666666666667,9,1.7777777777777777,4.228395061728395,0.5572916666666666,4.313853078152579,"{2: 29, 3: 2}",31,1.0,0.5058749834063454
0.92911877394636,0.75,0.92911877394636,"{0.0: 1.0, 0.1: 0.9418787629994527, 0.2: 0.8454775588396277}","{'noise=0.0;missing=0.0': 1.0, 'noise=0.0;missing=0.2': 1.0, 'noise=0.1;missing=0.0': 0.9305555555555555, 'noise=0.1;missing=0.2': 0.9532019704433498, 'noise=0.2;missing=0.0': 0.867063492063492, 'noise=0.2;missing=0.2': 0.8238916256157635}",0.7380952380952381,0.05952380952380952,8,7,27,2.4074074074074074,0.45,9,1.8055555555555556,3.156635802469135,0.4722222222222222,4.552782528833504,"{2: 20, 3: 3, 4: 4}",27,0.0,0.44474421296296296
0.9390622149242838,0.7619047619047619,0.9390622149242838,"{0.0: 1.0, 0.1: 0.9514915161466886, 0.2: 0.865695128626163}","{'noise=0.0;missing=0.0': 1.0, 'noise=0.0;missing=0.2': 1.0, 'noise=0.1;missing=0.0': 0.9325396825396824, 'noise=0.1;missing=0.2': 0.9704433497536946, 'noise=0.2;missing=0.0': 0.8730158730158731, 'noise=0.2;missing=0.2': 0.8583743842364531}",0.7738095238095238,0.07142857142857142,8,7,29,2.1379310344827585,0.48333333333333334,6,1.7222222222222223,2.9228395061728403,0.5259856630824373,4.4157434396569695,"{2: 26, 3: 2, 4: 1}",29,0.0,0.47450054987938134
0.9249452654625069,0.7321428571428571,0.9249452654625069,"{0.0: 1.0, 0.1: 0.9440681444991791, 0.2: 0.8307676518883415}","{'noise=0.0;missing=0.0': 1.0, 'noise=0.0;missing=0.2': 1.0, 'noise=0.1;missing=0.0': 0.9226190476190476, 'noise=0.1;missing=0.2': 0.9655172413793104, 'noise=0.2;missing=0.0': 0.8511904761904762, 'noise=0.2;missing=0.2': 0.8103448275862067}",0.7261904761904762,0.07142857142857142,8,7,32,2.25,0.5333333333333333,11,2.0,4.444444444444445,0.5007716049382716,4.479612663987384,"{2: 27, 3: 2, 4: 3}",32,2.0,0.5230324074074073
0.9443304141580002,0.7916666666666666,0.9443304141580002,"{0.0: 1.0, 0.1: 0.9543308702791461, 0.2: 0.878660372194855}","{'noise=0.0;missing=0.0': 1.0, 'noise=0.0;missing=0.2': 1.0, 'noise=0.1;missing=0.0': 0.9345238095238094, 'noise=0.1;missing=0.2': 0.9741379310344828, 'noise=0.2;missing=0.0': 0.8829365079365078, 'noise=0.2;missing=0.2': 0.874384236453202}",0.8333333333333334,0.07142857142857142,8,7,29,2.2758620689655173,0.48333333333333334,8,1.8333333333333333,3.3055555555555554,0.5227272727272727,4.404411832123189,"{2: 23, 3: 4, 4: 2}",29,0.0,0.47552219029374204
0.9479793833242108,0.8095238095238095,0.9479793833242108,"{0.0: 1.0, 0.1: 0.9542624521072797, 0.2: 0.8896756978653529}","{'noise=0.0;missing=0.0': 1.0, 'noise=0.0;missing=0.2': 1.0, 'noise=0.1;missing=0.0': 0.9503968253968254, 'noise=0.1;missing=0.2': 0.9581280788177339, 'noise=0.2;missing=0.0': 0.8988095238095238, 'noise=0.2;missing=0.2': 0.8805418719211823}",0.8333333333333334,0.05952380952380952,8,7,27,2.185185185185185,0.45,6,1.6388888888888888,2.341820987654321,0.5042372881355932,4.4648677867899,"{2: 23, 3: 3, 4: 1}",27,0.0,0.44306520061728394
0.9333835066593685,0.7738095238095238,0.9333835066593685,"{0.0: 1.0, 0.1: 0.940407772304324, 0.2: 0.8597427476737821}","{'noise=0.0;missing=0.0': 1.0, 'noise=0.0;missing=0.2': 1.0, 'noise=0.1;missing=0.0': 0.9325396825396826, 'noise=0.1;missing=0.2': 0.9482758620689654, 'noise=0.2;missing=0.0': 0.861111111111111, 'noise=0.2;missing=0.2': 0.8583743842364531}",0.8095238095238095,0.047619047619047616,8,7,28,2.1785714285714284,0.4666666666666667,5,1.6944444444444444,2.934413580246914,0.5532786885245902,4.30831296197718,"{2: 24, 3: 3, 4: 1}",28,0.0,0.45895137051734275
0.9294722678343368,0.7559523809523809,0.9294722678343368,"{0.0: 1.0, 0.1: 0.9352079912424739, 0.2: 0.8532088122605364}","{'noise=0.0;missing=0.0': 1.0, 'noise=0.0;missing=0.2': 1.0, 'noise=0.1;missing=0.0': 0.9246031746031746, 'noise=0.1;missing=0.2': 0.9458128078817734, 'noise=0.2;missing=0.0': 0.8591269841269842, 'noise=0.2;missing=0.2': 0.8472906403940886}",0.8095238095238095,0.05952380952380952,8,7,32,2.25,0.5333333333333333,6,2.0,3.2777777777777777,0.47762345679012347,4.569114154689792,"{2: 27, 3: 2, 4: 3}",32,2.0,0.5228379629629629
0.9383324210910418,0.7738095238095238,0.9383324210910418,"{0.0: 1.0, 0.1: 0.959667487684729, 0.2: 0.8553297755883963}","{'noise=0.0;missing=0.0': 1.0, 'noise=0.0;missing=0.2': 1.0, 'noise=0.1;missing=0.0': 0.9464285714285714, 'noise=0.1;missing=0.2': 0.9729064039408868, 'noise=0.2;missing=0.0': 0.8670634920634921, 'noise=0.2;missing=0.2': 0.8435960591133004}",0.7738095238095238,0.047619047619047616,8,7,30,2.2333333333333334,0.5,9,1.8611111111111112,4.0640432098765435,0.5493366500829188,4.31683009380049,"{2: 25, 3: 3, 4: 2}",30,0.0,0.4911865997942387
0.9362570698777595,0.7738095238095238,0.9362570698777595,"{0.0: 1.0, 0.1: 0.9442049808429118, 0.2: 0.8645662287903667}","{'noise=0.0;missing=0.0': 1.0, 'noise=0.0;missing=0.2': 1.0, 'noise=0.1;missing=0.0': 0.9265873015873015, 'noise=0.1;missing=0.2': 0.9618226600985222, 'noise=0.2;missing=0.0': 0.8670634920634921, 'noise=0.2;missing=0.2': 0.8620689655172413}",0.7976190476190477,0.05952380952380952,8,7,25,2.28,0.4166666666666667,5,1.5833333333333333,2.1875,0.4946393762183236,4.4936146382412785,"{2: 20, 3: 3, 4: 2}",25,0.0,0.41203125
0.942448914431673,0.7976190476190477,0.942448914431673,"{0.0: 1.0, 0.1: 0.9660987958401751, 0.2: 0.8612479474548439}","{'noise=0.0;missing=0.0': 1.0, 'noise=0.0;missing=0.2': 1.0, 'noise=0.1;missing=0.0': 0.9543650793650793, 'noise=0.1;missing=0.2': 0.9778325123152708, 'noise=0.2;missing=0.0': 0.869047619047619, 'noise=0.2;missing=0.2': 0.8534482758620688}",0.7976190476190477,0.05952380952380952,8,7,25,2.32,0.4166666666666667,9,1.6111111111111112,4.07098765432099,0.6005747126436781,4.17366057320152,"{2: 19, 3: 4, 4: 2}",25,0.0,0.41262294238683134
0.937944718117132,0.7678571428571429,0.937944718117132,"{0.0: 1.0, 0.1: 0.9495073891625615, 0.2: 0.8643267651888341}","{'noise=0.0;missing=0.0': 1.0, 'noise=0.0;missing=0.2': 1.0, 'noise=0.1;missing=0.0': 0.9285714285714286, 'noise=0.1;missing=0.2': 0.9704433497536946, 'noise=0.2;missing=0.0': 0.869047619047619, 'noise=0.2;missing=0.2': 0.8596059113300492}",0.75,0.07142857142857142,8,7,26,2.3461538461538463,0.43333333333333335,9,1.6944444444444444,2.9899691358024683,0.4849726775956284,4.507885083145324,"{2: 20, 3: 3, 4: 3}",26,0.0,0.4284577298987021
0.9358921729611386,0.7678571428571429,0.9358921729611386,"{0.0: 1.0, 0.1: 0.9355500821018062, 0.2: 0.8721264367816092}","{'noise=0.0;missing=0.0': 1.0, 'noise=0.0;missing=0.2': 1.0, 'noise=0.1;missing=0.0': 0.9166666666666666, 'noise=0.1;missing=0.2': 0.9544334975369458, 'noise=0.2;missing=0.0': 0.880952380952381, 'noise=0.2;missing=0.2': 0.8633004926108373}",0.8095238095238095,0.05952380952380952,8,7,29,2.3448275862068964,0.48333333333333334,9,1.8888888888888888,3.709876543209876,0.5277777777777778,4.38859455488752,"{2: 22, 3: 4, 4: 3}",29,0.0,0.47606850432808284
0.9269407954752783,0.7380952380952381,0.9269407954752783,"{0.0: 1.0, 0.1: 0.9450944170771757, 0.2: 0.8357279693486589}","{'noise=0.0;missing=0.0': 1.0, 'noise=0.0;missing=0.2': 1.0, 'noise=0.1;missing=0.0': 0.9345238095238095, 'noise=0.1;missing=0.2': 0.9556650246305419, 'noise=0.2;missing=0.0': 0.861111111111111, 'noise=0.2;missing=0.2': 0.8103448275862067}",0.7619047619047619,0.05952380952380952,8,7,23,2.217391304347826,0.38333333333333336,9,1.4166666666666667,3.1875,0.5942265795206971,4.161471419893818,"{2: 19, 3: 3, 4: 1}",23,0.0,0.3800964673913043
0.9423576902025177,0.8035714285714286,0.9423576902025177,"{0.0: 1.0, 0.1: 0.9589148877941981, 0.2: 0.8681581828133552}","{'noise=0.0;missing=0.0': 1.0, 'noise=0.0;missing=0.2': 1.0, 'noise=0.1;missing=0.0': 0.9424603174603173, 'noise=0.1;missing=0.2': 0.9753694581280788, 'noise=0.2;missing=0.0': 0.8730158730158729, 'noise=0.2;missing=0.2': 0.8633004926108374}",0.8095238095238095,0.05952380952380952,8,7,25,2.24,0.4166666666666667,9,1.5555555555555556,2.8024691358024687,0.501984126984127,4.436033716352761,"{2: 21, 3: 2, 4: 2}",25,0.0,0.41185596707818933
0.9424603174603173,0.7857142857142857,0.9424603174603173,"{0.0: 1.0, 0.1: 0.9605227148330597, 0.2: 0.8668582375478928}","{'noise=0.0;missing=0.0': 1.0, 'noise=0.0;missing=0.2': 1.0, 'noise=0.1;missing=0.0': 0.9444444444444444, 'noise=0.1;missing=0.2': 0.9766009852216749, 'noise=0.2;missing=0.0': 0.8531746031746031, 'noise=0.2;missing=0.2': 0.8805418719211823}",0.8095238095238095,0.07142857142857142,8,7,27,2.3333333333333335,0.45,8,1.75,3.076388888888889,0.5101410934744268,4.452849764495032,"{2: 21, 3: 3, 4: 3}",27,0.0,0.44421643518518517
0.9382754059478197,0.7678571428571429,0.9382754059478197,"{0.0: 1.0, 0.1: 0.9496442255062945, 0.2: 0.8651819923371648}","{'noise=0.0;missing=0.0': 1.0, 'noise=0.0;missing=0.2': 1.0, 'noise=0.1;missing=0.0': 0.9325396825396826, 'noise=0.1;missing=0.2': 0.9667487684729064, 'noise=0.2;missing=0.0': 0.8670634920634921, 'noise=0.2;missing=0.2': 0.8633004926108373}",0.7857142857142857,0.05952380952380952,8,7,30,2.2,0.5,8,1.8333333333333333,3.8055555555555562,0.5277777777777778,4.403777832426728,"{2: 26, 3: 2, 4: 2}",30,0.0,0.490912037037037
0.925253147235906,0.7380952380952381,0.925253147235906,"{0.0: 1.0, 0.1: 0.9361316365626712, 0.2: 0.8396278051450465}","{'noise=0.0;missing=0.0': 1.0, 'noise=0.0;missing=0.2': 1.0, 'noise=0.1;missing=0.0': 0.9067460317460317, 'noise=0.1;missing=0.2': 0.9655172413793104, 'noise=0.2;missing=0.0': 0.8492063492063492, 'noise=0.2;missing=0.2': 0.8300492610837438}",0.75,0.05952380952380952,8,7,26,2.230769230769231,0.43333333333333335,10,1.6111111111111112,4.070987654320989,0.5909961685823755,4.194127659541056,"{2: 21, 3: 4, 4: 1}",26,0.0,0.4278366176005065
0.9374771939427111,0.7797619047619048,0.9374771939427111,"{0.0: 1.0, 0.1: 0.9540914066776135, 0.2: 0.85834017515052}","{'noise=0.0;missing=0.0': 1.0, 'noise=0.0;missing=0.2': 1.0, 'noise=0.1;missing=0.0': 0.9365079365079365, 'noise=0.1;missing=0.2': 0.9716748768472906, 'noise=0.2;missing=0.0': 0.8829365079365079, 'noise=0.2;missing=0.2': 0.833743842364532}",0.7738095238095238,0.05952380952380952,8,7,24,2.3333333333333335,0.4,10,1.5555555555555556,3.302469135802469,0.5337301587301587,4.325324235277408,"{2: 18, 3: 4, 4: 2}",24,0.0,0.39675411522633747
0.9425971538040504,0.7916666666666666,0.9425971538040504,"{0.0: 1.0, 0.1: 0.9503626163108922, 0.2: 0.877428845101259}","{'noise=0.0;missing=0.0': 1.0, 'noise=0.0;missing=0.2': 1.0, 'noise=0.1;missing=0.0': 0.9265873015873015, 'noise=0.1;missing=0.2': 0.9741379310344828, 'noise=0.2;missing=0.0': 0.8829365079365079, 'noise=0.2;missing=0.2': 0.8719211822660098}",0.8452380952380952,0.03571428571428571,8,7,22,2.227272727272727,0.36666666666666664,6,1.3611111111111112,2.341820987654321,0.5663265306122449,4.272901559179404,"{2: 18, 3: 3, 4: 1}",22,0.0,0.36419080854844743
0.9325396825396827,0.7559523809523809,0.9325396825396827,"{0.0: 1.0, 0.1: 0.9481390257252327, 0.2: 0.8494800218938149}","{'noise=0.0;missing=0.0': 1.0, 'noise=0.0;missing=0.2': 1.0, 'noise=0.1;missing=0.0': 0.9246031746031746, 'noise=0.1;missing=0.2': 0.9716748768472907, 'noise=0.2;missing=0.0': 0.8492063492063492, 'noise=0.2;missing=0.2': 0.8497536945812808}",0.7619047619047619,0.07142857142857142,8,7,35,2.257142857142857,0.5833333333333334,12,2.1944444444444446,5.5455246913580245,0.5193389592123769,4.434606660547382,"{2: 29, 3: 3, 4: 3}",35,5.0,0.5707655239564962
0.9503626163108921,0.8273809523809523,0.9503626163108921,"{0.0: 1.0, 0.1: 0.9697933771209633, 0.2: 0.8812944718117132}","{'noise=0.0;missing=0.0': 1.0, 'noise=0.0;missing=0.2': 1.0, 'noise=0.1;missing=0.0': 0.9543650793650793, 'noise=0.1;missing=0.2': 0.9852216748768472, 'noise=0.2;missing=0.0': 0.8968253968253969, 'noise=0.2;missing=0.2': 0.8657635467980295}",0.8333333333333334,0.07142857142857142,8,7,24,2.3333333333333335,0.4,9,1.5555555555555556,3.691358024691356,0.5932539682539683,4.194787734132637,"{2: 18, 3: 4, 4: 2}",24,0.0,0.39681893004115226
0.9413884327677432,0.7797619047619048,0.9413884327677432,"{0.0: 1.0, 0.1: 0.9471469622331691, 0.2: 0.8770183360700602}","{'noise=0.0;missing=0.0': 1.0, 'noise=0.0;missing=0.2': 1.0, 'noise=0.1;missing=0.0': 0.9226190476190476, 'noise=0.1;missing=0.2': 0.9716748768472907, 'noise=0.2;missing=0.0': 0.9067460317460316, 'noise=0.2;missing=0.2': 0.8472906403940886}",0.8095238095238095,0.05952380952380952,8,7,25,2.2,0.4166666666666667,9,1.5277777777777777,3.138117283950617,0.5601010101010101,4.27601448589791,"{2: 21, 3: 3, 4: 1}",25,0.0,0.41163413065843624
0.9462119138843277,0.8035714285714286,0.9462119138843277,"{0.0: 1.0, 0.1: 0.9441023535851123, 0.2: 0.8945333880678709}","{'noise=0.0;missing=0.0': 1.0, 'noise=0.0;missing=0.2': 1.0, 'noise=0.1;missing=0.0': 0.9325396825396826, 'noise=0.1;missing=0.2': 0.9556650246305419, 'noise=0.2;missing=0.0': 0.9146825396825397, 'noise=0.2;missing=0.2': 0.874384236453202}",0.8333333333333334,0.05952380952380952,8,7,27,2.3333333333333335,0.45,9,1.75,3.3541666666666665,0.5145502645502645,4.412701748415971,"{2: 21, 3: 3, 4: 3}",27,0.0,0.4442627314814815
0.9327905491698594,0.7619047619047619,0.9327905491698594,"{0.0: 1.0, 0.1: 0.9475232621784346, 0.2: 0.8508483853311439}","{'noise=0.0;missing=0.0': 1.0, 'noise=0.0;missing=0.2': 1.0, 'noise=0.1;missing=0.0': 0.9246031746031748, 'noise=0.1;missing=0.2': 0.9704433497536946, 'noise=0.2;missing=0.0': 0.8531746031746031, 'noise=0.2;missing=0.2': 0.8485221674876847}",0.75,0.05952380952380952,8,7,26,2.3461538461538463,0.43333333333333335,10,1.6944444444444444,3.1010802469135794,0.45856102003642984,4.549772895636205,"{2: 20, 3: 3, 4: 3}",26,0.0,0.42847624841722065
0.9470443349753694,0.8154761904761905,0.9470443349753694,"{0.0: 1.0, 0.1: 0.9621989600437876, 0.2: 0.8789340448823209}","{'noise=0.0;missing=0.0': 1.0, 'noise=0.0;missing=0.2': 1.0, 'noise=0.1;missing=0.0': 0.9662698412698412, 'noise=0.1;missing=0.2': 0.958128078817734, 'noise=0.2;missing=0.0': 0.8908730158730158, 'noise=0.2;missing=0.2': 0.8669950738916254}",0.8214285714285714,0.03571428571428571,8,7,24,2.2916666666666665,0.4,8,1.5277777777777777,2.693672839506173,0.5267676767676768,4.388101704741192,"{2: 19, 3: 3, 4: 2}",24,0.0,0.3963632973251029
0.9493021346469622,0.8035714285714286,0.9493021346469622,"{0.0: 1.0, 0.1: 0.9586070060207991, 0.2: 0.8892993979200875}","{'noise=0.0;missing=0.0': 1.0, 'noise=0.0;missing=0.2': 1.0, 'noise=0.1;missing=0.0': 0.9603174603174603, 'noise=0.1;missing=0.2': 0.956896551724138, 'noise=0.2;missing=0.0': 0.8968253968253969, 'noise=0.2;missing=0.2': 0.8817733990147784}",0.8095238095238095,0.08333333333333333,8,7,24,2.375,0.4,7,1.5833333333333333,2.076388888888889,0.46345029239766083,4.53611550607889,"{2: 18, 3: 3, 4: 3}",24,0.0,0.3968391203703704
0.9370438788542237,0.7738095238095238,0.9370438788542237,"{0.0: 1.0, 0.1: 0.942220853858785, 0.2: 0.8689107827038862}","{'noise=0.0;missing=0.0': 1.0, 'noise=0.0;missing=0.2': 1.0, 'noise=0.1;missing=0.0': 0.9226190476190476, 'noise=0.1;missing=0.2': 0.9618226600985221, 'noise=0.2;missing=0.0': 0.8769841269841271, 'noise=0.2;missing=0.2': 0.8608374384236452}",0.7976190476190477,0.07142857142857142,8,7,26,2.230769230769231,0.43333333333333335,9,1.6111111111111112,4.015432098765433,0.6187739463601533,4.112146840538239,"{2: 21, 3: 4, 4: 1}",26,0.0,0.42782735834124724
0.9434067688378033,0.7857142857142857,0.9434067688378033,"{0.0: 1.0, 0.1: 0.9482074438970992, 0.2: 0.882012862616311}","{'noise=0.0;missing=0.0': 1.0, 'noise=0.0;missing=0.2': 1.0, 'noise=0.1;missing=0.0': 0.9444444444444444, 'noise=0.1;missing=0.2': 0.9519704433497537, 'noise=0.2;missing=0.0': 0.8908730158730159, 'noise=0.2;missing=0.2': 0.8731527093596059}",0.7976190476190477,0.08333333333333333,8,7,27,2.3333333333333335,0.45,7,1.75,2.7430555555555554,0.49867724867724866,4.48496226586494,"{2: 21, 3: 3, 4: 3}",27,0.0,0.44416087962962963
0.9503170041963145,0.8214285714285714,0.9503170041963145,"{0.0: 1.0, 0.1: 0.9681171319102353, 0.2: 0.8828338806787084}","{'noise=0.0;missing=0.0': 1.0, 'noise=0.0;missing=0.2': 1.0, 'noise=0.1;missing=0.0': 0.9682539682539683, 'noise=0.1;missing=0.2': 0.9679802955665026, 'noise=0.2;missing=0.0': 0.8789682539682538, 'noise=0.2;missing=0.2': 0.8866995073891626}",0.8095238095238095,0.05952380952380952,8,7,23,2.260869565217391,0.38333333333333336,7,1.4444444444444444,2.0246913580246915,0.4861111111111111,4.485800113165512,"{2: 19, 3: 2, 4: 2}",23,0.0,0.38020459831812486
0.9481048166392994,0.8095238095238095,0.9481048166392994,"{0.0: 1.0, 0.1: 0.9632936507936508, 0.2: 0.8810207991242474}","{'noise=0.0;missing=0.0': 1.0, 'noise=0.0;missing=0.2': 1.0, 'noise=0.1;missing=0.0': 0.9623015873015872, 'noise=0.1;missing=0.2': 0.9642857142857143, 'noise=0.2;missing=0.0': 0.888888888888889, 'noise=0.2;missing=0.2': 0.8731527093596059}",0.8214285714285714,0.047619047619047616,8,7,27,2.3333333333333335,0.45,5,1.75,2.4097222222222223,0.48721340388007056,4.519367678548102,"{2: 21, 3: 3, 4: 3}",27,0.0,0.4441053240740741
0.9429734537493158,0.7857142857142857,0.9429734537493158,"{0.0: 1.0, 0.1: 0.9533730158730158, 0.2: 0.8755473453749316}","{'noise=0.0;missing=0.0': 1.0, 'noise=0.0;missing=0.2': 1.0, 'noise=0.1;missing=0.0': 0.9424603174603174, 'noise=0.1;missing=0.2': 0.9642857142857143, 'noise=0.2;missing=0.0': 0.8730158730158729, 'noise=0.2;missing=0.2': 0.8780788177339901}",0.8214285714285714,0.07142857142857142,8,7,26,2.269230769230769,0.43333333333333335,5,1.6388888888888888,2.119598765432099,0.4882297551789077,4.475969855129791,"{2: 21, 3: 3, 4: 2}",26,0.0,0.427778480136119
0.9388227513227514,0.7738095238095238,0.9388227513227514,"{0.0: 1.0, 0.1: 0.9465996168582375, 0.2: 0.8698686371100164}","{'noise=0.0;missing=0.0': 1.0, 'noise=0.0;missing=0.2': 1.0, 'noise=0.1;missing=0.0': 0.9424603174603174, 'noise=0.1;missing=0.2': 0.9507389162561575, 'noise=0.2;missing=0.0': 0.8690476190476192, 'noise=0.2;missing=0.2': 0.8706896551724137}",0.7976190476190477,0.047619047619047616,8,7,28,2.1785714285714284,0.4666666666666667,6,1.6944444444444444,2.60108024691358,0.5141165755919854,4.447073510283904,"{2: 24, 3: 3, 4: 1}",28,0.0,0.4588958149617872
0.9352878124429849,0.7678571428571429,0.9352878124429849,"{0.0: 1.0, 0.1: 0.9489258347016968, 0.2: 0.8569376026272578}","{'noise=0.0;missing=0.0': 1.0, 'noise=0.0;missing=0.2': 1.0, 'noise=0.1;missing=0.0': 0.9384920634920634, 'noise=0.1;missing=0.2': 0.95935960591133, 'noise=0.2;missing=0.0': 0.869047619047619, 'noise=0.2;missing=0.2': 0.8448275862068965}",0.7857142857142857,0.05952380952380952,8,7,27,2.2962962962962963,0.45,8,1.7222222222222223,3.1450617283950617,0.5367383512544803,4.371309770267236,"{2: 21, 3: 4, 4: 2}",27,0.0,0.44397067901234566
0.9420041963145412,0.7797619047619048,0.9420041963145412,"{0.0: 1.0, 0.1: 0.9590175150519978, 0.2: 0.8669950738916256}","{'noise=0.0;missing=0.0': 1.0, 'noise=0.0;missing=0.2': 1.0, 'noise=0.1;missing=0.0': 0.9365079365079365, 'noise=0.1;missing=0.2': 0.981527093596059, 'noise=0.2;missing=0.0': 0.8571428571428571, 'noise=0.2;missing=0.2': 0.876847290640394}",0.7976190476190477,0.08333333333333333,8,7,25,2.36,0.4166666666666667,7,1.6388888888888888,2.675154320987654,0.5108286252354048,4.434746066900475,"{2: 19, 3: 3, 4: 3}",25,0.0,0.4126680812757202
0.9414454479109651,0.7857142857142857,0.9414454479109651,"{0.0: 1.0, 0.1: 0.9550492610837438, 0.2: 0.8692870826491516}","{'noise=0.0;missing=0.0': 1.0, 'noise=0.0;missing=0.2': 1.0, 'noise=0.1;missing=0.0': 0.9285714285714286, 'noise=0.1;missing=0.2': 0.981527093596059, 'noise=0.2;missing=0.0': 0.878968253968254, 'noise=0.2;missing=0.2': 0.8596059113300492}",0.8095238095238095,0.05952380952380952,8,7,26,2.1923076923076925,0.43333333333333335,9,1.5833333333333333,3.9097222222222223,0.5872319688109162,4.208882557493013,"{2: 22, 3: 3, 4: 1}",26,0.0,0.427542646011396
0.9435778142674693,0.7916666666666666,0.9435778142674693,"{0.0: 1.0, 0.1: 0.9608305966064588, 0.2: 0.8699028461959496}","{'noise=0.0;missing=0.0': 1.0, 'noise=0.0;missing=0.2': 1.0, 'noise=0.1;missing=0.0': 0.9265873015873015, 'noise=0.1;missing=0.2': 0.9950738916256158, 'noise=0.2;missing=0.0': 0.8789682539682538, 'noise=0.2;missing=0.2': 0.8608374384236452}",0.8333333333333334,0.07142857142857142,8,7,30,2.2666666666666666,0.5,8,1.8888888888888888,4.15432098765432,0.5531045751633987,4.313504157675476,"{2: 24, 3: 4, 4: 2}",30,0.0,0.4914331275720164
0.9345922276956761,0.7678571428571429,0.9345922276956761,"{0.0: 1.0, 0.1: 0.9423234811165846, 0.2: 0.8614532019704433}","{'noise=0.0;missing=0.0': 1.0, 'noise=0.0;missing=0.2': 1.0, 'noise=0.1;missing=0.0': 0.9166666666666666, 'noise=0.1;missing=0.2': 0.9679802955665024, 'noise=0.2;missing=0.0': 0.8571428571428571, 'noise=0.2;missing=0.2': 0.8657635467980295}",0.7738095238095238,0.047619047619047616,8,7,23,2.3043478260869565,0.38333333333333336,5,1.4722222222222223,1.9158950617283947,0.5036687631027253,4.461516388926147,"{2: 18, 3: 3, 4: 2}",23,0.0,0.38048839796922523
0.9416621054552088,0.7916666666666666,0.9416621054552088,"{0.0: 1.0, 0.1: 0.9481048166392994, 0.2: 0.8768814997263272}","{'noise=0.0;missing=0.0': 1.0, 'noise=0.0;missing=0.2': 1.0, 'noise=0.1;missing=0.0': 0.9146825396825397, 'noise=0.1;missing=0.2': 0.981527093596059, 'noise=0.2;missing=0.0': 0.9027777777777777, 'noise=0.2;missing=0.2': 0.8509852216748767}",0.8452380952380952,0.03571428571428571,8,7,24,2.2083333333333335,0.4,7,1.4722222222222223,3.0270061728395063,0.5686582809224319,4.262060370191294,"{2: 20, 3: 3, 4: 1}",24,0.0,0.3958401491769547
0.9519476372924649,0.8095238095238095,0.9519476372924649,"{0.0: 1.0, 0.1: 0.969143404488232, 0.2: 0.8866995073891626}","{'noise=0.0;missing=0.0': 1.0, 'noise=0.0;missing=0.2': 1.0, 'noise=0.1;missing=0.0': 0.9801587301587301, 'noise=0.1;missing=0.2': 0.958128078817734, 'noise=0.2;missing=0.0': 0.8928571428571429, 'noise=0.2;missing=0.2': 0.8805418719211823}",0.8214285714285714,0.05952380952380952,8,7,25,2.28,0.4166666666666667,8,1.5833333333333333,3.298611111111111,0.5765107212475633,4.2543958308132135,"{2: 20, 3: 3, 4: 2}",25,0.0,0.4122164351851852
0.9407954752782339,0.7738095238095238,0.9407954752782339,"{0.0: 1.0, 0.1: 0.9524835796387521, 0.2: 0.8699028461959496}","{'noise=0.0;missing=0.0': 1.0, 'noise=0.0;missing=0.2': 1.0, 'noise=0.1;missing=0.0': 0.9345238095238095, 'noise=0.1;missing=0.2': 0.9704433497536946, 'noise=0.2;missing=0.0': 0.8432539682539683, 'noise=0.2;missing=0.2': 0.8965517241379309}",0.7857142857142857,0.08333333333333333,8,7,27,2.185185185185185,0.45,7,1.6388888888888888,2.897376543209876,0.5428436911487758,4.341360049877986,"{2: 23, 3: 3, 4: 1}",27,0.0,0.4431577932098765
0.9328931764276592,0.7678571428571429,0.9328931764276592,"{0.0: 1.0, 0.1: 0.9499178981937602, 0.2: 0.8487616310892173}","{'noise=0.0;missing=0.0': 1.0, 'noise=0.0;missing=0.2': 1.0, 'noise=0.1;missing=0.0': 0.9404761904761905, 'noise=0.1;missing=0.2': 0.9593596059113301, 'noise=0.2;missing=0.0': 0.8551587301587302, 'noise=0.2;missing=0.2': 0.8423645320197043}",0.7619047619047619,0.047619047619047616,8,7,24,2.2083333333333335,0.4,7,1.4722222222222223,2.804783950617284,0.5749475890985325,4.258291861885261,"{2: 20, 3: 3, 4: 1}",24,0.0,0.3958031121399177
0.9482188469257435,0.8035714285714286,0.9482188469257435,"{0.0: 1.0, 0.1: 0.9553571428571429, 0.2: 0.8892993979200875}","{'noise=0.0;missing=0.0': 1.0, 'noise=0.0;missing=0.2': 1.0, 'noise=0.1;missing=0.0': 0.9464285714285714, 'noise=0.1;missing=0.2': 0.9642857142857143, 'noise=0.2;missing=0.0': 0.8968253968253969, 'noise=0.2;missing=0.2': 0.8817733990147784}",0.8095238095238095,0.08333333333333333,8,7,24,2.2916666666666665,0.4,6,1.5277777777777777,1.6381172839506173,0.42676767676767674,4.612911304315743,"{2: 19, 3: 3, 4: 2}",24,0.0,0.396187371399177
0.9463601532567051,0.8095238095238095,0.9463601532567051,"{0.0: 1.0, 0.1: 0.9476943076081008, 0.2: 0.8913861521620142}","{'noise=0.0;missing=0.0': 1.0, 'noise=0.0;missing=0.2': 1.0, 'noise=0.1;missing=0.0': 0.9384920634920635, 'noise=0.1;missing=0.2': 0.9568965517241379, 'noise=0.2;missing=0.0': 0.8948412698412699, 'noise=0.2;missing=0.2': 0.8879310344827587}",0.8571428571428571,0.047619047619047616,8,7,28,2.25,0.4666666666666667,7,1.75,2.9097222222222223,0.5110229276895943,4.420849567177516,"{2: 23, 3: 3, 4: 2}",28,0.0,0.4594432870370371
0.946246122970261,0.8035714285714286,0.946246122970261,"{0.0: 1.0, 0.1: 0.9558702791461412, 0.2: 0.8828680897646415}","{'noise=0.0;missing=0.0': 1.0, 'noise=0.0;missing=0.2': 1.0, 'noise=0.1;missing=0.0': 0.9523809523809524, 'noise=0.1;missing=0.2': 0.9593596059113301, 'noise=0.2;missing=0.0': 0.888888888888889, 'noise=0.2;missing=0.2': 0.8768472906403939}",0.8452380952380952,0.047619047619047616,8,7,28,2.2857142857142856,0.4666666666666667,8,1.7777777777777777,3.8395061728395063,0.5486111111111112,4.357258938909887,"{2: 23, 3: 2, 4: 3}",28,0.0,0.45984626690182245
0.9482302499543879,0.8035714285714286,0.9482302499543879,"{0.0: 1.0, 0.1: 0.9682197591680352, 0.2: 0.8764709906951287}","{'noise=0.0;missing=0.0': 1.0, 'noise=0.0;missing=0.2': 1.0, 'noise=0.1;missing=0.0': 0.9623015873015872, 'noise=0.1;missing=0.2': 0.9741379310344828, 'noise=0.2;missing=0.0': 0.8908730158730158, 'noise=0.2;missing=0.2': 0.8620689655172413}",0.7738095238095238,0.05952380952380952,8,7,19,2.263157894736842,0.31666666666666665,5,1.1944444444444444,1.378858024691358,0.5174418604651163,4.388376603932547,"{2: 15, 3: 3, 4: 1}",19,0.0,0.31677951727312104
0.948013592410144,0.7976190476190477,0.948013592410144,"{0.0: 1.0, 0.1: 0.9632936507936508, 0.2: 0.8807471264367815}","{'noise=0.0;missing=0.0': 1.0, 'noise=0.0;missing=0.2': 1.0, 'noise=0.1;missing=0.0': 0.9623015873015872, 'noise=0.1;missing=0.2': 0.9642857142857142, 'noise=0.2;missing=0.0': 0.880952380952381, 'noise=0.2;missing=0.2': 0.8805418719211823}",0.8214285714285714,0.03571428571428571,8,7,26,2.3461538461538463,0.43333333333333335,7,1.6944444444444444,3.2121913580246915,0.5623861566484517,4.30556638822244,"{2: 19, 3: 5, 4: 2}",26,0.0,0.4284947669357392
0.9432699324940705,0.7916666666666666,0.9432699324940705,"{0.0: 1.0, 0.1: 0.9542624521072797, 0.2: 0.8755473453749316}","{'noise=0.0;missing=0.0': 1.0, 'noise=0.0;missing=0.2': 1.0, 'noise=0.1;missing=0.0': 0.9503968253968254, 'noise=0.1;missing=0.2': 0.9581280788177339, 'noise=0.2;missing=0.0': 0.8730158730158729, 'noise=0.2;missing=0.2': 0.87807881773399}",0.8095238095238095,0.08333333333333333,8,7,27,2.185185185185185,0.45,6,1.6388888888888888,2.6195987654320985,0.5221280602636534,4.424353218560015,"{2: 23, 3: 3, 4: 1}",27,0.0,0.4431114969135802
0.9316844553913521,0.7619047619047619,0.9316844553913521,"{0.0: 1.0, 0.1: 0.9456759715380405, 0.2: 0.8493773946360152}","{'noise=0.0;missing=0.0': 1.0, 'noise=0.0;missing=0.2': 1.0, 'noise=0.1;missing=0.0': 0.9246031746031745, 'noise=0.1;missing=0.2': 0.9667487684729065, 'noise=0.2;missing=0.0': 0.8551587301587301, 'noise=0.2;missing=0.2': 0.8435960591133005}",0.7619047619047619,0.047619047619047616,8,7,26,2.230769230769231,0.43333333333333335,8,1.6111111111111112,3.6820987654320985,0.6024904214559387,4.178945167795604,"{2: 21, 3: 4, 4: 1}",26,0.0,0.4277718027856917
0.9441479656996898,0.8035714285714286,0.9441479656996898,"{0.0: 1.0, 0.1: 0.9444786535303776, 0.2: 0.8879652435686918}","{'noise=0.0;missing=0.0': 1.0, 'noise=0.0;missing=0.2': 1.0, 'noise=0.1;missing=0.0': 0.9345238095238094, 'noise=0.1;missing=0.2': 0.9544334975369458, 'noise=0.2;missing=0.0': 0.9027777777777778, 'noise=0.2;missing=0.2': 0.8731527093596059}",0.8333333333333334,0.05952380952380952,8,7,21,2.2857142857142856,0.35,6,1.3333333333333333,2.1111111111111116,0.5578703703703703,4.280187698990099,"{2: 16, 3: 4, 4: 1}",21,0.0,0.34872486772486766
0.9393244845831051,0.7738095238095238,0.9393244845831051,"{0.0: 1.0, 0.1: 0.9457101806239737, 0.2: 0.8722632731253421}","{'noise=0.0;missing=0.0': 1.0, 'noise=0.0;missing=0.2': 1.0, 'noise=0.1;missing=0.0': 0.9345238095238095, 'noise=0.1;missing=0.2': 0.9568965517241379, 'noise=0.2;missing=0.0': 0.884920634920635, 'noise=0.2;missing=0.2': 0.8596059113300492}",0.8333333333333334,0.047619047619047616,8,7,23,2.3043478260869565,0.38333333333333336,6,1.4722222222222223,2.1936728395061733,0.5204402515723271,4.4137932754736795,"{2: 18, 3: 3, 4: 2}",23,0.0,0.38053469426552156
0.9321177704798396,0.7559523809523809,0.9321177704798396,"{0.0: 1.0, 0.1: 0.9349001094690749, 0.2: 0.8614532019704433}","{'noise=0.0;missing=0.0': 1.0, 'noise=0.0;missing=0.2': 1.0, 'noise=0.1;missing=0.0': 0.9067460317460316, 'noise=0.1;missing=0.2': 0.9630541871921182, 'noise=0.2;missing=0.0': 0.8571428571428571, 'noise=0.2;missing=0.2': 0.8657635467980295}",0.75,0.05952380952380952,8,7,23,2.3043478260869565,0.38333333333333336,5,1.4722222222222223,1.8603395061728396,0.49528301886792453,4.478131191213624,"{2: 18, 3: 3, 4: 2}",23,0.0,0.38047913870996597
0.9493933588761175,0.8095238095238095,0.9493933588761175,"{0.0: 1.0, 0.1: 0.9575123152709359, 0.2: 0.8906677613574165}","{'noise=0.0;missing=0.0': 1.0, 'noise=0.0;missing=0.2': 1.0, 'noise=0.1;missing=0.0': 0.9642857142857143, 'noise=0.1;missing=0.2': 0.9507389162561576, 'noise=0.2;missing=0.0': 0.9007936507936508, 'noise=0.2;missing=0.2': 0.8805418719211823}",0.8333333333333334,0.07142857142857142,8,7,27,2.259259259259259,0.45,7,1.6944444444444444,2.6566358024691348,0.50591985428051,4.471137953306208,"{2: 22, 3: 3, 4: 2}",27,0.0,0.44363207304526747
0.9338852399197227,0.75,0.9338852399197227,"{0.0: 1.0, 0.1: 0.9371921182266009, 0.2: 0.8644636015325672}","{'noise=0.0;missing=0.0': 1.0, 'noise=0.0;missing=0.2': 1.0, 'noise=0.1;missing=0.0': 0.9285714285714286, 'noise=0.1;missing=0.2': 0.9458128078817734, 'noise=0.2;missing=0.0': 0.8730158730158729, 'noise=0.2;missing=0.2': 0.8559113300492609}",0.7738095238095238,0.08333333333333333,8,7,22,2.227272727272727,0.36666666666666664,7,1.3611111111111112,2.1751543209876543,0.5459183673469388,4.320303273396421,"{2: 19, 3: 1, 4: 2}",22,0.0,0.36416303077066964
0.9256750592957491,0.75,0.9256750592957491,"{0.0: 1.0, 0.1: 0.9413998357963875, 0.2: 0.8356253420908593}","{'noise=0.0;missing=0.0': 1.0, 'noise=0.0;missing=0.2': 1.0, 'noise=0.1;missing=0.0': 0.9345238095238094, 'noise=0.1;missing=0.2': 0.9482758620689655, 'noise=0.2;missing=0.0': 0.8670634920634921, 'noise=0.2;missing=0.2': 0.8041871921182265}",0.75,0.03571428571428571,8,7,27,2.2222222222222223,0.45,11,1.6666666666666667,4.555555555555557,0.5583333333333333,4.274059016176787,"{2: 23, 3: 2, 4: 2}",27,0.0,0.44369135802469134
0.946246122970261,0.7976190476190477,0.946246122970261,"{0.0: 1.0, 0.1: 0.9628489326765189, 0.2: 0.8758894362342637}","{'noise=0.0;missing=0.0': 1.0, 'noise=0.0;missing=0.2': 1.0, 'noise=0.1;missing=0.0': 0.9404761904761905, 'noise=0.1;missing=0.2': 0.9852216748768472, 'noise=0.2;missing=0.0': 0.9007936507936506, 'noise=0.2;missing=0.2': 0.8509852216748769}",0.8214285714285714,0.047619047619047616,8,7,22,2.227272727272727,0.36666666666666664,5,1.3611111111111112,2.175154320987654,0.5470521541950113,4.327085682282538,"{2: 18, 3: 3, 4: 1}",22,0.0,0.36416303077066964
0.9354816639299398,0.7678571428571429,0.9354816639299398,"{0.0: 1.0, 0.1: 0.9510810071154899, 0.2: 0.8553639846743294}","{'noise=0.0;missing=0.0': 1.0, 'noise=0.0;missing=0.2': 1.0, 'noise=0.1;missing=0.0': 0.9206349206349207, 'noise=0.1;missing=0.2': 0.981527093596059, 'noise=0.2;missing=0.0': 0.8769841269841269, 'noise=0.2;missing=0.2': 0.833743842364532}",0.8095238095238095,0.05952380952380952,8,7,20,2.3,0.3333333333333333,6,1.2777777777777777,1.478395061728395,0.463768115942029,4.517808423307221,"{2: 16, 3: 2, 4: 2}",20,0.0,0.3328852880658436
0.9485381317277868,0.8154761904761905,0.9485381317277868,"{0.0: 1.0, 0.1: 0.961172687465791, 0.2: 0.8844417077175698}","{'noise=0.0;missing=0.0': 1.0, 'noise=0.0;missing=0.2': 1.0, 'noise=0.1;missing=0.0': 0.9543650793650793, 'noise=0.1;missing=0.2': 0.9679802955665026, 'noise=0.2;missing=0.0': 0.8809523809523808, 'noise=0.2;missing=0.2': 0.8879310344827586}",0.7976190476190477,0.05952380952380952,8,7,23,2.217391304347826,0.38333333333333336,8,1.4166666666666667,2.6319444444444446,0.5506535947712419,4.309488577180771,"{2: 20, 3: 1, 4: 2}",23,0.0,0.3800038747987117
0.9375456121145777,0.7797619047619048,0.9375456121145777,"{0.0: 1.0, 0.1: 0.9481732348111659, 0.2: 0.864463601532567}","{'noise=0.0;missing=0.0': 1.0, 'noise=0.0;missing=0.2': 1.0, 'noise=0.1;missing=0.0': 0.9345238095238095, 'noise=0.1;missing=0.2': 0.9618226600985221, 'noise=0.2;missing=0.0': 0.8730158730158731, 'noise=0.2;missing=0.2': 0.855911330049261}",0.8095238095238095,0.05952380952380952,8,7,27,2.3703703703703702,0.45,8,1.7777777777777777,2.6728395061728394,0.4678819444444444,4.529078664259099,"{2: 20, 3: 4, 4: 3}",27,0.0,0.444406378600823
0.9483100711548986,0.8214285714285714,0.9483100711548986,"{0.0: 1.0, 0.1: 0.9671250684181718, 0.2: 0.8778051450465244}","{'noise=0.0;missing=0.0': 1.0, 'noise=0.0;missing=0.2': 1.0, 'noise=0.1;missing=0.0': 0.9662698412698412, 'noise=0.1;missing=0.2': 0.9679802955665026, 'noise=0.2;missing=0.0': 0.884920634920635, 'noise=0.2;missing=0.2': 0.8706896551724138}",0.8214285714285714,0.05952380952380952,8,7,22,2.3181818181818183,0.36666666666666664,7,1.4166666666666667,2.298611111111111,0.5354030501089324,4.358002549037037,"{2: 17, 3: 3, 4: 2}",22,0.0,0.36481492003367005
0.9261083743842365,0.7380952380952381,0.9261083743842365,"{0.0: 1.0, 0.1: 0.9516283524904214, 0.2: 0.8266967706622879}","{'noise=0.0;missing=0.0': 1.0, 'noise=0.0;missing=0.2': 1.0, 'noise=0.1;missing=0.0': 0.9365079365079365, 'noise=0.1;missing=0.2': 0.9667487684729065, 'noise=0.2;missing=0.0': 0.8492063492063491, 'noise=0.2;missing=0.2': 0.8041871921182266}",0.75,0.047619047619047616,8,7,25,2.2,0.4166666666666667,10,1.5277777777777777,3.7492283950617296,0.5863636363636363,4.193027960137546,"{2: 21, 3: 3, 4: 1}",25,0.0,0.4117359825102881
0.9466908410873929,0.7976190476190477,0.9466908410873929,"{0.0: 1.0, 0.1: 0.9681171319102353, 0.2: 0.8719553913519432}","{'noise=0.0;missing=0.0': 1.0, 'noise=0.0;missing=0.2': 1.0, 'noise=0.1;missing=0.0': 0.9682539682539684, 'noise=0.1;missing=0.2': 0.9679802955665026, 'noise=0.2;missing=0.0': 0.8670634920634921, 'noise=0.2;missing=0.2': 0.8768472906403941}",0.8333333333333334,0.07142857142857142,8,7,24,2.2916666666666665,0.4,5,1.5277777777777777,1.8603395061728394,0.4813131313131313,4.504290059751432,"{2: 19, 3: 3, 4: 2}",24,0.0,0.396224408436214
0.9360062032475825,0.7857142857142857,0.9360062032475825,"{0.0: 1.0, 0.1: 0.9408524904214559, 0.2: 0.8671661193212917}","{'noise=0.0;missing=0.0': 1.0, 'noise=0.0;missing=0.2': 1.0, 'noise=0.1;missing=0.0': 0.9186507936507937, 'noise=0.1;missing=0.2': 0.9630541871921182, 'noise=0.2;missing=0.0': 0.8710317460317459, 'noise=0.2;missing=0.2': 0.8633004926108373}",0.8214285714285714,0.03571428571428571,8,7,19,2.263157894736842,0.31666666666666665,5,1.1944444444444444,1.9344135802469131,0.5975452196382429,4.15349601160441,"{2: 15, 3: 3, 4: 1}",19,0.0,0.3168721098657136
0.94896004378763,0.8214285714285714,0.94896004378763,"{0.0: 1.0, 0.1: 0.9720853858784892, 0.2: 0.8747947454844007}","{'noise=0.0;missing=0.0': 1.0, 'noise=0.0;missing=0.2': 1.0, 'noise=0.1;missing=0.0': 0.9761904761904762, 'noise=0.1;missing=0.2': 0.9679802955665026, 'noise=0.2;missing=0.0': 0.869047619047619, 'noise=0.2;missing=0.2': 0.8805418719211823}",0.7976190476190477,0.047619047619047616,8,7,23,2.1739130434782608,0.38333333333333336,8,1.3888888888888888,2.404320987654321,0.5366666666666666,4.3185629396449166,"{2: 20, 3: 2, 4: 1}",23,0.0,0.37966400518876364
0.9516397555190659,0.8035714285714286,0.9516397555190659,"{0.0: 1.0, 0.1: 0.9687328954570333, 0.2: 0.8861863711001642}","{'noise=0.0;missing=0.0': 1.0, 'noise=0.0;missing=0.2': 1.0, 'noise=0.1;missing=0.0': 0.9682539682539683, 'noise=0.1;missing=0.2': 0.9692118226600985, 'noise=0.2;missing=0.0': 0.886904761904762, 'noise=0.2;missing=0.2': 0.8854679802955665}",0.8214285714285714,0.08333333333333333,8,7,26,2.3076923076923075,0.43333333333333335,9,1.6666666666666667,3.3333333333333326,0.5314814814814814,4.387582004007327,"{2: 21, 3: 2, 4: 3}",26,0.0,0.42824786324786324
0.9431444991789819,0.7916666666666666,0.9431444991789819,"{0.0: 1.0, 0.1: 0.9589148877941982, 0.2: 0.8705186097427476}","{'noise=0.0;missing=0.0': 1.0, 'noise=0.0;missing=0.2': 1.0, 'noise=0.1;missing=0.0': 0.9424603174603173, 'noise=0.1;missing=0.2': 0.9753694581280788, 'noise=0.2;missing=0.0': 0.878968253968254, 'noise=0.2;missing=0.2': 0.8620689655172413}",0.8452380952380952,0.05952380952380952,8,7,22,2.227272727272727,0.36666666666666664,6,1.3611111111111112,1.7862654320987654,0.5164399092970522,4.389422088659948,"{2: 18, 3: 3, 4: 1}",22,0.0,0.36409821595585484
0.9421296296296295,0.7916666666666666,0.9421296296296295,"{0.0: 1.0, 0.1: 0.9563492063492064, 0.2: 0.8700396825396826}","{'noise=0.0;missing=0.0': 1.0, 'noise=0.0;missing=0.2': 1.0, 'noise=0.1;missing=0.0': 0.9484126984126984, 'noise=0.1;missing=0.2': 0.9642857142857143, 'noise=0.2;missing=0.0': 0.8829365079365078, 'noise=0.2;missing=0.2': 0.857142857142857}",0.7738095238095238,0.05952380952380952,8,7,19,2.263157894736842,0.31666666666666665,5,1.1944444444444444,1.378858024691358,0.5174418604651163,4.388376603932547,"{2: 15, 3: 3, 4: 1}",19,0.0,0.31677951727312104
0.9451514322203978,0.8095238095238095,0.9451514322203978,"{0.0: 1.0, 0.1: 0.966851395730706, 0.2: 0.8686029009304871}","{'noise=0.0;missing=0.0': 1.0, 'noise=0.0;missing=0.2': 1.0, 'noise=0.1;missing=0.0': 0.9583333333333333, 'noise=0.1;missing=0.2': 0.9753694581280788, 'noise=0.2;missing=0.0': 0.8948412698412698, 'noise=0.2;missing=0.2': 0.8423645320197044}",0.7857142857142857,0.047619047619047616,8,7,20,2.25,0.3333333333333333,4,1.25,1.4097222222222223,0.5216049382716049,4.368979207152322,"{2: 16, 3: 3, 4: 1}",20,0.0,0.33252662037037034
0.9464285714285714,0.8035714285714286,0.9464285714285714,"{0.0: 1.0, 0.1: 0.9651409414340449, 0.2: 0.8741447728516694}","{'noise=0.0;missing=0.0': 1.0, 'noise=0.0;missing=0.2': 1.0, 'noise=0.1;missing=0.0': 0.9623015873015873, 'noise=0.1;missing=0.2': 0.9679802955665026, 'noise=0.2;missing=0.0': 0.8591269841269842, 'noise=0.2;missing=0.2': 0.8891625615763546}",0.7857142857142857,0.047619047619047616,8,7,23,2.4347826086956523,0.38333333333333336,6,1.5555555555555556,1.5246913580246912,0.4126984126984127,4.6415654128586,"{2: 16, 3: 4, 4: 3}",23,0.0,0.3813289944533906
0.9462917350848385,0.8095238095238095,0.9462917350848385,"{0.0: 1.0, 0.1: 0.9572386425834701, 0.2: 0.8816365626710453}","{'noise=0.0;missing=0.0': 1.0, 'noise=0.0;missing=0.2': 1.0, 'noise=0.1;missing=0.0': 0.9563492063492064, 'noise=0.1;missing=0.2': 0.958128078817734, 'noise=0.2;missing=0.0': 0.8888888888888887, 'noise=0.2;missing=0.2': 0.8743842364532018}",0.7738095238095238,0.05952380952380952,8,7,24,2.2083333333333335,0.4,9,1.4722222222222223,3.0825617283950617,0.560272536687631,4.278977293818459,"{2: 21, 3: 1, 4: 2}",24,0.0,0.39584940843621397
0.9393472906403941,0.7738095238095238,0.9393472906403941,"{0.0: 1.0, 0.1: 0.9437260536398467, 0.2: 0.8743158182813355}","{'noise=0.0;missing=0.0': 1.0, 'noise=0.0;missing=0.2': 1.0, 'noise=0.1;missing=0.0': 0.9305555555555556, 'noise=0.1;missing=0.2': 0.9568965517241379, 'noise=0.2;missing=0.0': 0.8730158730158729, 'noise=0.2;missing=0.2': 0.875615763546798}",0.8095238095238095,0.07142857142857142,8,7,24,2.3333333333333335,0.4,6,1.5555555555555556,2.691358024691359,0.558531746031746,4.293176573495619,"{2: 18, 3: 4, 4: 2}",24,0.0,0.3966522633744856
0.9550036489691661,0.8333333333333334,0.9550036489691661,"{0.0: 1.0, 0.1: 0.9697933771209633, 0.2: 0.8952175697865352}","{'noise=0.0;missing=0.0': 1.0, 'noise=0.0;missing=0.2': 1.0, 'noise=0.1;missing=0.0': 0.9543650793650793, 'noise=0.1;missing=0.2': 0.9852216748768472, 'noise=0.2;missing=0.0': 0.8988095238095237, 'noise=0.2;missing=0.2': 0.8916256157635468}",0.8452380952380952,0.05952380952380952,8,7,28,2.2857142857142856,0.4666666666666667,10,1.7777777777777777,4.395061728395061,0.5772569444444444,4.260027399432949,"{2: 22, 3: 4, 4: 2}",28,0.0,0.4599388594944151
0.9504424375114032,0.8214285714285714,0.9504424375114032,"{0.0: 1.0, 0.1: 0.9656882868089764, 0.2: 0.8856390257252327}","{'noise=0.0;missing=0.0': 1.0, 'noise=0.0;missing=0.2': 1.0, 'noise=0.1;missing=0.0': 0.9424603174603173, 'noise=0.1;missing=0.2': 0.9889162561576355, 'noise=0.2;missing=0.0': 0.9067460317460316, 'noise=0.2;missing=0.2': 0.8645320197044334}",0.8333333333333334,0.05952380952380952,8,7,24,2.2916666666666665,0.4,6,1.5277777777777777,2.6381172839506175,0.5075757575757576,4.435194258664518,"{2: 19, 3: 3, 4: 2}",24,0.0,0.39635403806584363
0.9353676336434957,0.7559523809523809,0.9353676336434957,"{0.0: 1.0, 0.1: 0.9411945812807883, 0.2: 0.864908319649699}","{'noise=0.0;missing=0.0': 1.0, 'noise=0.0;missing=0.2': 1.0, 'noise=0.1;missing=0.0': 0.9464285714285714, 'noise=0.1;missing=0.2': 0.9359605911330048, 'noise=0.2;missing=0.0': 0.8591269841269842, 'noise=0.2;missing=0.2': 0.8706896551724137}",0.7976190476190477,0.05952380952380952,8,7,26,2.1923076923076925,0.43333333333333335,9,1.5833333333333333,3.4097222222222223,0.5618908382066277,4.2887975848955335,"{2: 23, 3: 1, 4: 2}",26,0.0,0.4274593126780627
0.9475802773216567,0.8154761904761905,0.9475802773216567,"{0.0: 1.0, 0.1: 0.964251505199781, 0.2: 0.8784893267651889}","{'noise=0.0;missing=0.0': 1.0, 'noise=0.0;missing=0.2': 1.0, 'noise=0.1;missing=0.0': 0.9543650793650793, 'noise=0.1;missing=0.2': 0.9741379310344828, 'noise=0.2;missing=0.0': 0.869047619047619, 'noise=0.2;missing=0.2': 0.8879310344827586}",0.8333333333333334,0.07142857142857142,8,7,23,2.347826086956522,0.38333333333333336,10,1.5,3.6944444444444446,0.5709876543209876,4.227045030607582,"{2: 17, 3: 4, 4: 2}",23,0.0,0.38108675523349433
0.9541826309067689,0.8333333333333334,0.9541826309067689,"{0.0: 1.0, 0.1: 0.9614121510673235, 0.2: 0.9011357416529832}","{'noise=0.0;missing=0.0': 1.0, 'noise=0.0;missing=0.2': 1.0, 'noise=0.1;missing=0.0': 0.9523809523809524, 'noise=0.1;missing=0.2': 0.9704433497536946, 'noise=0.2;missing=0.0': 0.9007936507936509, 'noise=0.2;missing=0.2': 0.9014778325123153}",0.8690476190476191,0.05952380952380952,8,7,28,2.25,0.4666666666666667,7,1.75,2.576388888888889,0.4933862433862434,4.458381757282282,"{2: 23, 3: 3, 4: 2}",28,0.0,0.4593877314814815
0.9365877577084474,0.7738095238095238,0.9365877577084474,"{0.0: 1.0, 0.1: 0.9318897099069512, 0.2: 0.8778735632183908}","{'noise=0.0;missing=0.0': 1.0, 'noise=0.0;missing=0.2': 1.0, 'noise=0.1;missing=0.0': 0.8908730158730159, 'noise=0.1;missing=0.2': 0.9729064039408868, 'noise=0.2;missing=0.0': 0.9047619047619048, 'noise=0.2;missing=0.2': 0.8509852216748769}",0.7976190476190477,0.05952380952380952,8,7,26,2.3076923076923075,0.43333333333333335,7,1.6666666666666667,2.5555555555555554,0.5,4.481460805019678,"{2: 21, 3: 2, 4: 3}",26,0.0,0.42811823361823365
0.9469303046889254,0.7976190476190477,0.9469303046889254,"{0.0: 1.0, 0.1: 0.9649698960043788, 0.2: 0.8758210180623974}","{'noise=0.0;missing=0.0': 1.0, 'noise=0.0;missing=0.2': 1.0, 'noise=0.1;missing=0.0': 0.9484126984126984, 'noise=0.1;missing=0.2': 0.981527093596059, 'noise=0.2;missing=0.0': 0.880952380952381, 'noise=0.2;missing=0.2': 0.8706896551724137}",0.7976190476190477,0.09523809523809523,8,7,25,2.2,0.4166666666666667,8,1.5277777777777777,2.8047839506172845,0.544949494949495,4.338012841065493,"{2: 22, 3: 1, 4: 2}",25,0.0,0.4115785751028807
0.9552317095420543,0.8333333333333334,0.9552317095420543,"{0.0: 1.0, 0.1: 0.9710933223864259, 0.2: 0.8946018062397373}","{'noise=0.0;missing=0.0': 1.0, 'noise=0.0;missing=0.2': 1.0, 'noise=0.1;missing=0.0': 0.9742063492063492, 'noise=0.1;missing=0.2': 0.9679802955665026, 'noise=0.2;missing=0.0': 0.8988095238095237, 'noise=0.2;missing=0.2': 0.8903940886699507}",0.8452380952380952,0.07142857142857142,8,7,26,2.269230769230769,0.43333333333333335,6,1.6388888888888888,2.286265432098766,0.493879472693032,4.4987660918746455,"{2: 21, 3: 3, 4: 2}",26,0.0,0.4278062579138968
0.9396893814997263,0.7797619047619048,0.9396893814997263,"{0.0: 1.0, 0.1: 0.9536466885604816, 0.2: 0.8654214559386973}","{'noise=0.0;missing=0.0': 1.0, 'noise=0.0;missing=0.2': 1.0, 'noise=0.1;missing=0.0': 0.9146825396825397, 'noise=0.1;missing=0.2': 0.9926108374384236, 'noise=0.2;missing=0.0': 0.9007936507936506, 'noise=0.2;missing=0.2': 0.8300492610837437}",0.8095238095238095,0.047619047619047616,8,7,24,2.2083333333333335,0.4,7,1.4722222222222223,2.86033950617284,0.5518867924528302,4.31215512551306,"{2: 20, 3: 3, 4: 1}",24,0.0,0.39581237139917697
0.9462803320561941,0.8095238095238095,0.9462803320561941,"{0.0: 1.0, 0.1: 0.9621647509578545, 0.2: 0.876676245210728}","{'noise=0.0;missing=0.0': 1.0, 'noise=0.0;missing=0.2': 1.0, 'noise=0.1;missing=0.0': 0.9563492063492063, 'noise=0.1;missing=0.2': 0.9679802955665026, 'noise=0.2;missing=0.0': 0.8789682539682538, 'noise=0.2;missing=0.2': 0.874384236453202}",0.7976190476190477,0.05952380952380952,8,7,24,2.25,0.4,8,1.5,2.5277777777777777,0.5030864197530864,4.437861289593768,"{2: 20, 3: 2, 4: 2}",24,0.0,0.3960462962962963
0.9341589126071884,0.7738095238095238,0.9341589126071884,"{0.0: 1.0, 0.1: 0.9449233716475095, 0.2: 0.8575533661740558}","{'noise=0.0;missing=0.0': 1.0, 'noise=0.0;missing=0.2': 1.0, 'noise=0.1;missing=0.0': 0.9206349206349207, 'noise=0.1;missing=0.2': 0.9692118226600985, 'noise=0.2;missing=0.0': 0.8690476190476192, 'noise=0.2;missing=0.2': 0.8460591133004925}",0.7857142857142857,0.05952380952380952,8,7,19,2.263157894736842,0.31666666666666665,5,1.1944444444444444,1.9344135802469127,0.5975452196382429,4.15349601160441,"{2: 15, 3: 3, 4: 1}",19,0.0,0.3168721098657136
0.9546957671957672,0.8392857142857143,0.9546957671957672,"{0.0: 1.0, 0.1: 0.9699302134646963, 0.2: 0.8941570881226054}","{'noise=0.0;missing=0.0': 1.0, 'noise=0.0;missing=0.2': 1.0, 'noise=0.1;missing=0.0': 0.9583333333333333, 'noise=0.1;missing=0.2': 0.981527093596059, 'noise=0.2;missing=0.0': 0.9126984126984128, 'noise=0.2;missing=0.2': 0.875615763546798}",0.8571428571428571,0.047619047619047616,8,7,25,2.24,0.4166666666666667,8,1.5555555555555556,2.9135802469135808,0.5406746031746031,4.358793931365395,"{2: 20, 3: 4, 4: 1}",25,0.0,0.41187448559670786
0.9523011311804414,0.8035714285714286,0.9523011311804414,"{0.0: 1.0, 0.1: 0.967159277504105, 0.2: 0.8897441160372195}","{'noise=0.0;missing=0.0': 1.0, 'noise=0.0;missing=0.2': 1.0, 'noise=0.1;missing=0.0': 0.9761904761904762, 'noise=0.1;missing=0.2': 0.958128078817734, 'noise=0.2;missing=0.0': 0.8829365079365079, 'noise=0.2;missing=0.2': 0.8965517241379309}",0.8095238095238095,0.07142857142857142,8,7,25,2.32,0.4166666666666667,9,1.6111111111111112,3.4598765432098766,0.5555555555555556,4.312313055614734,"{2: 20, 3: 2, 4: 3}",25,0.0,0.4125210905349795
0.9569877759532931,0.8392857142857143,0.9569877759532931,"{0.0: 1.0, 0.1: 0.9757457580733443, 0.2: 0.8952175697865352}","{'noise=0.0;missing=0.0': 1.0, 'noise=0.0;missing=0.2': 1.0, 'noise=0.1;missing=0.0': 0.9662698412698412, 'noise=0.1;missing=0.2': 0.9852216748768472, 'noise=0.2;missing=0.0': 0.8988095238095237, 'noise=0.2;missing=0.2': 0.8916256157635468}",0.8452380952380952,0.05952380952380952,8,7,26,2.3076923076923075,0.43333333333333335,10,1.6666666666666667,3.944444444444445,0.5638888888888889,4.273336121136104,"{2: 20, 3: 4, 4: 2}",26,0.0,0.4283497150997151
0.9498608830505382,0.8273809523809523,0.9498608830505382,"{0.0: 1.0, 0.1: 0.967296113847838, 0.2: 0.8822865353037768}","{'noise=0.0;missing=0.0': 1.0, 'noise=0.0;missing=0.2': 1.0, 'noise=0.1;missing=0.0': 0.9444444444444444, 'noise=0.1;missing=0.2': 0.9901477832512315, 'noise=0.2;missing=0.0': 0.8988095238095237, 'noise=0.2;missing=0.2': 0.8657635467980295}",0.8571428571428571,0.03571428571428571,8,7,25,2.32,0.4166666666666667,9,1.6111111111111112,3.4598765432098766,0.5708812260536399,4.260251848568979,"{2: 19, 3: 4, 4: 2}",25,0.0,0.4125210905349795
0.9460408684546616,0.7976190476190477,0.9460408684546616,"{0.0: 1.0, 0.1: 0.9800218938149973, 0.2: 0.8581007115489874}","{'noise=0.0;missing=0.0': 1.0, 'noise=0.0;missing=0.2': 1.0, 'noise=0.1;missing=0.0': 0.9920634920634921, 'noise=0.1;missing=0.2': 0.9679802955665024, 'noise=0.2;missing=0.0': 0.8492063492063492, 'noise=0.2;missing=0.2': 0.8669950738916256}",0.7619047619047619,0.03571428571428571,8,7,20,2.25,0.3333333333333333,4,1.25,1.4097222222222223,0.5154320987654321,4.402529762804034,"{2: 16, 3: 3, 4: 1}",20,0.0,0.33252662037037034
0.9355614851304505,0.7797619047619048,0.9355614851304505,"{0.0: 1.0, 0.1: 0.9418445539135194, 0.2: 0.8648399014778325}","{'noise=0.0;missing=0.0': 1.0, 'noise=0.0;missing=0.2': 1.0, 'noise=0.1;missing=0.0': 0.9206349206349206, 'noise=0.1;missing=0.2': 0.9630541871921182, 'noise=0.2;missing=0.0': 0.875, 'noise=0.2;missing=0.2': 0.8546798029556649}",0.7976190476190477,0.05952380952380952,8,7,19,2.210526315789474,0.31666666666666665,5,1.1666666666666667,1.8055555555555556,0.6005291005291006,4.127569435189146,"{2: 16, 3: 2, 4: 1}",19,0.0,0.31648513645224163
0.9415708812260538,0.7976190476190477,0.9415708812260538,"{0.0: 1.0, 0.1: 0.966851395730706, 0.2: 0.8578612479474549}","{'noise=0.0;missing=0.0': 1.0, 'noise=0.0;missing=0.2': 1.0, 'noise=0.1;missing=0.0': 0.9583333333333333, 'noise=0.1;missing=0.2': 0.9753694581280788, 'noise=0.2;missing=0.0': 0.8869047619047619, 'noise=0.2;missing=0.2': 0.8288177339901477}",0.7738095238095238,0.05952380952380952,8,7,23,2.260869565217391,0.38333333333333336,5,1.4444444444444444,1.2469135802469136,0.41025641025641024,4.673822833809282,"{2: 19, 3: 2, 4: 2}",23,0.0,0.3800749686884952
0.9490968801313628,0.8035714285714286,0.9490968801313628,"{0.0: 1.0, 0.1: 0.9495415982484948, 0.2: 0.8977490421455938}","{'noise=0.0;missing=0.0': 1.0, 'noise=0.0;missing=0.2': 1.0, 'noise=0.1;missing=0.0': 0.9384920634920635, 'noise=0.1;missing=0.2': 0.960591133004926, 'noise=0.2;missing=0.0': 0.8829365079365079, 'noise=0.2;missing=0.2': 0.9125615763546797}",0.8452380952380952,0.08333333333333333,8,7,23,2.260869565217391,0.38333333333333336,6,1.4444444444444444,2.1358024691358026,0.5277777777777778,4.390074997229215,"{2: 19, 3: 2, 4: 2}",23,0.0,0.3802231168366434
0.9544905126801679,0.8273809523809523,0.9544905126801679,"{0.0: 1.0, 0.1: 0.9675013683634373, 0.2: 0.8959701696770662}","{'noise=0.0;missing=0.0': 1.0, 'noise=0.0;missing=0.2': 1.0, 'noise=0.1;missing=0.0': 0.9682539682539683, 'noise=0.1;missing=0.2': 0.9667487684729065, 'noise=0.2;missing=0.0': 0.9027777777777777, 'noise=0.2;missing=0.2': 0.8891625615763546}",0.8452380952380952,0.03571428571428571,8,7,19,2.263157894736842,0.31666666666666665,4,1.1944444444444444,1.2677469135802466,0.5109819121447028,4.408254580031928,"{2: 15, 3: 3, 4: 1}",19,0.0,0.3167609987546025
0.9519704433497536,0.8095238095238095,0.9519704433497536,"{0.0: 1.0, 0.1: 0.9707170224411603, 0.2: 0.8851943076081007}","{'noise=0.0;missing=0.0': 1.0, 'noise=0.0;missing=0.2': 1.0, 'noise=0.1;missing=0.0': 0.9722222222222222, 'noise=0.1;missing=0.2': 0.9692118226600985, 'noise=0.2;missing=0.0': 0.884920634920635, 'noise=0.2;missing=0.2': 0.8854679802955665}",0.8333333333333334,0.07142857142857142,8,7,26,2.269230769230769,0.43333333333333335,8,1.6388888888888888,3.1751543209876543,0.5522598870056498,4.332067736559061,"{2: 21, 3: 3, 4: 2}",26,0.0,0.427954406062045
0.9509327677431126,0.8273809523809523,0.9509327677431126,"{0.0: 1.0, 0.1: 0.9554597701149427, 0.2: 0.8973385331143952}","{'noise=0.0;missing=0.0': 1.0, 'noise=0.0;missing=0.2': 1.0, 'noise=0.1;missing=0.0': 0.9404761904761906, 'noise=0.1;missing=0.2': 0.9704433497536946, 'noise=0.2;missing=0.0': 0.9067460317460317, 'noise=0.2;missing=0.2': 0.8879310344827587}",0.8690476190476191,0.047619047619047616,8,7,30,2.2333333333333334,0.5,7,1.8611111111111112,3.064043209876543,0.5070480928689884,4.436233078875116,"{2: 25, 3: 3, 4: 2}",30,0.0,0.49101993312757203
0.9375,0.7738095238095238,0.9375,"{0.0: 1.0, 0.1: 0.9577175697865352, 0.2: 0.8547824302134647}","{'noise=0.0;missing=0.0': 1.0, 'noise=0.0;missing=0.2': 1.0, 'noise=0.1;missing=0.0': 0.9523809523809523, 'noise=0.1;missing=0.2': 0.9630541871921182, 'noise=0.2;missing=0.0': 0.8511904761904762, 'noise=0.2;missing=0.2': 0.8583743842364531}",0.7976190476190477,0.05952380952380952,8,7,23,2.260869565217391,0.38333333333333336,7,1.4444444444444444,2.3580246913580245,0.5074786324786325,4.427731843768322,"{2: 19, 3: 2, 4: 2}",23,0.0,0.38026015387368045
0.945299671592775,0.7916666666666666,0.945299671592775,"{0.0: 1.0, 0.1: 0.9535098522167489, 0.2: 0.8823891625615763}","{'noise=0.0;missing=0.0': 1.0, 'noise=0.0;missing=0.2': 1.0, 'noise=0.1;missing=0.0': 0.9464285714285714, 'noise=0.1;missing=0.2': 0.960591133004926, 'noise=0.2;missing=0.0': 0.8928571428571429, 'noise=0.2;missing=0.2': 0.8719211822660099}",0.8452380952380952,0.05952380952380952,8,7,25,2.32,0.4166666666666667,10,1.6111111111111112,3.3487654320987663,0.5047892720306514,4.425332996337901,"{2: 20, 3: 2, 4: 3}",25,0.0,0.41250257201646096
0.945687374566685,0.8035714285714286,0.945687374566685,"{0.0: 1.0, 0.1: 0.9681171319102353, 0.2: 0.8689449917898193}","{'noise=0.0;missing=0.0': 1.0, 'noise=0.0;missing=0.2': 1.0, 'noise=0.1;missing=0.0': 0.9682539682539683, 'noise=0.1;missing=0.2': 0.9679802955665026, 'noise=0.2;missing=0.0': 0.8511904761904762, 'noise=0.2;missing=0.2': 0.8866995073891626}",0.7976190476190477,0.05952380952380952,8,7,20,2.25,0.3333333333333333,6,1.25,1.7986111111111112,0.55,4.2968655960892885,"{2: 16, 3: 3, 4: 1}",20,0.0,0.3325914351851852
0.9398946360153256,0.7738095238095238,0.9398946360153256,"{0.0: 1.0, 0.1: 0.9433839627805145, 0.2: 0.8762999452654625}","{'noise=0.0;missing=0.0': 1.0, 'noise=0.0;missing=0.2': 1.0, 'noise=0.1;missing=0.0': 0.9384920634920634, 'noise=0.1;missing=0.2': 0.9482758620689654, 'noise=0.2;missing=0.0': 0.8769841269841271, 'noise=0.2;missing=0.2': 0.8756157635467979}",0.8095238095238095,0.047619047619047616,8,7,25,2.32,0.4166666666666667,8,1.6111111111111112,3.3487654320987654,0.5775862068965517,4.254641021684623,"{2: 19, 3: 4, 4: 2}",25,0.0,0.41250257201646096
0.94963282247765,0.8095238095238095,0.94963282247765,"{0.0: 1.0, 0.1: 0.9621647509578545, 0.2: 0.8867337164750957}","{'noise=0.0;missing=0.0': 1.0, 'noise=0.0;missing=0.2': 1.0, 'noise=0.1;missing=0.0': 0.9563492063492064, 'noise=0.1;missing=0.2': 0.9679802955665026, 'noise=0.2;missing=0.0': 0.8670634920634921, 'noise=0.2;missing=0.2': 0.9064039408866995}",0.8452380952380952,0.07142857142857142,8,7,24,2.2916666666666665,0.4,6,1.5277777777777777,1.8603395061728396,0.4722222222222222,4.535371986015917,"{2: 19, 3: 3, 4: 2}",24,0.0,0.396224408436214
0.9454479109651521,0.8095238095238095,0.9454479109651521,"{0.0: 1.0, 0.1: 0.9475232621784346, 0.2: 0.8888204707170225}","{'noise=0.0;missing=0.0': 1.0, 'noise=0.0;missing=0.2': 1.0, 'noise=0.1;missing=0.0': 0.9246031746031746, 'noise=0.1;missing=0.2': 0.9704433497536946, 'noise=0.2;missing=0.0': 0.9007936507936508, 'noise=0.2;missing=0.2': 0.876847290640394}",0.8571428571428571,0.05952380952380952,8,7,30,2.2333333333333334,0.5,7,1.8611111111111112,3.1751543209876547,0.5128524046434494,4.419525385162224,"{2: 25, 3: 3, 4: 2}",30,0.0,0.49103845164609056
0.9371465061120234,0.7857142857142857,0.9371465061120234,"{0.0: 1.0, 0.1: 0.9368842364532021, 0.2: 0.8745552818828681}","{'noise=0.0;missing=0.0': 1.0, 'noise=0.0;missing=0.2': 1.0, 'noise=0.1;missing=0.0': 0.9107142857142857, 'noise=0.1;missing=0.2': 0.9630541871921182, 'noise=0.2;missing=0.0': 0.8710317460317459, 'noise=0.2;missing=0.2': 0.8780788177339901}",0.8333333333333334,0.03571428571428571,8,7,19,2.263157894736842,0.31666666666666665,5,1.1944444444444444,1.8233024691358015,0.584625322997416,4.18245211620526,"{2: 15, 3: 3, 4: 1}",19,0.0,0.3168535913471951
0.9431444991789819,0.7916666666666666,0.9431444991789819,"{0.0: 1.0, 0.1: 0.9589148877941982, 0.2: 0.8705186097427476}","{'noise=0.0;missing=0.0': 1.0, 'noise=0.0;missing=0.2': 1.0, 'noise=0.1;missing=0.0': 0.9424603174603173, 'noise=0.1;missing=0.2': 0.9753694581280788, 'noise=0.2;missing=0.0': 0.878968253968254, 'noise=0.2;missing=0.2': 0.8620689655172413}",0.8452380952380952,0.05952380952380952,8,7,22,2.227272727272727,0.36666666666666664,7,1.3611111111111112,2.0084876543209877,0.5232426303854876,4.361119599927033,"{2: 18, 3: 3, 4: 1}",22,0.0,0.36413525299289184
0.9364509213647144,0.7797619047619048,0.9364509213647144,"{0.0: 1.0, 0.1: 0.9496100164203612, 0.2: 0.8597427476737822}","{'noise=0.0;missing=0.0': 1.0, 'noise=0.0;missing=0.2': 1.0, 'noise=0.1;missing=0.0': 0.9226190476190476, 'noise=0.1;missing=0.2': 0.9766009852216749, 'noise=0.2;missing=0.0': 0.861111111111111, 'noise=0.2;missing=0.2': 0.8583743842364531}",0.7738095238095238,0.047619047619047616,8,7,19,2.263157894736842,0.31666666666666665,4,1.1944444444444444,1.5455246913580245,0.5510335917312662,4.303830742923251,"{2: 15, 3: 3, 4: 1}",19,0.0,0.31680729505089883
0.9523353402663747,0.8214285714285714,0.9523353402663747,"{0.0: 1.0, 0.1: 0.9710933223864259, 0.2: 0.8859126984126985}","{'noise=0.0;missing=0.0': 1.0, 'noise=0.0;missing=0.2': 1.0, 'noise=0.1;missing=0.0': 0.9742063492063492, 'noise=0.1;missing=0.2': 0.9679802955665026, 'noise=0.2;missing=0.0': 0.8789682539682538, 'noise=0.2;missing=0.2': 0.8928571428571427}",0.8452380952380952,0.05952380952380952,8,7,26,2.1923076923076925,0.43333333333333335,5,1.5833333333333333,1.9652777777777781,0.48879142300194933,4.497118689824081,"{2: 22, 3: 3, 4: 1}",26,0.0,0.42721857193732193
0.9481732348111659,0.8095238095238095,0.9481732348111659,"{0.0: 1.0, 0.1: 0.9612753147235906, 0.2: 0.883244389709907}","{'noise=0.0;missing=0.0': 1.0, 'noise=0.0;missing=0.2': 1.0, 'noise=0.1;missing=0.0': 0.9484126984126984, 'noise=0.1;missing=0.2': 0.9741379310344828, 'noise=0.2;missing=0.0': 0.8908730158730158, 'noise=0.2;missing=0.2': 0.875615763546798}",0.8214285714285714,0.05952380952380952,8,7,21,2.1904761904761907,0.35,6,1.2777777777777777,1.9783950617283956,0.5652173913043478,4.2675959232131575,"{2: 18, 3: 2, 4: 1}",21,0.0,0.34804137272192825
0.9539887794198139,0.8333333333333334,0.9539887794198139,"{0.0: 1.0, 0.1: 0.9599411603721949, 0.2: 0.9020251778872469}","{'noise=0.0;missing=0.0': 1.0, 'noise=0.0;missing=0.2': 1.0, 'noise=0.1;missing=0.0': 0.9543650793650793, 'noise=0.1;missing=0.2': 0.9655172413793104, 'noise=0.2;missing=0.0': 0.9087301587301587, 'noise=0.2;missing=0.2': 0.8953201970443351}",0.8571428571428571,0.05952380952380952,8,7,31,2.225806451612903,0.5166666666666667,11,1.9166666666666667,4.354166666666667,0.5213365539452496,4.390303568821238,"{2: 26, 3: 3, 4: 2}",31,1.0,0.5070160170250897
0.9594736361977739,0.8452380952380952,0.9594736361977739,"{0.0: 1.0, 0.1: 0.9742063492063492, 0.2: 0.9042145593869731}","{'noise=0.0;missing=0.0': 1.0, 'noise=0.0;missing=0.2': 1.0, 'noise=0.1;missing=0.0': 0.9484126984126984, 'noise=0.1;missing=0.2': 1.0, 'noise=0.2;missing=0.0': 0.9007936507936508, 'noise=0.2;missing=0.2': 0.9076354679802955}",0.8809523809523809,0.05952380952380952,8,7,24,2.2083333333333335,0.4,6,1.4722222222222223,2.36033950617284,0.5550314465408805,4.300585728303868,"{2: 20, 3: 3, 4: 1}",24,0.0,0.39572903806584364
0.9560755336617404,0.8273809523809523,0.9560755336617404,"{0.0: 1.0, 0.1: 0.986111111111111, 0.2: 0.8821154898741106}","{'noise=0.0;missing=0.0': 1.0, 'noise=0.0;missing=0.2': 1.0, 'noise=0.1;missing=0.0': 0.9722222222222222, 'noise=0.1;missing=0.2': 1.0, 'noise=0.2;missing=0.0': 0.884920634920635, 'noise=0.2;missing=0.2': 0.8793103448275861}",0.8452380952380952,0.07142857142857142,8,7,24,2.25,0.4,8,1.5,2.5833333333333335,0.5257201646090535,4.38869421492611,"{2: 19, 3: 4, 4: 1}",24,0.0,0.39605555555555555
0.9525405947819741,0.8273809523809523,0.9525405947819741,"{0.0: 1.0, 0.1: 0.9631226053639848, 0.2: 0.8944991789819375}","{'noise=0.0;missing=0.0': 1.0, 'noise=0.0;missing=0.2': 1.0, 'noise=0.1;missing=0.0': 0.9484126984126984, 'noise=0.1;missing=0.2': 0.977832512315271, 'noise=0.2;missing=0.0': 0.9047619047619049, 'noise=0.2;missing=0.2': 0.8842364532019704}",0.8571428571428571,0.05952380952380952,8,7,26,2.1538461538461537,0.43333333333333335,6,1.5555555555555556,2.302469135802469,0.5257936507936508,4.382811395078723,"{2: 23, 3: 2, 4: 1}",26,0.0,0.42700767647989873
0.943395365809159,0.7976190476190477,0.943395365809159,"{0.0: 1.0, 0.1: 0.9395183360700602, 0.2: 0.8906677613574165}","{'noise=0.0;missing=0.0': 1.0, 'noise=0.0;missing=0.2': 1.0, 'noise=0.1;missing=0.0': 0.9246031746031745, 'noise=0.1;missing=0.2': 0.9544334975369458, 'noise=0.2;missing=0.0': 0.9007936507936508, 'noise=0.2;missing=0.2': 0.8805418719211823}",0.8333333333333334,0.05952380952380952,8,7,18,2.1666666666666665,0.3,5,1.0833333333333333,1.576388888888889,0.5975783475783476,4.128494129663178,"{2: 15, 3: 3}",18,0.0,0.30030902777777774
0.9355614851304505,0.7797619047619048,0.9355614851304505,"{0.0: 1.0, 0.1: 0.9418445539135194, 0.2: 0.8648399014778325}","{'noise=0.0;missing=0.0': 1.0, 'noise=0.0;missing=0.2': 1.0, 'noise=0.1;missing=0.0': 0.9206349206349206, 'noise=0.1;missing=0.2': 0.9630541871921182, 'noise=0.2;missing=0.0': 0.875, 'noise=0.2;missing=0.2': 0.8546798029556649}",0.7976190476190477,0.05952380952380952,8,7,18,2.2222222222222223,0.3,5,1.1111111111111112,1.6543209876543212,0.5916666666666667,4.131687083026442,"{2: 15, 3: 2, 4: 1}",18,0.0,0.3007078189300411
0.9504766465973362,0.8154761904761905,0.9504766465973362,"{0.0: 1.0, 0.1: 0.9647304324028462, 0.2: 0.8866995073891626}","{'noise=0.0;missing=0.0': 1.0, 'noise=0.0;missing=0.2': 1.0, 'noise=0.1;missing=0.0': 0.9503968253968255, 'noise=0.1;missing=0.2': 0.9790640394088671, 'noise=0.2;missing=0.0': 0.8928571428571427, 'noise=0.2;missing=0.2': 0.8805418719211823}",0.8452380952380952,0.05952380952380952,8,7,21,2.2857142857142856,0.35,10,1.3333333333333333,3.055555555555555,0.5555555555555556,4.2207136787344055,"{2: 16, 3: 4, 4: 1}",21,0.0,0.3488822751322751
0.9537037037037037,0.8273809523809523,0.9537037037037037,"{0.0: 1.0, 0.1: 0.9694854953475642, 0.2: 0.8916256157635468}","{'noise=0.0;missing=0.0': 1.0, 'noise=0.0;missing=0.2': 1.0, 'noise=0.1;missing=0.0': 0.9722222222222222, 'noise=0.1;missing=0.2': 0.9667487684729065, 'noise=0.2;missing=0.0': 0.8928571428571429, 'noise=0.2;missing=0.2': 0.8903940886699507}",0.8690476190476191,0.023809523809523808,8,7,19,2.263157894736842,0.31666666666666665,4,1.1944444444444444,1.1566358024691357,0.4786821705426357,4.478476673256436,"{2: 15, 3: 3, 4: 1}",19,0.0,0.316742480236084
0.9603972815179712,0.8333333333333334,0.9603972815179712,"{0.0: 1.0, 0.1: 0.9727011494252873, 0.2: 0.9084906951286261}","{'noise=0.0;missing=0.0': 1.0, 'noise=0.0;missing=0.2': 1.0, 'noise=0.1;missing=0.0': 0.9761904761904763, 'noise=0.1;missing=0.2': 0.9692118226600985, 'noise=0.2;missing=0.0': 0.8908730158730158, 'noise=0.2;missing=0.2': 0.9261083743842364}",0.8571428571428571,0.08333333333333333,8,7,23,2.3043478260869565,0.38333333333333336,4,1.4722222222222223,1.6936728395061729,0.4910901467505241,4.47265017129941,"{2: 18, 3: 3, 4: 2}",23,0.0,0.38045136093218823
0.946611019886882,0.7916666666666666,0.946611019886882,"{0.0: 1.0, 0.1: 0.9612068965517242, 0.2: 0.8786261631089217}","{'noise=0.0;missing=0.0': 1.0, 'noise=0.0;missing=0.2': 1.0, 'noise=0.1;missing=0.0': 0.9642857142857143, 'noise=0.1;missing=0.2': 0.958128078817734, 'noise=0.2;missing=0.0': 0.8730158730158729, 'noise=0.2;missing=0.2': 0.8842364532019705}",0.8095238095238095,0.07142857142857142,8,7,23,2.347826086956522,0.38333333333333336,9,1.5,3.0277777777777777,0.5288065843621399,4.363063141125107,"{2: 18, 3: 2, 4: 3}",23,0.0,0.3809756441223832
0.9476943076081008,0.8214285714285714,0.9476943076081008,"{0.0: 1.0, 0.1: 0.964251505199781, 0.2: 0.878831417624521}","{'noise=0.0;missing=0.0': 1.0, 'noise=0.0;missing=0.2': 1.0, 'noise=0.1;missing=0.0': 0.9543650793650793, 'noise=0.1;missing=0.2': 0.9741379310344828, 'noise=0.2;missing=0.0': 0.896825396825397, 'noise=0.2;missing=0.2': 0.8608374384236454}",0.8333333333333334,0.05952380952380952,8,7,27,2.2962962962962963,0.45,10,1.7222222222222223,4.200617283950617,0.5663082437275986,4.287127819478951,"{2: 21, 3: 4, 4: 2}",27,0.0,0.44414660493827157
0.9478197409231891,0.8095238095238095,0.9478197409231891,"{0.0: 1.0, 0.1: 0.9470785440613028, 0.2: 0.896380678708265}","{'noise=0.0;missing=0.0': 1.0, 'noise=0.0;missing=0.2': 1.0, 'noise=0.1;missing=0.0': 0.9384920634920635, 'noise=0.1;missing=0.2': 0.9556650246305419, 'noise=0.2;missing=0.0': 0.9146825396825397, 'noise=0.2;missing=0.2': 0.8780788177339901}",0.8333333333333334,0.05952380952380952,8,7,34,2.2941176470588234,0.5666666666666667,11,2.1666666666666665,4.972222222222222,0.5156695156695157,4.415308817155385,"{2: 27, 3: 4, 4: 3}",34,4.0,0.5550934095860566
0.9466224229155263,0.7976190476190477,0.9466224229155263,"{0.0: 1.0, 0.1: 0.961172687465791, 0.2: 0.8786945812807881}","{'noise=0.0;missing=0.0': 1.0, 'noise=0.0;missing=0.2': 1.0, 'noise=0.1;missing=0.0': 0.9543650793650793, 'noise=0.1;missing=0.2': 0.9679802955665026, 'noise=0.2;missing=0.0': 0.8571428571428571, 'noise=0.2;missing=0.2': 0.9002463054187192}",0.8214285714285714,0.047619047619047616,8,7,21,2.380952380952381,0.35,6,1.3888888888888888,1.626543209876543,0.4766666666666667,4.473269689515109,"{2: 15, 3: 4, 4: 2}",21,0.0,0.3493054820693709
0.9564632366356505,0.8333333333333334,0.9564632366356505,"{0.0: 1.0, 0.1: 0.9734537493158183, 0.2: 0.8959359605911329}","{'noise=0.0;missing=0.0': 1.0, 'noise=0.0;missing=0.2': 1.0, 'noise=0.1;missing=0.0': 0.9801587301587301, 'noise=0.1;missing=0.2': 0.9667487684729065, 'noise=0.2;missing=0.0': 0.8928571428571429, 'noise=0.2;missing=0.2': 0.899014778325123}",0.8690476190476191,0.03571428571428571,8,7,22,2.3636363636363638,0.36666666666666664,6,1.4444444444444444,1.6358024691358024,0.4465811965811966,4.579965439170123,"{2: 16, 3: 4, 4: 2}",22,0.0,0.36502010849233074
0.9371465061120234,0.7857142857142857,0.9371465061120234,"{0.0: 1.0, 0.1: 0.9368842364532021, 0.2: 0.8745552818828681}","{'noise=0.0;missing=0.0': 1.0, 'noise=0.0;missing=0.2': 1.0, 'noise=0.1;missing=0.0': 0.9107142857142857, 'noise=0.1;missing=0.2': 0.9630541871921182, 'noise=0.2;missing=0.0': 0.8710317460317459, 'noise=0.2;missing=0.2': 0.8780788177339901}",0.8333333333333334,0.03571428571428571,8,7,20,2.25,0.3333333333333333,5,1.25,1.9097222222222223,0.5796296296296296,4.197656852829064,"{2: 16, 3: 3, 4: 1}",20,0.0,0.33260995370370366
0.9452654625068417,0.8035714285714286,0.9452654625068417,"{0.0: 1.0, 0.1: 0.981663929939792, 0.2: 0.8541324575807333}","{'noise=0.0;missing=0.0': 1.0, 'noise=0.0;missing=0.2': 1.0, 'noise=0.1;missing=0.0': 0.9682539682539683, 'noise=0.1;missing=0.2': 0.9950738916256158, 'noise=0.2;missing=0.0': 0.8412698412698413, 'noise=0.2;missing=0.2': 0.8669950738916254}",0.7976190476190477,0.05952380952380952,8,7,23,2.217391304347826,0.38333333333333336,7,1.4166666666666667,2.4097222222222223,0.5637254901960784,4.271917068143642,"{2: 19, 3: 3, 4: 1}",23,0.0,0.3799668377616747
0.9463943623426383,0.8035714285714286,0.9463943623426383,"{0.0: 1.0, 0.1: 0.9682539682539683, 0.2: 0.8709291187739464}","{'noise=0.0;missing=0.0': 1.0, 'noise=0.0;missing=0.2': 1.0, 'noise=0.1;missing=0.0': 0.9722222222222222, 'noise=0.1;missing=0.2': 0.9642857142857142, 'noise=0.2;missing=0.0': 0.8551587301587301, 'noise=0.2;missing=0.2': 0.8866995073891625}",0.8095238095238095,0.047619047619047616,8,7,22,2.3636363636363638,0.36666666666666664,8,1.4444444444444444,2.4691358024691357,0.5149572649572649,4.395164660815569,"{2: 16, 3: 4, 4: 2}",22,0.0,0.3651589973812196
0.9538633461047255,0.8214285714285714,0.9538633461047255,"{0.0: 1.0, 0.1: 0.974172140120416, 0.2: 0.8874178981937603}","{'noise=0.0;missing=0.0': 1.0, 'noise=0.0;missing=0.2': 1.0, 'noise=0.1;missing=0.0': 0.9742063492063492, 'noise=0.1;missing=0.2': 0.9741379310344828, 'noise=0.2;missing=0.0': 0.8869047619047619, 'noise=0.2;missing=0.2': 0.8879310344827587}",0.8095238095238095,0.047619047619047616,8,7,18,2.2777777777777777,0.3,5,1.1388888888888888,1.3418209876543212,0.5182926829268293,4.373051322261979,"{2: 14, 3: 3, 4: 1}",18,0.0,0.3010415380658436
0.9473522167487685,0.8035714285714286,0.9473522167487685,"{0.0: 1.0, 0.1: 0.9547413793103449, 0.2: 0.8873152709359606}","{'noise=0.0;missing=0.0': 1.0, 'noise=0.0;missing=0.2': 1.0, 'noise=0.1;missing=0.0': 0.9464285714285714, 'noise=0.1;missing=0.2': 0.9630541871921182, 'noise=0.2;missing=0.0': 0.8928571428571429, 'noise=0.2;missing=0.2': 0.8817733990147782}",0.8452380952380952,0.03571428571428571,8,7,20,2.25,0.3333333333333333,4,1.25,1.4652777777777777,0.5277777777777778,4.3580853183595885,"{2: 16, 3: 3, 4: 1}",20,0.0,0.3325358796296296
0.9514345010034665,0.8214285714285714,0.9514345010034665,"{0.0: 1.0, 0.1: 0.9670566502463054, 0.2: 0.8872468527640941}","{'noise=0.0;missing=0.0': 1.0, 'noise=0.0;missing=0.2': 1.0, 'noise=0.1;missing=0.0': 0.9821428571428571, 'noise=0.1;missing=0.2': 0.9519704433497537, 'noise=0.2;missing=0.0': 0.9087301587301588, 'noise=0.2;missing=0.2': 0.8657635467980295}",0.8333333333333334,0.05952380952380952,8,7,25,2.28,0.4166666666666667,7,1.5833333333333333,2.4097222222222223,0.5063352826510721,4.424457120524497,"{2: 20, 3: 3, 4: 2}",25,0.0,0.4120682870370371
0.9574895092136471,0.8333333333333334,0.9574895092136471,"{0.0: 1.0, 0.1: 0.963464696223317, 0.2: 0.9090038314176245}","{'noise=0.0;missing=0.0': 1.0, 'noise=0.0;missing=0.2': 1.0, 'noise=0.1;missing=0.0': 0.9404761904761905, 'noise=0.1;missing=0.2': 0.9864532019704433, 'noise=0.2;missing=0.0': 0.8968253968253969, 'noise=0.2;missing=0.2': 0.9211822660098522}",0.8809523809523809,0.05952380952380952,8,7,28,2.25,0.4666666666666667,6,1.75,2.4097222222222223,0.48544973544973546,4.478809637882328,"{2: 23, 3: 3, 4: 2}",28,0.0,0.45935995370370375
0.9461320926838167,0.8214285714285714,0.9461320926838167,"{0.0: 1.0, 0.1: 0.9563149972632731, 0.2: 0.8820812807881773}","{'noise=0.0;missing=0.0': 1.0, 'noise=0.0;missing=0.2': 1.0, 'noise=0.1;missing=0.0': 0.9384920634920635, 'noise=0.1;missing=0.2': 0.9741379310344828, 'noise=0.2;missing=0.0': 0.875, 'noise=0.2;missing=0.2': 0.8891625615763546}",0.8571428571428571,0.023809523809523808,8,7,18,2.2777777777777777,0.3,4,1.1388888888888888,1.3973765432098766,0.5548780487804879,4.247557492317426,"{2: 14, 3: 3, 4: 1}",18,0.0,0.30105079732510287
0.9398604269293924,0.7916666666666666,0.9398604269293924,"{0.0: 1.0, 0.1: 0.9537493158182814, 0.2: 0.865831964969896}","{'noise=0.0;missing=0.0': 1.0, 'noise=0.0;missing=0.2': 1.0, 'noise=0.1;missing=0.0': 0.9444444444444444, 'noise=0.1;missing=0.2': 0.9630541871921182, 'noise=0.2;missing=0.0': 0.8769841269841271, 'noise=0.2;missing=0.2': 0.8546798029556649}",0.7976190476190477,0.05952380952380952,8,7,20,2.2,0.3333333333333333,5,1.2222222222222223,1.7839506172839503,0.5757575757575758,4.206717630483575,"{2: 17, 3: 2, 4: 1}",20,0.0,0.3322417695473251
0.9525405947819741,0.8273809523809523,0.9525405947819741,"{0.0: 1.0, 0.1: 0.9631226053639848, 0.2: 0.8944991789819375}","{'noise=0.0;missing=0.0': 1.0, 'noise=0.0;missing=0.2': 1.0, 'noise=0.1;missing=0.0': 0.9484126984126984, 'noise=0.1;missing=0.2': 0.977832512315271, 'noise=0.2;missing=0.0': 0.9047619047619049, 'noise=0.2;missing=0.2': 0.8842364532019704}",0.8571428571428571,0.05952380952380952,8,7,26,2.1538461538461537,0.43333333333333335,6,1.5555555555555556,2.302469135802469,0.5257936507936508,4.382811395078723,"{2: 23, 3: 2, 4: 1}",26,0.0,0.42700767647989873
0.950830140485313,0.8273809523809523,0.950830140485313,"{0.0: 1.0, 0.1: 0.9736247947454845, 0.2: 0.8788656267104543}","{'noise=0.0;missing=0.0': 1.0, 'noise=0.0;missing=0.2': 1.0, 'noise=0.1;missing=0.0': 0.9583333333333333, 'noise=0.1;missing=0.2': 0.9889162561576355, 'noise=0.2;missing=0.0': 0.871031746031746, 'noise=0.2;missing=0.2': 0.8866995073891626}",0.8690476190476191,0.05952380952380952,8,7,20,2.25,0.3333333333333333,5,1.25,1.9652777777777777,0.5820987654320988,4.214432130654918,"{2: 16, 3: 3, 4: 1}",20,0.0,0.33261921296296293
0.9404419813902571,0.7916666666666666,0.9404419813902571,"{0.0: 1.0, 0.1: 0.9662356321839081, 0.2: 0.8550903119868637}","{'noise=0.0;missing=0.0': 1.0, 'noise=0.0;missing=0.2': 1.0, 'noise=0.1;missing=0.0': 0.9583333333333333, 'noise=0.1;missing=0.2': 0.9741379310344828, 'noise=0.2;missing=0.0': 0.8333333333333333, 'noise=0.2;missing=0.2': 0.8768472906403941}",0.7857142857142857,0.03571428571428571,8,7,13,2.1538461538461537,0.21666666666666667,3,0.7777777777777778,0.8395061728395061,0.6111111111111112,4.039148671903071,"{2: 11, 3: 2}",13,0.0,0.22093051598607155
0.9507389162561576,0.8154761904761905,0.9507389162561576,"{0.0: 1.0, 0.1: 0.9635331143951833, 0.2: 0.8886836343732896}","{'noise=0.0;missing=0.0': 1.0, 'noise=0.0;missing=0.2': 1.0, 'noise=0.1;missing=0.0': 0.9603174603174602, 'noise=0.1;missing=0.2': 0.9667487684729065, 'noise=0.2;missing=0.0': 0.8968253968253969, 'noise=0.2;missing=0.2': 0.8805418719211822}",0.8452380952380952,0.03571428571428571,8,7,20,2.25,0.3333333333333333,4,1.25,1.2430555555555556,0.48703703703703705,4.4746433738670675,"{2: 16, 3: 3, 4: 1}",20,0.0,0.3324988425925926
0.9533958219303047,0.8333333333333334,0.9533958219303047,"{0.0: 1.0, 0.1: 0.9629173508483853, 0.2: 0.8972701149425288}","{'noise=0.0;missing=0.0': 1.0, 'noise=0.0;missing=0.2': 1.0, 'noise=0.1;missing=0.0': 0.9603174603174602, 'noise=0.1;missing=0.2': 0.9655172413793104, 'noise=0.2;missing=0.0': 0.8869047619047619, 'noise=0.2;missing=0.2': 0.9076354679802956}",0.8690476190476191,0.03571428571428571,8,7,20,2.3,0.3333333333333333,7,1.2777777777777777,1.8117283950617287,0.5084541062801933,4.394950065602804,"{2: 15, 3: 4, 4: 1}",20,0.0,0.33294084362139914
0.9578430031016238,0.8273809523809523,0.9578430031016238,"{0.0: 1.0, 0.1: 0.9737958401751505, 0.2: 0.8997331691297209}","{'noise=0.0;missing=0.0': 1.0, 'noise=0.0;missing=0.2': 1.0, 'noise=0.1;missing=0.0': 0.9722222222222222, 'noise=0.1;missing=0.2': 0.9753694581280788, 'noise=0.2;missing=0.0': 0.8869047619047619, 'noise=0.2;missing=0.2': 0.9125615763546797}",0.8452380952380952,0.07142857142857142,8,7,19,2.263157894736842,0.31666666666666665,4,1.1944444444444444,1.489969135802469,0.5523255813953488,4.286275219617124,"{2: 15, 3: 3, 4: 1}",19,0.0,0.31679803579163957
0.9466224229155263,0.7976190476190477,0.9466224229155263,"{0.0: 1.0, 0.1: 0.961172687465791, 0.2: 0.8786945812807881}","{'noise=0.0;missing=0.0': 1.0, 'noise=0.0;missing=0.2': 1.0, 'noise=0.1;missing=0.0': 0.9543650793650793, 'noise=0.1;missing=0.2': 0.9679802955665026, 'noise=0.2;missing=0.0': 0.8571428571428571, 'noise=0.2;missing=0.2': 0.9002463054187192}",0.8214285714285714,0.047619047619047616,8,7,21,2.380952380952381,0.35,6,1.3888888888888888,1.626543209876543,0.4766666666666667,4.473269689515109,"{2: 15, 3: 4, 4: 2}",21,0.0,0.3493054820693709
0.9487547892720307,0.8095238095238095,0.9487547892720307,"{0.0: 1.0, 0.1: 0.9530309250136836, 0.2: 0.8932334428024084}","{'noise=0.0;missing=0.0': 1.0, 'noise=0.0;missing=0.2': 1.0, 'noise=0.1;missing=0.0': 0.9503968253968254, 'noise=0.1;missing=0.2': 0.9556650246305419, 'noise=0.2;missing=0.0': 0.8948412698412699, 'noise=0.2;missing=0.2': 0.8916256157635466}",0.8690476190476191,0.023809523809523808,8,7,20,2.25,0.3333333333333333,4,1.25,1.4652777777777777,0.5228395061728395,4.385754484978179,"{2: 16, 3: 3, 4: 1}",20,0.0,0.3325358796296296
0.950636288998358,0.8214285714285714,0.950636288998358,"{0.0: 1.0, 0.1: 0.9682197591680349, 0.2: 0.8836891078270389}","{'noise=0.0;missing=0.0': 1.0, 'noise=0.0;missing=0.2': 1.0, 'noise=0.1;missing=0.0': 0.9623015873015872, 'noise=0.1;missing=0.2': 0.9741379310344828, 'noise=0.2;missing=0.0': 0.8769841269841271, 'noise=0.2;missing=0.2': 0.8903940886699507}",0.8690476190476191,0.023809523809523808,8,7,18,2.2777777777777777,0.3,4,1.1388888888888888,1.2307098765432098,0.5182926829268293,4.363530358223852,"{2: 14, 3: 3, 4: 1}",18,0.0,0.3010230195473251
0.9423120780879402,0.7857142857142857,0.9423120780879402,"{0.0: 1.0, 0.1: 0.9515941434044882, 0.2: 0.8753420908593323}","{'noise=0.0;missing=0.0': 1.0, 'noise=0.0;missing=0.2': 1.0, 'noise=0.1;missing=0.0': 0.9265873015873015, 'noise=0.1;missing=0.2': 0.9766009852216749, 'noise=0.2;missing=0.0': 0.8849206349206348, 'noise=0.2;missing=0.2': 0.8657635467980295}",0.8214285714285714,0.05952380952380952,8,7,22,2.1363636363636362,0.36666666666666664,5,1.3055555555555556,1.9899691358024687,0.5691489361702128,4.246419841989041,"{2: 19, 3: 3}",22,0.0,0.36350085344182564
0.9406700419631454,0.7916666666666666,0.9406700419631454,"{0.0: 1.0, 0.1: 0.943007662835249, 0.2: 0.879002463054187}","{'noise=0.0;missing=0.0': 1.0, 'noise=0.0;missing=0.2': 1.0, 'noise=0.1;missing=0.0': 0.9365079365079365, 'noise=0.1;missing=0.2': 0.9495073891625615, 'noise=0.2;missing=0.0': 0.8749999999999999, 'noise=0.2;missing=0.2': 0.8830049261083743}",0.8571428571428571,0.023809523809523808,8,7,18,2.2777777777777777,0.3,4,1.1388888888888888,1.341820987654321,0.5494579945799458,4.289882797037173,"{2: 14, 3: 3, 4: 1}",18,0.0,0.3010415380658436
0.9537037037037037,0.8273809523809523,0.9537037037037037,"{0.0: 1.0, 0.1: 0.9694854953475642, 0.2: 0.8916256157635468}","{'noise=0.0;missing=0.0': 1.0, 'noise=0.0;missing=0.2': 1.0, 'noise=0.1;missing=0.0': 0.9722222222222222, 'noise=0.1;missing=0.2': 0.9667487684729065, 'noise=0.2;missing=0.0': 0.8928571428571429, 'noise=0.2;missing=0.2': 0.8903940886699507}",0.8690476190476191,0.023809523809523808,8,7,19,2.263157894736842,0.31666666666666665,4,1.1944444444444444,1.0455246913580245,0.4631782945736434,4.507432777857286,"{2: 15, 3: 3, 4: 1}",19,0.0,0.31672396171756545
0.950499452654625,0.8095238095238095,0.950499452654625,"{0.0: 1.0, 0.1: 0.9608990147783251, 0.2: 0.8905993431855501}","{'noise=0.0;missing=0.0': 1.0, 'noise=0.0;missing=0.2': 1.0, 'noise=0.1;missing=0.0': 0.9464285714285714, 'noise=0.1;missing=0.2': 0.9753694581280788, 'noise=0.2;missing=0.0': 0.8809523809523808, 'noise=0.2;missing=0.2': 0.9002463054187192}",0.8571428571428571,0.05952380952380952,8,7,24,2.2916666666666665,0.4,6,1.5277777777777777,1.9714506172839508,0.4904040404040404,4.462644713288645,"{2: 19, 3: 3, 4: 2}",24,0.0,0.3962429269547325
0.9422094508301404,0.7976190476190477,0.9422094508301404,"{0.0: 1.0, 0.1: 0.9434865900383141, 0.2: 0.8831417624521072}","{'noise=0.0;missing=0.0': 1.0, 'noise=0.0;missing=0.2': 1.0, 'noise=0.1;missing=0.0': 0.9325396825396826, 'noise=0.1;missing=0.2': 0.9544334975369458, 'noise=0.2;missing=0.0': 0.8968253968253969, 'noise=0.2;missing=0.2': 0.8694581280788177}",0.8214285714285714,0.047619047619047616,8,7,21,2.2857142857142856,0.35,6,1.3333333333333333,2.055555555555556,0.5543981481481481,4.290400719733289,"{2: 16, 3: 4, 4: 1}",21,0.0,0.34871560846560845
0.9419585841999636,0.7976190476190477,0.9419585841999636,"{0.0: 1.0, 0.1: 0.9395183360700602, 0.2: 0.8863574165298304}","{'noise=0.0;missing=0.0': 1.0, 'noise=0.0;missing=0.2': 1.0, 'noise=0.1;missing=0.0': 0.9246031746031745, 'noise=0.1;missing=0.2': 0.9544334975369458, 'noise=0.2;missing=0.0': 0.9007936507936508, 'noise=0.2;missing=0.2': 0.8719211822660098}",0.8333333333333334,0.05952380952380952,8,7,18,2.111111111111111,0.3,5,1.0555555555555556,1.6635802469135803,0.6242690058479532,4.007942895581381,"{2: 16, 3: 2}",18,0.0,0.29993775720164606
0.9418445539135194,0.7857142857142857,0.9418445539135194,"{0.0: 1.0, 0.1: 0.9659619594964423, 0.2: 0.859571702244116}","{'noise=0.0;missing=0.0': 1.0, 'noise=0.0;missing=0.2': 1.0, 'noise=0.1;missing=0.0': 0.9503968253968254, 'noise=0.1;missing=0.2': 0.981527093596059, 'noise=0.2;missing=0.0': 0.8472222222222222, 'noise=0.2;missing=0.2': 0.8719211822660099}",0.7976190476190477,0.047619047619047616,8,7,18,2.2777777777777777,0.3,6,1.1388888888888888,1.5640432098765433,0.5494579945799458,4.259514199528964,"{2: 14, 3: 3, 4: 1}",18,0.0,0.3010785751028806
0.9533160007297938,0.8214285714285714,0.9533160007297938,"{0.0: 1.0, 0.1: 0.9821428571428571, 0.2: 0.8778051450465243}","{'noise=0.0;missing=0.0': 1.0, 'noise=0.0;missing=0.2': 1.0, 'noise=0.1;missing=0.0': 0.9642857142857143, 'noise=0.1;missing=0.2': 1.0, 'noise=0.2;missing=0.0': 0.884920634920635, 'noise=0.2;missing=0.2': 0.8706896551724137}",0.8452380952380952,0.05952380952380952,8,7,24,2.25,0.4,7,1.5,2.25,0.5123456790123457,4.432185243548272,"{2: 19, 3: 4, 4: 1}",24,0.0,0.396
0.9347404670680532,0.7678571428571429,0.9347404670680532,"{0.0: 1.0, 0.1: 0.9400314723590586, 0.2: 0.8641899288451013}","{'noise=0.0;missing=0.0': 1.0, 'noise=0.0;missing=0.2': 1.0, 'noise=0.1;missing=0.0': 0.9305555555555556, 'noise=0.1;missing=0.2': 0.9495073891625615, 'noise=0.2;missing=0.0': 0.865079365079365, 'noise=0.2;missing=0.2': 0.8633004926108374}",0.7976190476190477,0.07142857142857142,8,7,21,2.3333333333333335,0.35,5,1.3611111111111112,1.5084876543209875,0.4880952380952381,4.443606211763083,"{2: 16, 3: 3, 4: 2}",21,0.0,0.34895511831275716
0.947112753147236,0.8214285714285714,0.947112753147236,"{0.0: 1.0, 0.1: 0.9632594417077175, 0.2: 0.8780788177339901}","{'noise=0.0;missing=0.0': 1.0, 'noise=0.0;missing=0.2': 1.0, 'noise=0.1;missing=0.0': 0.9523809523809523, 'noise=0.1;missing=0.2': 0.9741379310344828, 'noise=0.2;missing=0.0': 0.8571428571428571, 'noise=0.2;missing=0.2': 0.899014778325123}",0.8452380952380952,0.023809523809523808,8,7,17,2.2941176470588234,0.2833333333333333,4,1.0833333333333333,1.2430555555555558,0.5505698005698005,4.284900936589072,"{2: 13, 3: 3, 4: 1}",17,0.0,0.2853052151416122
0.9508985586571793,0.8214285714285714,0.9508985586571793,"{0.0: 1.0, 0.1: 0.9559044882320745, 0.2: 0.8967911877394636}","{'noise=0.0;missing=0.0': 1.0, 'noise=0.0;missing=0.2': 1.0, 'noise=0.1;missing=0.0': 0.9623015873015872, 'noise=0.1;missing=0.2': 0.9495073891625615, 'noise=0.2;missing=0.0': 0.8908730158730159, 'noise=0.2;missing=0.2': 0.9027093596059113}",0.8571428571428571,0.047619047619047616,8,7,23,2.3043478260869565,0.38333333333333336,5,1.4722222222222223,1.9158950617283952,0.5162473794549266,4.404543747253433,"{2: 18, 3: 3, 4: 2}",23,0.0,0.38048839796922523
0.9434865900383143,0.8095238095238095,0.9434865900383143,"{0.0: 1.0, 0.1: 0.9573070607553367, 0.2: 0.873152709359606}","{'noise=0.0;missing=0.0': 1.0, 'noise=0.0;missing=0.2': 1.0, 'noise=0.1;missing=0.0': 0.9404761904761905, 'noise=0.1;missing=0.2': 0.9741379310344828, 'noise=0.2;missing=0.0': 0.8571428571428571, 'noise=0.2;missing=0.2': 0.8891625615763546}",0.8333333333333334,0.023809523809523808,8,7,15,2.1333333333333333,0.25,4,0.8888888888888888,1.2654320987654324,0.640625,3.9681390622295662,"{2: 13, 3: 2}",15,0.0,0.25252572016460906
0.9579000182448457,0.8452380952380952,0.9579000182448457,"{0.0: 1.0, 0.1: 0.9801587301587301, 0.2: 0.8935413245758073}","{'noise=0.0;missing=0.0': 1.0, 'noise=0.0;missing=0.2': 1.0, 'noise=0.1;missing=0.0': 0.9603174603174602, 'noise=0.1;missing=0.2': 1.0, 'noise=0.2;missing=0.0': 0.8769841269841271, 'noise=0.2;missing=0.2': 0.9100985221674875}",0.8690476190476191,0.047619047619047616,8,7,22,2.227272727272727,0.36666666666666664,4,1.3611111111111112,1.7307098765432096,0.5311791383219955,4.354007037771996,"{2: 18, 3: 3, 4: 1}",22,0.0,0.3640889566965956
0.9553001277139208,0.8392857142857143,0.9553001277139208,"{0.0: 1.0, 0.1: 0.9670908593322387, 0.2: 0.8988095238095237}","{'noise=0.0;missing=0.0': 1.0, 'noise=0.0;missing=0.2': 1.0, 'noise=0.1;missing=0.0': 0.9563492063492064, 'noise=0.1;missing=0.2': 0.977832512315271, 'noise=0.2;missing=0.0': 0.9047619047619048, 'noise=0.2;missing=0.2': 0.8928571428571429}",0.8690476190476191,0.05952380952380952,8,7,25,2.16,0.4166666666666667,8,1.5,2.861111111111111,0.5689300411522634,4.254525464966175,"{2: 22, 3: 2, 4: 1}",25,0.0,0.41131018518518525
0.9419927932858966,0.7976190476190477,0.9419927932858966,"{0.0: 1.0, 0.1: 0.9469759168035029, 0.2: 0.879002463054187}","{'noise=0.0;missing=0.0': 1.0, 'noise=0.0;missing=0.2': 1.0, 'noise=0.1;missing=0.0': 0.9444444444444444, 'noise=0.1;missing=0.2': 0.9495073891625615, 'noise=0.2;missing=0.0': 0.8749999999999999, 'noise=0.2;missing=0.2': 0.8830049261083743}",0.8571428571428571,0.023809523809523808,8,7,18,2.2777777777777777,0.3,4,1.1388888888888888,1.4529320987654322,0.5630081300813008,4.259514199528965,"{2: 14, 3: 3, 4: 1}",18,0.0,0.3010600565843621
0.9498836891078271,0.8333333333333334,0.9498836891078271,"{0.0: 1.0, 0.1: 0.960283251231527, 0.2: 0.8893678160919539}","{'noise=0.0;missing=0.0': 1.0, 'noise=0.0;missing=0.2': 1.0, 'noise=0.1;missing=0.0': 0.9464285714285714, 'noise=0.1;missing=0.2': 0.9741379310344828, 'noise=0.2;missing=0.0': 0.8809523809523808, 'noise=0.2;missing=0.2': 0.897783251231527}",0.8571428571428571,0.023809523809523808,8,7,18,2.3333333333333335,0.3,4,1.1666666666666667,1.5833333333333333,0.5793650793650794,4.177566232096526,"{2: 13, 3: 4, 4: 1}",18,0.0,0.3014675925925926
0.9553229337712095,0.8333333333333334,0.9553229337712095,"{0.0: 1.0, 0.1: 0.9742063492063492, 0.2: 0.8917624521072797}","{'noise=0.0;missing=0.0': 1.0, 'noise=0.0;missing=0.2': 1.0, 'noise=0.1;missing=0.0': 0.9484126984126984, 'noise=0.1;missing=0.2': 1.0, 'noise=0.2;missing=0.0': 0.8968253968253969, 'noise=0.2;missing=0.2': 0.8866995073891626}",0.8571428571428571,0.05952380952380952,8,7,24,2.2083333333333335,0.4,5,1.4722222222222223,2.193672839506173,0.5309224318658281,4.386532078529221,"{2: 20, 3: 3, 4: 1}",24,0.0,0.39570126028806585
0.9391078270388614,0.7916666666666666,0.9391078270388614,"{0.0: 1.0, 0.1: 0.942836617405583, 0.2: 0.8744868637110016}","{'noise=0.0;missing=0.0': 1.0, 'noise=0.0;missing=0.2': 1.0, 'noise=0.1;missing=0.0': 0.9226190476190477, 'noise=0.1;missing=0.2': 0.9630541871921182, 'noise=0.2;missing=0.0': 0.8869047619047619, 'noise=0.2;missing=0.2': 0.8620689655172413}",0.8333333333333334,0.047619047619047616,8,7,20,2.2,0.3333333333333333,6,1.2222222222222223,2.28395061728395,0.5984848484848485,4.118078209349709,"{2: 17, 3: 2, 4: 1}",20,0.0,0.3323251028806584
0.9600209815727058,0.8273809523809523,0.9600209815727058,"{0.0: 1.0, 0.1: 0.9717090859332238, 0.2: 0.9083538587848933}","{'noise=0.0;missing=0.0': 1.0, 'noise=0.0;missing=0.2': 1.0, 'noise=0.1;missing=0.0': 0.9742063492063492, 'noise=0.1;missing=0.2': 0.9692118226600985, 'noise=0.2;missing=0.0': 0.8869047619047619, 'noise=0.2;missing=0.2': 0.9298029556650247}",0.8571428571428571,0.08333333333333333,8,7,24,2.2916666666666665,0.4,5,1.5277777777777777,1.7492283950617287,0.4772727272727273,4.4923805682595495,"{2: 19, 3: 3, 4: 2}",24,0.0,0.3962058899176955
0.9447865353037767,0.8095238095238095,0.9447865353037767,"{0.0: 1.0, 0.1: 0.9502257799671592, 0.2: 0.8841338259441708}","{'noise=0.0;missing=0.0': 1.0, 'noise=0.0;missing=0.2': 1.0, 'noise=0.1;missing=0.0': 0.9226190476190477, 'noise=0.1;missing=0.2': 0.977832512315271, 'noise=0.2;missing=0.0': 0.8988095238095238, 'noise=0.2;missing=0.2': 0.8694581280788177}",0.8571428571428571,0.05952380952380952,8,7,23,2.130434782608696,0.38333333333333336,6,1.3611111111111112,2.4529320987654324,0.5810657596371882,4.226156782537499,"{2: 20, 3: 3}",23,0.0,0.37937017467346573
0.9541142127349025,0.8273809523809523,0.9541142127349025,"{0.0: 1.0, 0.1: 0.9641830870279147, 0.2: 0.8981595511767926}","{'noise=0.0;missing=0.0': 1.0, 'noise=0.0;missing=0.2': 1.0, 'noise=0.1;missing=0.0': 0.9702380952380951, 'noise=0.1;missing=0.2': 0.958128078817734, 'noise=0.2;missing=0.0': 0.8948412698412699, 'noise=0.2;missing=0.2': 0.9014778325123152}",0.8333333333333334,0.023809523809523808,8,7,17,2.176470588235294,0.2833333333333333,4,1.0277777777777777,1.1381172839506175,0.5487987987987988,4.283381405994074,"{2: 14, 3: 3}",17,0.0,0.2844707319656258
0.9494731800766284,0.8154761904761905,0.9494731800766284,"{0.0: 1.0, 0.1: 0.9606937602627258, 0.2: 0.8877257799671592}","{'noise=0.0;missing=0.0': 1.0, 'noise=0.0;missing=0.2': 1.0, 'noise=0.1;missing=0.0': 0.9583333333333333, 'noise=0.1;missing=0.2': 0.9630541871921182, 'noise=0.2;missing=0.0': 0.9047619047619048, 'noise=0.2;missing=0.2': 0.8706896551724137}",0.8452380952380952,0.047619047619047616,8,7,23,2.347826086956522,0.38333333333333336,6,1.5,2.25,0.5174897119341564,4.423881891405557,"{2: 17, 3: 4, 4: 2}",23,0.0,0.3808460144927536
0.9477627257799671,0.8095238095238095,0.9477627257799671,"{0.0: 1.0, 0.1: 0.9740695128626163, 0.2: 0.8692186644772851}","{'noise=0.0;missing=0.0': 1.0, 'noise=0.0;missing=0.2': 1.0, 'noise=0.1;missing=0.0': 0.9801587301587301, 'noise=0.1;missing=0.2': 0.9679802955665024, 'noise=0.2;missing=0.0': 0.8591269841269841, 'noise=0.2;missing=0.2': 0.8793103448275862}",0.7976190476190477,0.047619047619047616,8,7,16,2.3125,0.26666666666666666,4,1.0277777777777777,1.193672839506173,0.5518018018018018,4.270132081786695,"{2: 12, 3: 3, 4: 1}",16,0.0,0.26959130658436214
0.9420155993431856,0.8035714285714286,0.9420155993431856,"{0.0: 1.0, 0.1: 0.9619937055281883, 0.2: 0.8640530925013684}","{'noise=0.0;missing=0.0': 1.0, 'noise=0.0;missing=0.2': 1.0, 'noise=0.1;missing=0.0': 0.9424603174603174, 'noise=0.1;missing=0.2': 0.981527093596059, 'noise=0.2;missing=0.0': 0.8611111111111113, 'noise=0.2;missing=0.2': 0.8669950738916254}",0.8452380952380952,0.047619047619047616,8,7,19,2.1578947368421053,0.31666666666666665,4,1.1388888888888888,1.7307098765432098,0.6036585365853658,4.119627919199463,"{2: 17, 3: 1, 4: 1}",19,0.0,0.31610716509638287
0.9562465790914068,0.8392857142857143,0.9562465790914068,"{0.0: 1.0, 0.1: 0.9705117679255609, 0.2: 0.8982279693486591}","{'noise=0.0;missing=0.0': 1.0, 'noise=0.0;missing=0.2': 1.0, 'noise=0.1;missing=0.0': 0.9484126984126984, 'noise=0.1;missing=0.2': 0.9926108374384236, 'noise=0.2;missing=0.0': 0.9146825396825397, 'noise=0.2;missing=0.2': 0.8817733990147784}",0.8690476190476191,0.047619047619047616,8,7,24,2.25,0.4,6,1.5,2.3055555555555554,0.5236625514403292,4.392871298059123,"{2: 19, 3: 4, 4: 1}",24,0.0,0.3960092592592593
0.9507389162561576,0.8154761904761905,0.9507389162561576,"{0.0: 1.0, 0.1: 0.9635331143951833, 0.2: 0.8886836343732896}","{'noise=0.0;missing=0.0': 1.0, 'noise=0.0;missing=0.2': 1.0, 'noise=0.1;missing=0.0': 0.9603174603174602, 'noise=0.1;missing=0.2': 0.9667487684729065, 'noise=0.2;missing=0.0': 0.8968253968253969, 'noise=0.2;missing=0.2': 0.8805418719211822}",0.8452380952380952,0.03571428571428571,8,7,16,2.0625,0.26666666666666666,3,0.9166666666666666,1.0208333333333335,0.5867003367003367,4.12728313431329,"{2: 15, 3: 1}",16,0.0,0.2678263888888889
0.9427111840904944,0.8154761904761905,0.9427111840904944,"{0.0: 1.0, 0.1: 0.9557334428024084, 0.2: 0.8724001094690751}","{'noise=0.0;missing=0.0': 1.0, 'noise=0.0;missing=0.2': 1.0, 'noise=0.1;missing=0.0': 0.9484126984126985, 'noise=0.1;missing=0.2': 0.9630541871921182, 'noise=0.2;missing=0.0': 0.8531746031746031, 'noise=0.2;missing=0.2': 0.8916256157635466}",0.8452380952380952,0.03571428571428571,8,7,17,2.235294117647059,0.2833333333333333,4,1.0555555555555556,1.1635802469135803,0.5467836257309941,4.260828171224456,"{2: 14, 3: 2, 4: 1}",17,0.0,0.2848834725248124
0.9536238825031927,0.8273809523809523,0.9536238825031927,"{0.0: 1.0, 0.1: 0.9614463601532568, 0.2: 0.8994252873563218}","{'noise=0.0;missing=0.0': 1.0, 'noise=0.0;missing=0.2': 1.0, 'noise=0.1;missing=0.0': 0.9623015873015872, 'noise=0.1;missing=0.2': 0.960591133004926, 'noise=0.2;missing=0.0': 0.869047619047619, 'noise=0.2;missing=0.2': 0.9298029556650247}",0.8571428571428571,0.03571428571428571,8,7,23,2.4347826086956523,0.38333333333333336,4,1.5555555555555556,1.5802469135802468,0.4494047619047619,4.578890859209904,"{2: 16, 3: 4, 4: 3}",23,0.0,0.38133825371264984
0.9569649698960043,0.8392857142857143,0.9569649698960043,"{0.0: 1.0, 0.1: 0.9771483305966064, 0.2: 0.8937465790914066}","{'noise=0.0;missing=0.0': 1.0, 'noise=0.0;missing=0.2': 1.0, 'noise=0.1;missing=0.0': 0.9801587301587301, 'noise=0.1;missing=0.2': 0.9741379310344828, 'noise=0.2;missing=0.0': 0.9007936507936506, 'noise=0.2;missing=0.2': 0.8866995073891625}",0.8571428571428571,0.03571428571428571,8,7,23,2.347826086956522,0.38333333333333336,7,1.5,1.9722222222222223,0.4619341563786008,4.5481975121869835,"{2: 17, 3: 4, 4: 2}",23,0.0,0.3807997181964573
0.9530879401569056,0.8214285714285714,0.9530879401569056,"{0.0: 1.0, 0.1: 0.9726669403393541, 0.2: 0.886596880131363}","{'noise=0.0;missing=0.0': 1.0, 'noise=0.0;missing=0.2': 1.0, 'noise=0.1;missing=0.0': 0.9662698412698413, 'noise=0.1;missing=0.2': 0.9790640394088671, 'noise=0.2;missing=0.0': 0.8630952380952381, 'noise=0.2;missing=0.2': 0.9100985221674875}",0.8452380952380952,0.05952380952380952,8,7,28,2.25,0.4666666666666667,5,1.75,2.1319444444444446,0.4634038800705467,4.540716535182172,"{2: 23, 3: 3, 4: 2}",28,0.0,0.4593136574074074
0.9594394271118409,0.8392857142857143,0.9594394271118409,"{0.0: 1.0, 0.1: 0.9718117131910236, 0.2: 0.906506568144499}","{'noise=0.0;missing=0.0': 1.0, 'noise=0.0;missing=0.2': 1.0, 'noise=0.1;missing=0.0': 0.9682539682539684, 'noise=0.1;missing=0.2': 0.9753694581280788, 'noise=0.2;missing=0.0': 0.8869047619047619, 'noise=0.2;missing=0.2': 0.9261083743842364}",0.8571428571428571,0.05952380952380952,8,7,23,2.3043478260869565,0.38333333333333336,4,1.4722222222222223,1.582561728395062,0.47641509433962265,4.4961428599378355,"{2: 18, 3: 3, 4: 2}",23,0.0,0.3804328424136697
0.9605683269476373,0.8333333333333334,0.9605683269476373,"{0.0: 1.0, 0.1: 0.9717090859332238, 0.2: 0.909995894909688}","{'noise=0.0;missing=0.0': 1.0, 'noise=0.0;missing=0.2': 1.0, 'noise=0.1;missing=0.0': 0.9742063492063492, 'noise=0.1;missing=0.2': 0.9692118226600985, 'noise=0.2;missing=0.0': 0.8988095238095238, 'noise=0.2;missing=0.2': 0.9211822660098522}",0.8571428571428571,0.07142857142857142,8,7,24,2.25,0.4,4,1.5,1.6944444444444444,0.4835390946502058,4.457867131472584,"{2: 20, 3: 2, 4: 2}",24,0.0,0.39590740740740743
0.9480820105820106,0.8035714285714286,0.9480820105820106,"{0.0: 1.0, 0.1: 0.9578544061302682, 0.2: 0.8863916256157636}","{'noise=0.0;missing=0.0': 1.0, 'noise=0.0;missing=0.2': 1.0, 'noise=0.1;missing=0.0': 0.9563492063492064, 'noise=0.1;missing=0.2': 0.95935960591133, 'noise=0.2;missing=0.0': 0.8749999999999999, 'noise=0.2;missing=0.2': 0.897783251231527}",0.8333333333333334,0.047619047619047616,8,7,20,2.35,0.3333333333333333,6,1.3055555555555556,1.9344135802469127,0.5549645390070922,4.293222627951163,"{2: 14, 3: 5, 4: 1}",20,0.0,0.3333085133744856
0.945995256340084,0.8095238095238095,0.945995256340084,"{0.0: 1.0, 0.1: 0.9444786535303776, 0.2: 0.8935071154898742}","{'noise=0.0;missing=0.0': 1.0, 'noise=0.0;missing=0.2': 1.0, 'noise=0.1;missing=0.0': 0.9345238095238094, 'noise=0.1;missing=0.2': 0.9544334975369458, 'noise=0.2;missing=0.0': 0.9027777777777778, 'noise=0.2;missing=0.2': 0.8842364532019704}",0.8452380952380952,0.05952380952380952,8,7,21,2.2857142857142856,0.35,5,1.3333333333333333,1.8888888888888888,0.5416666666666666,4.319773835029477,"{2: 16, 3: 4, 4: 1}",21,0.0,0.34868783068783066
0.9536923006750593,0.8273809523809523,0.9536923006750593,"{0.0: 1.0, 0.1: 0.9708196496989601, 0.2: 0.8902572523262179}","{'noise=0.0;missing=0.0': 1.0, 'noise=0.0;missing=0.2': 1.0, 'noise=0.1;missing=0.0': 0.9662698412698412, 'noise=0.1;missing=0.2': 0.9753694581280788, 'noise=0.2;missing=0.0': 0.8888888888888887, 'noise=0.2;missing=0.2': 0.8916256157635468}",0.8571428571428571,0.07142857142857142,8,7,17,2.1176470588235294,0.2833333333333333,4,1.0,1.3888888888888888,0.6064814814814815,4.107017709595357,"{2: 15, 3: 2}",17,0.0,0.28410403050108934
0.9431559022076262,0.7976190476190477,0.9431559022076262,"{0.0: 1.0, 0.1: 0.9481732348111659, 0.2: 0.8812944718117132}","{'noise=0.0;missing=0.0': 1.0, 'noise=0.0;missing=0.2': 1.0, 'noise=0.1;missing=0.0': 0.9345238095238094, 'noise=0.1;missing=0.2': 0.9618226600985221, 'noise=0.2;missing=0.0': 0.8968253968253969, 'noise=0.2;missing=0.2': 0.8657635467980295}",0.8452380952380952,0.05952380952380952,8,7,18,2.111111111111111,0.3,5,1.0555555555555556,1.8858024691358029,0.6476608187134503,3.9129523567804125,"{2: 16, 3: 2}",18,0.0,0.2999747942386831
0.9529739098704615,0.8392857142857143,0.9529739098704615,"{0.0: 1.0, 0.1: 0.9672276956759716, 0.2: 0.8916940339354132}","{'noise=0.0;missing=0.0': 1.0, 'noise=0.0;missing=0.2': 1.0, 'noise=0.1;missing=0.0': 0.9603174603174602, 'noise=0.1;missing=0.2': 0.9741379310344828, 'noise=0.2;missing=0.0': 0.8769841269841269, 'noise=0.2;missing=0.2': 0.9064039408866995}",0.8690476190476191,0.023809523809523808,8,7,18,2.388888888888889,0.3,4,1.1944444444444444,1.489969135802469,0.5523255813953488,4.286275219617124,"{2: 12, 3: 5, 4: 1}",18,0.0,0.3018378343621399
0.9472267834336799,0.8095238095238095,0.9472267834336799,"{0.0: 1.0, 0.1: 0.9740695128626163, 0.2: 0.8676108374384236}","{'noise=0.0;missing=0.0': 1.0, 'noise=0.0;missing=0.2': 1.0, 'noise=0.1;missing=0.0': 0.9801587301587301, 'noise=0.1;missing=0.2': 0.9679802955665024, 'noise=0.2;missing=0.0': 0.8571428571428571, 'noise=0.2;missing=0.2': 0.8780788177339902}",0.7976190476190477,0.047619047619047616,8,7,13,2.1538461538461537,0.21666666666666667,3,0.7777777777777778,0.8950617283950619,0.621031746031746,4.012188403968661,"{2: 11, 3: 2}",13,0.0,0.22093977524533082
0.9556764276591861,0.8333333333333334,0.9556764276591861,"{0.0: 1.0, 0.1: 0.9742063492063492, 0.2: 0.8928229337712096}","{'noise=0.0;missing=0.0': 1.0, 'noise=0.0;missing=0.2': 1.0, 'noise=0.1;missing=0.0': 0.9484126984126984, 'noise=0.1;missing=0.2': 1.0, 'noise=0.2;missing=0.0': 0.8829365079365079, 'noise=0.2;missing=0.2': 0.9027093596059113}",0.8571428571428571,0.07142857142857142,8,7,23,2.217391304347826,0.38333333333333336,5,1.4166666666666667,2.0763888888888884,0.5473856209150327,4.319607332957947,"{2: 19, 3: 3, 4: 1}",23,0.0,0.37991128220611914
0.9510810071154898,0.8214285714285714,0.9510810071154898,"{0.0: 1.0, 0.1: 0.9731800766283525, 0.2: 0.8800629447181171}","{'noise=0.0;missing=0.0': 1.0, 'noise=0.0;missing=0.2': 1.0, 'noise=0.1;missing=0.0': 0.9722222222222222, 'noise=0.1;missing=0.2': 0.9741379310344828, 'noise=0.2;missing=0.0': 0.861111111111111, 'noise=0.2;missing=0.2': 0.8990147783251231}",0.8571428571428571,0.047619047619047616,8,7,15,2.2666666666666666,0.25,3,0.9444444444444444,0.8302469135802468,0.5212418300653595,4.300554385304355,"{2: 12, 3: 2, 4: 1}",15,0.0,0.25337911522633744
0.9497582557927385,0.8214285714285714,0.9497582557927385,"{0.0: 1.0, 0.1: 0.962267378215654, 0.2: 0.8870073891625615}","{'noise=0.0;missing=0.0': 1.0, 'noise=0.0;missing=0.2': 1.0, 'noise=0.1;missing=0.0': 0.9503968253968252, 'noise=0.1;missing=0.2': 0.9741379310344828, 'noise=0.2;missing=0.0': 0.875, 'noise=0.2;missing=0.2': 0.899014778325123}",0.8809523809523809,0.023809523809523808,8,7,16,2.125,0.26666666666666666,3,0.9444444444444444,1.16358024691358,0.6029411764705882,4.094097032108653,"{2: 14, 3: 2}",16,0.0,0.26828420781893
0.9561325488049626,0.8333333333333334,0.9561325488049626,"{0.0: 1.0, 0.1: 0.9602148330596607, 0.2: 0.9081828133552273}","{'noise=0.0;missing=0.0': 1.0, 'noise=0.0;missing=0.2': 1.0, 'noise=0.1;missing=0.0': 0.9623015873015872, 'noise=0.1;missing=0.2': 0.958128078817734, 'noise=0.2;missing=0.0': 0.9087301587301587, 'noise=0.2;missing=0.2': 0.9076354679802956}",0.8571428571428571,0.03571428571428571,8,7,23,2.260869565217391,0.38333333333333336,5,1.4444444444444444,1.6913580246913578,0.4935897435897436,4.437963939453697,"{2: 19, 3: 2, 4: 2}",23,0.0,0.38014904276256933
0.9497126436781608,0.8154761904761905,0.9497126436781608,"{0.0: 1.0, 0.1: 0.9695197044334976, 0.2: 0.8796182266009851}","{'noise=0.0;missing=0.0': 1.0, 'noise=0.0;missing=0.2': 1.0, 'noise=0.1;missing=0.0': 0.9464285714285714, 'noise=0.1;missing=0.2': 0.9926108374384236, 'noise=0.2;missing=0.0': 0.875, 'noise=0.2;missing=0.2': 0.8842364532019704}",0.8571428571428571,0.047619047619047616,8,7,27,2.2222222222222223,0.45,8,1.6666666666666667,3.0555555555555554,0.5333333333333333,4.388233670962457,"{2: 22, 3: 4, 4: 1}",27,0.0,0.44344135802469137
0.9391306330961503,0.7857142857142857,0.9391306330961503,"{0.0: 1.0, 0.1: 0.964251505199781, 0.2: 0.8531403940886699}","{'noise=0.0;missing=0.0': 1.0, 'noise=0.0;missing=0.2': 1.0, 'noise=0.1;missing=0.0': 0.9543650793650793, 'noise=0.1;missing=0.2': 0.9741379310344828, 'noise=0.2;missing=0.0': 0.8392857142857143, 'noise=0.2;missing=0.2': 0.8669950738916256}",0.7857142857142857,0.03571428571428571,8,7,17,2.2941176470588234,0.2833333333333333,5,1.0833333333333333,1.4097222222222223,0.5591168091168092,4.2504143220263435,"{2: 13, 3: 3, 4: 1}",17,0.0,0.28533299291938996
0.9500433315088488,0.8214285714285714,0.9500433315088488,"{0.0: 1.0, 0.1: 0.9692460317460317, 0.2: 0.8808839627805146}","{'noise=0.0;missing=0.0': 1.0, 'noise=0.0;missing=0.2': 1.0, 'noise=0.1;missing=0.0': 0.9384920634920634, 'noise=0.1;missing=0.2': 1.0, 'noise=0.2;missing=0.0': 0.884920634920635, 'noise=0.2;missing=0.2': 0.876847290640394}",0.8571428571428571,0.05952380952380952,8,7,23,2.217391304347826,0.38333333333333336,5,1.4166666666666667,2.2430555555555554,0.553921568627451,4.3176491864852045,"{2: 19, 3: 3, 4: 1}",23,0.0,0.37993905998389693
0.950944170771757,0.8214285714285714,0.950944170771757,"{0.0: 1.0, 0.1: 0.9568965517241379, 0.2: 0.8959359605911329}","{'noise=0.0;missing=0.0': 1.0, 'noise=0.0;missing=0.2': 1.0, 'noise=0.1;missing=0.0': 0.9642857142857143, 'noise=0.1;missing=0.2': 0.9495073891625615, 'noise=0.2;missing=0.0': 0.8928571428571429, 'noise=0.2;missing=0.2': 0.8990147783251231}",0.8571428571428571,0.03571428571428571,8,7,13,2.1538461538461537,0.21666666666666667,4,0.7777777777777778,1.117283950617284,0.6607142857142857,3.869331261111519,"{2: 11, 3: 2}",13,0.0,0.22097681228236785
0.9499863163656267,0.8154761904761905,0.9499863163656267,"{0.0: 1.0, 0.1: 0.9651409414340449, 0.2: 0.8848180076628351}","{'noise=0.0;missing=0.0': 1.0, 'noise=0.0;missing=0.2': 1.0, 'noise=0.1;missing=0.0': 0.9623015873015872, 'noise=0.1;missing=0.2': 0.9679802955665026, 'noise=0.2;missing=0.0': 0.8829365079365079, 'noise=0.2;missing=0.2': 0.8866995073891625}",0.8571428571428571,0.07142857142857142,8,7,21,2.2857142857142856,0.35,4,1.3333333333333333,1.666666666666667,0.5266203703703703,4.329448698502605,"{2: 17, 3: 2, 4: 2}",21,0.0,0.3486507936507936
0.9567483123517606,0.8333333333333334,0.9567483123517606,"{0.0: 1.0, 0.1: 0.9715722495894911, 0.2: 0.898672687465791}","{'noise=0.0;missing=0.0': 1.0, 'noise=0.0;missing=0.2': 1.0, 'noise=0.1;missing=0.0': 0.9702380952380952, 'noise=0.1;missing=0.2': 0.9729064039408867, 'noise=0.2;missing=0.0': 0.9007936507936509, 'noise=0.2;missing=0.2': 0.8965517241379309}",0.8333333333333334,0.05952380952380952,8,7,20,2.15,0.3333333333333333,6,1.1944444444444444,1.823302469135802,0.5807493540051679,4.187097021791766,"{2: 17, 3: 3}",20,0.0,0.33190110596707817
0.9520958766648422,0.8154761904761905,0.9520958766648422,"{0.0: 1.0, 0.1: 0.9589148877941982, 0.2: 0.8973727422003284}","{'noise=0.0;missing=0.0': 1.0, 'noise=0.0;missing=0.2': 1.0, 'noise=0.1;missing=0.0': 0.9424603174603174, 'noise=0.1;missing=0.2': 0.9753694581280788, 'noise=0.2;missing=0.0': 0.8809523809523808, 'noise=0.2;missing=0.2': 0.9137931034482758}",0.8571428571428571,0.05952380952380952,8,7,24,2.2916666666666665,0.4,5,1.5277777777777777,1.804783950617284,0.48333333333333334,4.483467386520039,"{2: 19, 3: 3, 4: 2}",24,0.0,0.3962151491769548
0.9493363437328955,0.8214285714285714,0.9493363437328955,"{0.0: 1.0, 0.1: 0.9634989053092502, 0.2: 0.8845101258894363}","{'noise=0.0;missing=0.0': 1.0, 'noise=0.0;missing=0.2': 1.0, 'noise=0.1;missing=0.0': 0.9503968253968254, 'noise=0.1;missing=0.2': 0.9766009852216749, 'noise=0.2;missing=0.0': 0.865079365079365, 'noise=0.2;missing=0.2': 0.9039408866995073}",0.8214285714285714,0.03571428571428571,8,7,22,2.227272727272727,0.36666666666666664,4,1.3611111111111112,1.5084876543209877,0.49263038548752835,4.466451425615404,"{2: 18, 3: 3, 4: 1}",22,0.0,0.3640519196595585
0.9386517058930851,0.7797619047619048,0.9386517058930851,"{0.0: 1.0, 0.1: 0.9672276956759716, 0.2: 0.8487274220032841}","{'noise=0.0;missing=0.0': 1.0, 'noise=0.0;missing=0.2': 1.0, 'noise=0.1;missing=0.0': 0.9603174603174603, 'noise=0.1;missing=0.2': 0.9741379310344828, 'noise=0.2;missing=0.0': 0.8452380952380951, 'noise=0.2;missing=0.2': 0.8522167487684728}",0.7976190476190477,0.03571428571428571,8,7,18,2.2777777777777777,0.3,5,1.1388888888888888,1.3973765432098766,0.5345528455284553,4.324270834457101,"{2: 14, 3: 3, 4: 1}",18,0.0,0.30105079732510287
0.9498152709359606,0.8214285714285714,0.9498152709359606,"{0.0: 1.0, 0.1: 0.9667487684729065, 0.2: 0.8826970443349753}","{'noise=0.0;missing=0.0': 1.0, 'noise=0.0;missing=0.2': 1.0, 'noise=0.1;missing=0.0': 0.9642857142857143, 'noise=0.1;missing=0.2': 0.9692118226600985, 'noise=0.2;missing=0.0': 0.875, 'noise=0.2;missing=0.2': 0.8903940886699507}",0.8333333333333334,0.03571428571428571,8,7,25,2.28,0.4166666666666667,5,1.5833333333333333,1.8541666666666667,0.47319688109161795,4.523605970601747,"{2: 20, 3: 3, 4: 2}",25,0.0,0.4119756944444445
0.9540115854771026,0.8214285714285714,0.9540115854771026,"{0.0: 1.0, 0.1: 0.969451286261631, 0.2: 0.892583470169677}","{'noise=0.0;missing=0.0': 1.0, 'noise=0.0;missing=0.2': 1.0, 'noise=0.1;missing=0.0': 0.9623015873015872, 'noise=0.1;missing=0.2': 0.9766009852216747, 'noise=0.2;missing=0.0': 0.884920634920635, 'noise=0.2;missing=0.2': 0.9002463054187191}",0.8214285714285714,0.07142857142857142,8,7,23,2.217391304347826,0.38333333333333336,6,1.4166666666666667,2.1874999999999996,0.5561002178649237,4.274695684811804,"{2: 19, 3: 3, 4: 1}",23,0.0,0.37992980072463767
0.9505450647692028,0.8333333333333334,0.9505450647692028,"{0.0: 1.0, 0.1: 0.9632594417077176, 0.2: 0.8883757525998905}","{'noise=0.0;missing=0.0': 1.0, 'noise=0.0;missing=0.2': 1.0, 'noise=0.1;missing=0.0': 0.9523809523809523, 'noise=0.1;missing=0.2': 0.9741379310344828, 'noise=0.2;missing=0.0': 0.878968253968254, 'noise=0.2;missing=0.2': 0.897783251231527}",0.8690476190476191,0.023809523809523808,8,7,18,2.3333333333333335,0.3,4,1.1666666666666667,1.3055555555555556,0.5251322751322751,4.356370398866215,"{2: 13, 3: 4, 4: 1}",18,0.0,0.30142129629629627
0.9502257799671592,0.8095238095238095,0.9502257799671592,"{0.0: 1.0, 0.1: 0.974172140120416, 0.2: 0.8765051997810619}","{'noise=0.0;missing=0.0': 1.0, 'noise=0.0;missing=0.2': 1.0, 'noise=0.1;missing=0.0': 0.9742063492063492, 'noise=0.1;missing=0.2': 0.9741379310344828, 'noise=0.2;missing=0.0': 0.865079365079365, 'noise=0.2;missing=0.2': 0.8879310344827587}",0.8095238095238095,0.047619047619047616,8,7,14,2.142857142857143,0.23333333333333334,4,0.8333333333333334,0.9722222222222222,0.6018518518518519,4.081727678869736,"{2: 12, 3: 2}",14,0.0,0.2367096560846561
0.943703247582558,0.8035714285714286,0.943703247582558,"{0.0: 1.0, 0.1: 0.9699302134646963, 0.2: 0.8611795292829776}","{'noise=0.0;missing=0.0': 1.0, 'noise=0.0;missing=0.2': 1.0, 'noise=0.1;missing=0.0': 0.9583333333333333, 'noise=0.1;missing=0.2': 0.981527093596059, 'noise=0.2;missing=0.0': 0.8492063492063491, 'noise=0.2;missing=0.2': 0.8731527093596059}",0.7857142857142857,0.03571428571428571,8,7,17,2.2941176470588234,0.2833333333333333,4,1.0833333333333333,1.1875000000000002,0.5277777777777778,4.342969205986262,"{2: 13, 3: 3, 4: 1}",17,0.0,0.28529595588235296
0.9430988870644041,0.7976190476190477,0.9430988870644041,"{0.0: 1.0, 0.1: 0.9469759168035029, 0.2: 0.88232074438971}","{'noise=0.0;missing=0.0': 1.0, 'noise=0.0;missing=0.2': 1.0, 'noise=0.1;missing=0.0': 0.9444444444444444, 'noise=0.1;missing=0.2': 0.9495073891625615, 'noise=0.2;missing=0.0': 0.8730158730158729, 'noise=0.2;missing=0.2': 0.8916256157635466}",0.8571428571428571,0.023809523809523808,8,7,18,2.3333333333333335,0.3,4,1.1666666666666667,1.4722222222222223,0.5634920634920635,4.236857303422075,"{2: 13, 3: 4, 4: 1}",18,0.0,0.30144907407407406
0.9587780514504651,0.8452380952380952,0.9587780514504651,"{0.0: 1.0, 0.1: 0.9712301587301587, 0.2: 0.9051039956212369}","{'noise=0.0;missing=0.0': 1.0, 'noise=0.0;missing=0.2': 1.0, 'noise=0.1;missing=0.0': 0.9781746031746031, 'noise=0.1;missing=0.2': 0.9642857142857143, 'noise=0.2;missing=0.0': 0.9087301587301588, 'noise=0.2;missing=0.2': 0.9014778325123152}",0.8571428571428571,0.011904761904761904,8,7,16,2.1875,0.26666666666666666,4,0.9722222222222222,1.1381172839506173,0.5722222222222222,4.207435516759525,"{2: 13, 3: 3}",16,0.0,0.2687139917695473
0.9468162744024812,0.7976190476190477,0.9468162744024812,"{0.0: 1.0, 0.1: 0.9750615763546797, 0.2: 0.8653872468527641}","{'noise=0.0;missing=0.0': 1.0, 'noise=0.0;missing=0.2': 1.0, 'noise=0.1;missing=0.0': 0.9821428571428571, 'noise=0.1;missing=0.2': 0.9679802955665024, 'noise=0.2;missing=0.0': 0.8551587301587301, 'noise=0.2;missing=0.2': 0.875615763546798}",0.7738095238095238,0.047619047619047616,8,7,15,2.2,0.25,4,0.9166666666666666,1.0208333333333333,0.5664983164983165,4.210764573772789,"{2: 12, 3: 3}",15,0.0,0.25294791666666666
0.950864349571246,0.8273809523809523,0.950864349571246,"{0.0: 1.0, 0.1: 0.9742063492063492, 0.2: 0.8783866995073891}","{'noise=0.0;missing=0.0': 1.0, 'noise=0.0;missing=0.2': 1.0, 'noise=0.1;missing=0.0': 0.9484126984126984, 'noise=0.1;missing=0.2': 1.0, 'noise=0.2;missing=0.0': 0.875, 'noise=0.2;missing=0.2': 0.8817733990147784}",0.8571428571428571,0.05952380952380952,8,7,19,2.263157894736842,0.31666666666666665,5,1.1944444444444444,1.7121913580246912,0.5742894056847545,4.231286196905489,"{2: 15, 3: 3, 4: 1}",19,0.0,0.31683507282867657
0.9412401933953657,0.7857142857142857,0.9412401933953657,"{0.0: 1.0, 0.1: 0.9630541871921182, 0.2: 0.8606663929939792}","{'noise=0.0;missing=0.0': 1.0, 'noise=0.0;missing=0.2': 1.0, 'noise=0.1;missing=0.0': 0.9642857142857143, 'noise=0.1;missing=0.2': 0.9618226600985222, 'noise=0.2;missing=0.0': 0.8432539682539681, 'noise=0.2;missing=0.2': 0.8780788177339902}",0.7738095238095238,0.05952380952380952,8,7,14,2.142857142857143,0.23333333333333334,3,0.8333333333333334,0.9722222222222222,0.6055555555555555,4.072905595320056,"{2: 12, 3: 2}",14,0.0,0.2367096560846561
0.9531449553001278,0.8095238095238095,0.9531449553001278,"{0.0: 1.0, 0.1: 0.9584701696770662, 0.2: 0.900964696223317}","{'noise=0.0;missing=0.0': 1.0, 'noise=0.0;missing=0.2': 1.0, 'noise=0.1;missing=0.0': 0.9563492063492064, 'noise=0.1;missing=0.2': 0.960591133004926, 'noise=0.2;missing=0.0': 0.886904761904762, 'noise=0.2;missing=0.2': 0.9150246305418719}",0.8452380952380952,0.07142857142857142,8,7,23,2.260869565217391,0.38333333333333336,4,1.4444444444444444,1.41358024691358,0.4583333333333333,4.521897169772933,"{2: 19, 3: 2, 4: 2}",23,0.0,0.380102746466273
0.9443988323298669,0.8095238095238095,0.9443988323298669,"{0.0: 1.0, 0.1: 0.9639778325123152, 0.2: 0.8692186644772851}","{'noise=0.0;missing=0.0': 1.0, 'noise=0.0;missing=0.2': 1.0, 'noise=0.1;missing=0.0': 0.9464285714285714, 'noise=0.1;missing=0.2': 0.981527093596059, 'noise=0.2;missing=0.0': 0.8591269841269842, 'noise=0.2;missing=0.2': 0.8793103448275862}",0.8452380952380952,0.047619047619047616,8,7,17,2.235294117647059,0.2833333333333333,4,1.0555555555555556,1.2746913580246912,0.5701754385964912,4.221097250057958,"{2: 14, 3: 2, 4: 1}",17,0.0,0.2849019910433309
0.9490968801313628,0.8035714285714286,0.9490968801313628,"{0.0: 1.0, 0.1: 0.9645251778872469, 0.2: 0.8827654625068418}","{'noise=0.0;missing=0.0': 1.0, 'noise=0.0;missing=0.2': 1.0, 'noise=0.1;missing=0.0': 0.9623015873015872, 'noise=0.1;missing=0.2': 0.9667487684729064, 'noise=0.2;missing=0.0': 0.8948412698412698, 'noise=0.2;missing=0.2': 0.8706896551724137}",0.8452380952380952,0.047619047619047616,8,7,20,2.25,0.3333333333333333,5,1.25,1.7986111111111112,0.5697530864197531,4.244320529942617,"{2: 16, 3: 3, 4: 1}",20,0.0,0.3325914351851852
0.9514345010034665,0.8333333333333334,0.9514345010034665,"{0.0: 1.0, 0.1: 0.9640120415982485, 0.2: 0.8902914614121512}","{'noise=0.0;missing=0.0': 1.0, 'noise=0.0;missing=0.2': 1.0, 'noise=0.1;missing=0.0': 0.9563492063492063, 'noise=0.1;missing=0.2': 0.9716748768472907, 'noise=0.2;missing=0.0': 0.8988095238095238, 'noise=0.2;missing=0.2': 0.8817733990147782}",0.8690476190476191,0.011904761904761904,8,7,23,2.3043478260869565,0.38333333333333336,6,1.4722222222222223,2.0270061728395063,0.5183438155136268,4.3921848409882704,"{2: 17, 3: 5, 4: 1}",23,0.0,0.38050691648774376
0.9514687100893996,0.8214285714285714,0.9514687100893996,"{0.0: 1.0, 0.1: 0.9671250684181718, 0.2: 0.8872810618500273}","{'noise=0.0;missing=0.0': 1.0, 'noise=0.0;missing=0.2': 1.0, 'noise=0.1;missing=0.0': 0.9662698412698413, 'noise=0.1;missing=0.2': 0.9679802955665024, 'noise=0.2;missing=0.0': 0.8829365079365079, 'noise=0.2;missing=0.2': 0.8916256157635468}",0.8333333333333334,0.07142857142857142,8,7,16,2.125,0.26666666666666666,4,0.9444444444444444,1.5524691358024691,0.6552287581699346,3.925410635240724,"{2: 14, 3: 2}",16,0.0,0.26834902263374477
0.9538405400474366,0.8333333333333334,0.9538405400474366,"{0.0: 1.0, 0.1: 0.9662356321839081, 0.2: 0.8952859879584018}","{'noise=0.0;missing=0.0': 1.0, 'noise=0.0;missing=0.2': 1.0, 'noise=0.1;missing=0.0': 0.9583333333333333, 'noise=0.1;missing=0.2': 0.9741379310344828, 'noise=0.2;missing=0.0': 0.8829365079365079, 'noise=0.2;missing=0.2': 0.9076354679802955}",0.8809523809523809,0.023809523809523808,8,7,15,2.1333333333333333,0.25,3,0.8888888888888888,1.1543209876543215,0.6267361111111112,4.007048827786958,"{2: 13, 3: 2}",15,0.0,0.25250720164609053
0.9469531107462142,0.7916666666666666,0.9469531107462142,"{0.0: 1.0, 0.1: 0.9687328954570334, 0.2: 0.8721264367816092}","{'noise=0.0;missing=0.0': 1.0, 'noise=0.0;missing=0.2': 1.0, 'noise=0.1;missing=0.0': 0.9682539682539684, 'noise=0.1;missing=0.2': 0.9692118226600985, 'noise=0.2;missing=0.0': 0.8452380952380951, 'noise=0.2;missing=0.2': 0.8990147783251231}",0.7976190476190477,0.05952380952380952,8,7,17,2.2941176470588234,0.2833333333333333,5,1.0833333333333333,1.3541666666666665,0.5562678062678063,4.262984193710269,"{2: 13, 3: 3, 4: 1}",17,0.0,0.2853237336601307
0.9416278963692758,0.7797619047619048,0.9416278963692758,"{0.0: 1.0, 0.1: 0.9539545703338808, 0.2: 0.8709291187739464}","{'noise=0.0;missing=0.0': 1.0, 'noise=0.0;missing=0.2': 1.0, 'noise=0.1;missing=0.0': 0.9325396825396826, 'noise=0.1;missing=0.2': 0.9753694581280788, 'noise=0.2;missing=0.0': 0.8908730158730158, 'noise=0.2;missing=0.2': 0.8509852216748769}",0.8095238095238095,0.03571428571428571,8,7,21,2.142857142857143,0.35,5,1.25,1.8541666666666667,0.5808641975308642,4.199876085498172,"{2: 18, 3: 3}",21,0.0,0.34768998015873015
0.9475460682357234,0.8035714285714286,0.9475460682357234,"{0.0: 1.0, 0.1: 0.9778667214012042, 0.2: 0.8647714833059661}","{'noise=0.0;missing=0.0': 1.0, 'noise=0.0;missing=0.2': 1.0, 'noise=0.1;missing=0.0': 0.9742063492063492, 'noise=0.1;missing=0.2': 0.981527093596059, 'noise=0.2;missing=0.0': 0.8551587301587301, 'noise=0.2;missing=0.2': 0.874384236453202}",0.7857142857142857,0.03571428571428571,8,7,15,2.3333333333333335,0.25,4,0.9722222222222222,0.9158950617283951,0.5182539682539683,4.329283016944966,"{2: 11, 3: 3, 4: 1}",15,0.0,0.25385635288065844
0.9424717204889619,0.8035714285714286,0.9424717204889619,"{0.0: 1.0, 0.1: 0.9619937055281883, 0.2: 0.8654214559386973}","{'noise=0.0;missing=0.0': 1.0, 'noise=0.0;missing=0.2': 1.0, 'noise=0.1;missing=0.0': 0.9424603174603174, 'noise=0.1;missing=0.2': 0.981527093596059, 'noise=0.2;missing=0.0': 0.865079365079365, 'noise=0.2;missing=0.2': 0.8657635467980295}",0.8333333333333334,0.047619047619047616,8,7,19,2.1052631578947367,0.31666666666666665,6,1.1111111111111112,2.04320987654321,0.6333333333333333,4.027567157116929,"{2: 17, 3: 2}",19,0.0,0.3157937513536928
0.9441593687283342,0.8095238095238095,0.9441593687283342,"{0.0: 1.0, 0.1: 0.964251505199781, 0.2: 0.8682266009852216}","{'noise=0.0;missing=0.0': 1.0, 'noise=0.0;missing=0.2': 1.0, 'noise=0.1;missing=0.0': 0.9543650793650793, 'noise=0.1;missing=0.2': 0.9741379310344828, 'noise=0.2;missing=0.0': 0.8571428571428571, 'noise=0.2;missing=0.2': 0.8793103448275862}",0.8333333333333334,0.047619047619047616,8,7,18,2.111111111111111,0.3,4,1.0555555555555556,1.3858024691358026,0.5833333333333334,4.188331131693838,"{2: 16, 3: 2}",18,0.0,0.2998914609053498
0.9479679802955665,0.7976190476190477,0.9479679802955665,"{0.0: 1.0, 0.1: 0.9669540229885057, 0.2: 0.8769499178981938}","{'noise=0.0;missing=0.0': 1.0, 'noise=0.0;missing=0.2': 1.0, 'noise=0.1;missing=0.0': 0.9523809523809523, 'noise=0.1;missing=0.2': 0.981527093596059, 'noise=0.2;missing=0.0': 0.8511904761904763, 'noise=0.2;missing=0.2': 0.9027093596059113}",0.8095238095238095,0.07142857142857142,8,7,25,2.28,0.4166666666666667,5,1.5833333333333333,1.8541666666666667,0.47514619883040937,4.497118689824081,"{2: 20, 3: 3, 4: 2}",25,0.0,0.4119756944444445
0.9524151614668858,0.8154761904761905,0.9524151614668858,"{0.0: 1.0, 0.1: 0.9721880131362889, 0.2: 0.8850574712643678}","{'noise=0.0;missing=0.0': 1.0, 'noise=0.0;missing=0.2': 1.0, 'noise=0.1;missing=0.0': 0.9702380952380951, 'noise=0.1;missing=0.2': 0.9741379310344828, 'noise=0.2;missing=0.0': 0.8809523809523808, 'noise=0.2;missing=0.2': 0.8891625615763546}",0.7857142857142857,0.047619047619047616,8,7,15,2.2,0.25,5,0.9166666666666666,1.1874999999999998,0.5900673400673401,4.124256907946323,"{2: 12, 3: 3}",15,0.0,0.25297569444444445
0.9571702244116037,0.8392857142857143,0.9571702244116037,"{0.0: 1.0, 0.1: 0.9709906951286261, 0.2: 0.9005199781061849}","{'noise=0.0;missing=0.0': 1.0, 'noise=0.0;missing=0.2': 1.0, 'noise=0.1;missing=0.0': 0.9801587301587301, 'noise=0.1;missing=0.2': 0.9618226600985222, 'noise=0.2;missing=0.0': 0.9007936507936508, 'noise=0.2;missing=0.2': 0.9002463054187191}",0.8452380952380952,0.07142857142857142,8,7,19,2.210526315789474,0.31666666666666665,5,1.1666666666666667,1.4722222222222223,0.544973544973545,4.311744137415566,"{2: 16, 3: 2, 4: 1}",19,0.0,0.3164295808966861
0.9458926290822843,0.8154761904761905,0.9458926290822843,"{0.0: 1.0, 0.1: 0.9699302134646963, 0.2: 0.8677476737821566}","{'noise=0.0;missing=0.0': 1.0, 'noise=0.0;missing=0.2': 1.0, 'noise=0.1;missing=0.0': 0.9583333333333333, 'noise=0.1;missing=0.2': 0.981527093596059, 'noise=0.2;missing=0.0': 0.8253968253968255, 'noise=0.2;missing=0.2': 0.9100985221674877}",0.8452380952380952,0.05952380952380952,8,7,16,2.25,0.26666666666666666,4,1.0,1.1666666666666667,0.5725308641975309,4.183542362433231,"{2: 13, 3: 2, 4: 1}",16,0.0,0.26915277777777774
0.9514345010034665,0.8273809523809523,0.9514345010034665,"{0.0: 1.0, 0.1: 0.9665777230432403, 0.2: 0.8877257799671592}","{'noise=0.0;missing=0.0': 1.0, 'noise=0.0;missing=0.2': 1.0, 'noise=0.1;missing=0.0': 0.9503968253968252, 'noise=0.1;missing=0.2': 0.9827586206896551, 'noise=0.2;missing=0.0': 0.9047619047619049, 'noise=0.2;missing=0.2': 0.8706896551724138}",0.8333333333333334,0.023809523809523808,8,7,20,2.25,0.3333333333333333,5,1.25,1.6875,0.5574074074074075,4.244320529942616,"{2: 16, 3: 3, 4: 1}",20,0.0,0.33257291666666666
0.951172231344645,0.8214285714285714,0.951172231344645,"{0.0: 1.0, 0.1: 0.9837164750957854, 0.2: 0.86980021893815}","{'noise=0.0;missing=0.0': 1.0, 'noise=0.0;missing=0.2': 1.0, 'noise=0.1;missing=0.0': 0.9920634920634921, 'noise=0.1;missing=0.2': 0.9753694581280788, 'noise=0.2;missing=0.0': 0.8492063492063492, 'noise=0.2;missing=0.2': 0.8903940886699507}",0.8214285714285714,0.047619047619047616,8,7,12,2.1666666666666665,0.2,3,0.7222222222222222,0.8117283950617283,0.6346153846153846,3.95006375643621,"{2: 10, 3: 2}",12,0.0,0.20518158436213993
0.9542966611932129,0.8214285714285714,0.9542966611932129,"{0.0: 1.0, 0.1: 0.9718117131910236, 0.2: 0.8910782703886152}","{'noise=0.0;missing=0.0': 1.0, 'noise=0.0;missing=0.2': 1.0, 'noise=0.1;missing=0.0': 0.9682539682539683, 'noise=0.1;missing=0.2': 0.9753694581280788, 'noise=0.2;missing=0.0': 0.8769841269841269, 'noise=0.2;missing=0.2': 0.9051724137931034}",0.8452380952380952,0.05952380952380952,8,7,22,2.227272727272727,0.36666666666666664,6,1.3611111111111112,2.008487654320988,0.5493197278911565,4.282378976459203,"{2: 18, 3: 3, 4: 1}",22,0.0,0.36413525299289184
0.9453908958219304,0.8095238095238095,0.9453908958219304,"{0.0: 1.0, 0.1: 0.9639778325123152, 0.2: 0.8721948549534756}","{'noise=0.0;missing=0.0': 1.0, 'noise=0.0;missing=0.2': 1.0, 'noise=0.1;missing=0.0': 0.9464285714285714, 'noise=0.1;missing=0.2': 0.981527093596059, 'noise=0.2;missing=0.0': 0.865079365079365, 'noise=0.2;missing=0.2': 0.8793103448275862}",0.8452380952380952,0.047619047619047616,8,7,17,2.1176470588235294,0.2833333333333333,4,1.0,1.5,0.6157407407407407,4.0724312513221195,"{2: 15, 3: 2}",17,0.0,0.2841225490196078
0.9481276226965882,0.8095238095238095,0.9481276226965882,"{0.0: 1.0, 0.1: 0.9619937055281883, 0.2: 0.8823891625615763}","{'noise=0.0;missing=0.0': 1.0, 'noise=0.0;missing=0.2': 1.0, 'noise=0.1;missing=0.0': 0.9424603174603173, 'noise=0.1;missing=0.2': 0.981527093596059, 'noise=0.2;missing=0.0': 0.8928571428571429, 'noise=0.2;missing=0.2': 0.8719211822660098}",0.8690476190476191,0.03571428571428571,8,7,19,2.263157894736842,0.31666666666666665,5,1.1944444444444444,1.5455246913580245,0.5471576227390181,4.283952766823871,"{2: 15, 3: 3, 4: 1}",19,0.0,0.31680729505089883
0.9540914066776135,0.8214285714285714,0.9540914066776135,"{0.0: 1.0, 0.1: 0.9597701149425288, 0.2: 0.902504105090312}","{'noise=0.0;missing=0.0': 1.0, 'noise=0.0;missing=0.2': 1.0, 'noise=0.1;missing=0.0': 0.9404761904761905, 'noise=0.1;missing=0.2': 0.9790640394088671, 'noise=0.2;missing=0.0': 0.9047619047619049, 'noise=0.2;missing=0.2': 0.9002463054187192}",0.8690476190476191,0.05952380952380952,8,7,26,2.230769230769231,0.43333333333333335,5,1.6111111111111112,2.1265432098765435,0.5028735632183908,4.428776633238243,"{2: 22, 3: 2, 4: 2}",26,0.0,0.4275125435264324
0.9588920817369093,0.8333333333333334,0.9588920817369093,"{0.0: 1.0, 0.1: 0.9750615763546797, 0.2: 0.9016146688560482}","{'noise=0.0;missing=0.0': 1.0, 'noise=0.0;missing=0.2': 1.0, 'noise=0.1;missing=0.0': 0.9821428571428571, 'noise=0.1;missing=0.2': 0.9679802955665024, 'noise=0.2;missing=0.0': 0.8968253968253966, 'noise=0.2;missing=0.2': 0.9064039408866995}",0.8333333333333334,0.05952380952380952,8,7,18,2.2777777777777777,0.3,3,1.1388888888888888,1.119598765432099,0.5101626016260162,4.387443772646929,"{2: 14, 3: 3, 4: 1}",18,0.0,0.30100450102880655
0.9502257799671592,0.8095238095238095,0.9502257799671592,"{0.0: 1.0, 0.1: 0.974172140120416, 0.2: 0.8765051997810619}","{'noise=0.0;missing=0.0': 1.0, 'noise=0.0;missing=0.2': 1.0, 'noise=0.1;missing=0.0': 0.9742063492063492, 'noise=0.1;missing=0.2': 0.9741379310344828, 'noise=0.2;missing=0.0': 0.865079365079365, 'noise=0.2;missing=0.2': 0.8879310344827587}",0.8095238095238095,0.047619047619047616,8,7,16,2.125,0.26666666666666666,4,0.9444444444444444,0.9969135802469135,0.5441176470588235,4.278351811711311,"{2: 14, 3: 2}",16,0.0,0.2682564300411522
0.9434067688378033,0.7797619047619048,0.9434067688378033,"{0.0: 1.0, 0.1: 0.9587096332785988, 0.2: 0.8715106732348111}","{'noise=0.0;missing=0.0': 1.0, 'noise=0.0;missing=0.2': 1.0, 'noise=0.1;missing=0.0': 0.9543650793650793, 'noise=0.1;missing=0.2': 0.9630541871921182, 'noise=0.2;missing=0.0': 0.8452380952380951, 'noise=0.2;missing=0.2': 0.897783251231527}",0.7619047619047619,0.05952380952380952,8,7,24,2.2916666666666665,0.4,6,1.5277777777777777,2.1381172839506175,0.5116161616161616,4.403642667873435,"{2: 19, 3: 3, 4: 2}",24,0.0,0.3962707047325103
0.9560185185185184,0.8392857142857143,0.9560185185185184,"{0.0: 1.0, 0.1: 0.9672619047619049, 0.2: 0.9007936507936508}","{'noise=0.0;missing=0.0': 1.0, 'noise=0.0;missing=0.2': 1.0, 'noise=0.1;missing=0.0': 0.9702380952380951, 'noise=0.1;missing=0.2': 0.9642857142857143, 'noise=0.2;missing=0.0': 0.9087301587301588, 'noise=0.2;missing=0.2': 0.8928571428571429}",0.8571428571428571,0.011904761904761904,8,7,17,2.176470588235294,0.2833333333333333,4,1.0277777777777777,1.1381172839506173,0.5487987987987988,4.283381405994075,"{2: 14, 3: 3}",17,0.0,0.2844707319656258
0.9461320926838168,0.8154761904761905,0.9461320926838168,"{0.0: 1.0, 0.1: 0.9594280240831965, 0.2: 0.8789682539682538}","{'noise=0.0;missing=0.0': 1.0, 'noise=0.0;missing=0.2': 1.0, 'noise=0.1;missing=0.0': 0.9484126984126984, 'noise=0.1;missing=0.2': 0.9704433497536946, 'noise=0.2;missing=0.0': 0.865079365079365, 'noise=0.2;missing=0.2': 0.8928571428571427}",0.8571428571428571,0.023809523809523808,8,7,14,2.142857142857143,0.23333333333333334,4,0.8333333333333334,1.0833333333333333,0.6351851851851852,3.948394345536403,"{2: 12, 3: 2}",14,0.0,0.2367281746031746
0.9414226418536764,0.8035714285714286,0.9414226418536764,"{0.0: 1.0, 0.1: 0.9619937055281883, 0.2: 0.8622742200328408}","{'noise=0.0;missing=0.0': 1.0, 'noise=0.0;missing=0.2': 1.0, 'noise=0.1;missing=0.0': 0.9424603174603174, 'noise=0.1;missing=0.2': 0.981527093596059, 'noise=0.2;missing=0.0': 0.8452380952380952, 'noise=0.2;missing=0.2': 0.8793103448275862}",0.8333333333333334,0.047619047619047616,8,7,17,2.1176470588235294,0.2833333333333333,4,1.0,1.6666666666666667,0.6527777777777778,3.940351042928689,"{2: 15, 3: 2}",17,0.0,0.2841503267973856
0.9574210910417807,0.8273809523809523,0.9574210910417807,"{0.0: 1.0, 0.1: 0.9647646414887794, 0.2: 0.9074986316365627}","{'noise=0.0;missing=0.0': 1.0, 'noise=0.0;missing=0.2': 1.0, 'noise=0.1;missing=0.0': 0.9603174603174603, 'noise=0.1;missing=0.2': 0.9692118226600985, 'noise=0.2;missing=0.0': 0.888888888888889, 'noise=0.2;missing=0.2': 0.9261083743842364}",0.8690476190476191,0.07142857142857142,8,7,27,2.259259259259259,0.45,6,1.6944444444444444,2.156635802469135,0.4731329690346084,4.495509878191826,"{2: 22, 3: 3, 4: 2}",27,0.0,0.44354873971193415
0.9578430031016238,0.8273809523809523,0.9578430031016238,"{0.0: 1.0, 0.1: 0.9737958401751505, 0.2: 0.8997331691297209}","{'noise=0.0;missing=0.0': 1.0, 'noise=0.0;missing=0.2': 1.0, 'noise=0.1;missing=0.0': 0.9722222222222222, 'noise=0.1;missing=0.2': 0.9753694581280788, 'noise=0.2;missing=0.0': 0.8869047619047619, 'noise=0.2;missing=0.2': 0.9125615763546797}",0.8452380952380952,0.07142857142857142,8,7,17,2.2941176470588234,0.2833333333333333,4,1.0833333333333333,1.5208333333333335,0.6004273504273504,4.131054782742918,"{2: 13, 3: 3, 4: 1}",17,0.0,0.2853515114379085
0.9577517788724685,0.8392857142857143,0.9577517788724685,"{0.0: 1.0, 0.1: 0.9742063492063492, 0.2: 0.8990489874110564}","{'noise=0.0;missing=0.0': 1.0, 'noise=0.0;missing=0.2': 1.0, 'noise=0.1;missing=0.0': 0.9484126984126984, 'noise=0.1;missing=0.2': 1.0, 'noise=0.2;missing=0.0': 0.9027777777777777, 'noise=0.2;missing=0.2': 0.8953201970443351}",0.8690476190476191,0.05952380952380952,8,7,21,2.238095238095238,0.35,5,1.3055555555555556,1.7121913580246912,0.539598108747045,4.333651022204145,"{2: 17, 3: 3, 4: 1}",21,0.0,0.3483276932686654
0.9540914066776135,0.8214285714285714,0.9540914066776135,"{0.0: 1.0, 0.1: 0.9597701149425288, 0.2: 0.902504105090312}","{'noise=0.0;missing=0.0': 1.0, 'noise=0.0;missing=0.2': 1.0, 'noise=0.1;missing=0.0': 0.9404761904761905, 'noise=0.1;missing=0.2': 0.9790640394088671, 'noise=0.2;missing=0.0': 0.9047619047619049, 'noise=0.2;missing=0.2': 0.9002463054187192}",0.8690476190476191,0.05952380952380952,8,7,25,2.28,0.4166666666666667,5,1.5833333333333333,2.1875,0.517056530214425,4.378611891540512,"{2: 20, 3: 3, 4: 2}",25,0.0,0.41203125
0.9487205801860974,0.7976190476190477,0.9487205801860974,"{0.0: 1.0, 0.1: 0.9607963875205254, 0.2: 0.8853653530377669}","{'noise=0.0;missing=0.0': 1.0, 'noise=0.0;missing=0.2': 1.0, 'noise=0.1;missing=0.0': 0.9523809523809524, 'noise=0.1;missing=0.2': 0.9692118226600985, 'noise=0.2;missing=0.0': 0.8630952380952381, 'noise=0.2;missing=0.2': 0.9076354679802955}",0.8214285714285714,0.07142857142857142,8,7,24,2.25,0.4,5,1.5,1.8055555555555556,0.4876543209876543,4.446939530254381,"{2: 20, 3: 2, 4: 2}",24,0.0,0.3959259259259259
0.9593824119686187,0.8392857142857143,0.9593824119686187,"{0.0: 1.0, 0.1: 0.967159277504105, 0.2: 0.9109879584017515}","{'noise=0.0;missing=0.0': 1.0, 'noise=0.0;missing=0.2': 1.0, 'noise=0.1;missing=0.0': 0.9404761904761905, 'noise=0.1;missing=0.2': 0.9938423645320197, 'noise=0.2;missing=0.0': 0.9007936507936508, 'noise=0.2;missing=0.2': 0.9211822660098522}",0.8809523809523809,0.07142857142857142,8,7,25,2.2,0.4166666666666667,6,1.5277777777777777,2.2492283950617287,0.5227272727272727,4.405928068220214,"{2: 21, 3: 3, 4: 1}",25,0.0,0.4114859825102881
0.9501345557380041,0.8035714285714286,0.9501345557380041,"{0.0: 1.0, 0.1: 0.9545703338806787, 0.2: 0.8958333333333334}","{'noise=0.0;missing=0.0': 1.0, 'noise=0.0;missing=0.2': 1.0, 'noise=0.1;missing=0.0': 0.9325396825396826, 'noise=0.1;missing=0.2': 0.9766009852216749, 'noise=0.2;missing=0.0': 0.8988095238095238, 'noise=0.2;missing=0.2': 0.8928571428571427}",0.8333333333333334,0.07142857142857142,8,7,25,2.24,0.4166666666666667,5,1.5555555555555556,1.969135802469136,0.4990079365079365,4.434250404386513,"{2: 21, 3: 2, 4: 2}",25,0.0,0.4117170781893004
0.9490284619594964,0.7916666666666666,0.9490284619594964,"{0.0: 1.0, 0.1: 0.9665093048713739, 0.2: 0.8805760810071155}","{'noise=0.0;missing=0.0': 1.0, 'noise=0.0;missing=0.2': 1.0, 'noise=0.1;missing=0.0': 0.9662698412698413, 'noise=0.1;missing=0.2': 0.9667487684729065, 'noise=0.2;missing=0.0': 0.8670634920634921, 'noise=0.2;missing=0.2': 0.8940886699507388}",0.7857142857142857,0.07142857142857142,8,7,23,2.260869565217391,0.38333333333333336,4,1.4444444444444444,1.6913580246913578,0.49893162393162394,4.435546689086912,"{2: 19, 3: 2, 4: 2}",23,0.0,0.38014904276256933
0.953521255245393,0.8333333333333334,0.953521255245393,"{0.0: 1.0, 0.1: 0.9655856595511768, 0.2: 0.8949781061850027}","{'noise=0.0;missing=0.0': 1.0, 'noise=0.0;missing=0.2': 1.0, 'noise=0.1;missing=0.0': 0.9484126984126984, 'noise=0.1;missing=0.2': 0.982758620689655, 'noise=0.2;missing=0.0': 0.9007936507936508, 'noise=0.2;missing=0.2': 0.8891625615763546}",0.8571428571428571,0.03571428571428571,8,7,23,2.217391304347826,0.38333333333333336,5,1.4166666666666667,1.9097222222222214,0.5201525054466231,4.388426450689847,"{2: 19, 3: 3, 4: 1}",23,0.0,0.37988350442834135
0.9512634555738004,0.8214285714285714,0.9512634555738004,"{0.0: 1.0, 0.1: 0.9568965517241379, 0.2: 0.8968938149972633}","{'noise=0.0;missing=0.0': 1.0, 'noise=0.0;missing=0.2': 1.0, 'noise=0.1;missing=0.0': 0.9642857142857143, 'noise=0.1;missing=0.2': 0.9495073891625615, 'noise=0.2;missing=0.0': 0.8849206349206348, 'noise=0.2;missing=0.2': 0.9088669950738916}",0.8690476190476191,0.03571428571428571,8,7,15,2.1333333333333333,0.25,4,0.8888888888888888,1.0432098765432098,0.5885416666666666,4.140319531114783,"{2: 13, 3: 2}",15,0.0,0.252488683127572
0.9543878854223681,0.8273809523809523,0.9543878854223681,"{0.0: 1.0, 0.1: 0.9718117131910236, 0.2: 0.8913519430760809}","{'noise=0.0;missing=0.0': 1.0, 'noise=0.0;missing=0.2': 1.0, 'noise=0.1;missing=0.0': 0.9682539682539683, 'noise=0.1;missing=0.2': 0.9753694581280788, 'noise=0.2;missing=0.0': 0.8849206349206348, 'noise=0.2;missing=0.2': 0.897783251231527}",0.8452380952380952,0.05952380952380952,8,7,22,2.227272727272727,0.36666666666666664,6,1.3611111111111112,2.119598765432099,0.5640589569160998,4.256968517319681,"{2: 18, 3: 3, 4: 1}",22,0.0,0.3641537715114104
0.9541142127349024,0.8273809523809523,0.9541142127349024,"{0.0: 1.0, 0.1: 0.9671250684181718, 0.2: 0.8952175697865352}","{'noise=0.0;missing=0.0': 1.0, 'noise=0.0;missing=0.2': 1.0, 'noise=0.1;missing=0.0': 0.9662698412698413, 'noise=0.1;missing=0.2': 0.9679802955665024, 'noise=0.2;missing=0.0': 0.8988095238095237, 'noise=0.2;missing=0.2': 0.8916256157635468}",0.8452380952380952,0.07142857142857142,8,7,17,2.0588235294117645,0.2833333333333333,4,0.9722222222222222,1.527006172839506,0.6357142857142857,4.000432302535625,"{2: 16, 3: 1}",17,0.0,0.2837185533163883
0.9526090129538405,0.8273809523809523,0.9526090129538405,"{0.0: 1.0, 0.1: 0.9692802408319648, 0.2: 0.8885467980295567}","{'noise=0.0;missing=0.0': 1.0, 'noise=0.0;missing=0.2': 1.0, 'noise=0.1;missing=0.0': 0.9484126984126984, 'noise=0.1;missing=0.2': 0.9901477832512315, 'noise=0.2;missing=0.0': 0.8928571428571429, 'noise=0.2;missing=0.2': 0.8842364532019704}",0.8452380952380952,0.05952380952380952,8,7,22,2.227272727272727,0.36666666666666664,6,1.3611111111111112,2.286265432098766,0.578798185941043,4.22411871171893,"{2: 18, 3: 3, 4: 1}",22,0.0,0.36418154928918817
0.9562693851486954,0.8392857142857143,0.9562693851486954,"{0.0: 1.0, 0.1: 0.9692802408319648, 0.2: 0.8995279146141215}","{'noise=0.0;missing=0.0': 1.0, 'noise=0.0;missing=0.2': 1.0, 'noise=0.1;missing=0.0': 0.9484126984126984, 'noise=0.1;missing=0.2': 0.9901477832512315, 'noise=0.2;missing=0.0': 0.8988095238095237, 'noise=0.2;missing=0.2': 0.9002463054187191}",0.8571428571428571,0.047619047619047616,8,7,23,2.217391304347826,0.38333333333333336,6,1.4166666666666667,2.2430555555555554,0.5550108932461874,4.297151508884875,"{2: 19, 3: 3, 4: 1}",23,0.0,0.37993905998389693
0.9578772121875568,0.8392857142857143,0.9578772121875568,"{0.0: 1.0, 0.1: 0.9674329501915709, 0.2: 0.9061986863711002}","{'noise=0.0;missing=0.0': 1.0, 'noise=0.0;missing=0.2': 1.0, 'noise=0.1;missing=0.0': 0.9484126984126984, 'noise=0.1;missing=0.2': 0.9864532019704433, 'noise=0.2;missing=0.0': 0.9047619047619048, 'noise=0.2;missing=0.2': 0.9076354679802955}",0.8690476190476191,0.05952380952380952,8,7,27,2.259259259259259,0.45,6,1.6944444444444444,2.489969135802469,0.5086520947176685,4.415923763892263,"{2: 22, 3: 3, 4: 2}",27,0.0,0.4436042952674897
0.9440567414705344,0.8035714285714286,0.9440567414705344,"{0.0: 1.0, 0.1: 0.9649698960043789, 0.2: 0.8672003284072248}","{'noise=0.0;missing=0.0': 1.0, 'noise=0.0;missing=0.2': 1.0, 'noise=0.1;missing=0.0': 0.9484126984126985, 'noise=0.1;missing=0.2': 0.981527093596059, 'noise=0.2;missing=0.0': 0.8452380952380952, 'noise=0.2;missing=0.2': 0.8891625615763546}",0.8095238095238095,0.03571428571428571,8,7,13,2.1538461538461537,0.21666666666666667,3,0.7777777777777778,0.8950617283950617,0.628968253968254,3.9677201004744997,"{2: 11, 3: 2}",13,0.0,0.22093977524533082
0.9589148877941982,0.8273809523809523,0.9589148877941982,"{0.0: 1.0, 0.1: 0.965756704980843, 0.2: 0.9109879584017515}","{'noise=0.0;missing=0.0': 1.0, 'noise=0.0;missing=0.2': 1.0, 'noise=0.1;missing=0.0': 0.9623015873015872, 'noise=0.1;missing=0.2': 0.9692118226600985, 'noise=0.2;missing=0.0': 0.9007936507936508, 'noise=0.2;missing=0.2': 0.9211822660098522}",0.8571428571428571,0.07142857142857142,8,7,25,2.24,0.4166666666666667,4,1.5555555555555556,1.9135802469135805,0.49603174603174605,4.440759832540089,"{2: 21, 3: 2, 4: 2}",25,0.0,0.41170781893004116
0.9515941434044881,0.8214285714285714,0.9515941434044881,"{0.0: 1.0, 0.1: 0.9681171319102353, 0.2: 0.8866652983032294}","{'noise=0.0;missing=0.0': 1.0, 'noise=0.0;missing=0.2': 1.0, 'noise=0.1;missing=0.0': 0.9682539682539683, 'noise=0.1;missing=0.2': 0.9679802955665024, 'noise=0.2;missing=0.0': 0.8829365079365079, 'noise=0.2;missing=0.2': 0.8903940886699507}",0.8333333333333334,0.05952380952380952,8,7,15,2.1333333333333333,0.25,4,0.8888888888888888,1.3209876543209877,0.6458333333333334,3.952819531114783,"{2: 13, 3: 2}",15,0.0,0.2525349794238683
0.9453452837073526,0.8095238095238095,0.9453452837073526,"{0.0: 1.0, 0.1: 0.9662356321839081, 0.2: 0.86980021893815}","{'noise=0.0;missing=0.0': 1.0, 'noise=0.0;missing=0.2': 1.0, 'noise=0.1;missing=0.0': 0.9583333333333333, 'noise=0.1;missing=0.2': 0.9741379310344828, 'noise=0.2;missing=0.0': 0.8492063492063492, 'noise=0.2;missing=0.2': 0.8903940886699507}",0.8214285714285714,0.047619047619047616,8,7,14,2.142857142857143,0.23333333333333334,3,0.8333333333333334,1.0277777777777777,0.6259259259259259,4.0062389286533895,"{2: 12, 3: 2}",14,0.0,0.23671891534391537
0.9442163838715562,0.8035714285714286,0.9442163838715562,"{0.0: 1.0, 0.1: 0.9497468527640941, 0.2: 0.8829022988505748}","{'noise=0.0;missing=0.0': 1.0, 'noise=0.0;missing=0.2': 1.0, 'noise=0.1;missing=0.0': 0.9265873015873015, 'noise=0.1;missing=0.2': 0.9729064039408867, 'noise=0.2;missing=0.0': 0.8988095238095238, 'noise=0.2;missing=0.2': 0.8669950738916256}",0.8333333333333334,0.023809523809523808,8,7,20,2.15,0.3333333333333333,5,1.1944444444444444,2.1566358024691357,0.6337209302325582,4.025361709178203,"{2: 17, 3: 3}",20,0.0,0.33195666152263376
0.9551404853128991,0.8333333333333334,0.9551404853128991,"{0.0: 1.0, 0.1: 0.9746168582375478, 0.2: 0.8908045977011495}","{'noise=0.0;missing=0.0': 1.0, 'noise=0.0;missing=0.2': 1.0, 'noise=0.1;missing=0.0': 0.9603174603174602, 'noise=0.1;missing=0.2': 0.9889162561576355, 'noise=0.2;missing=0.0': 0.869047619047619, 'noise=0.2;missing=0.2': 0.9125615763546797}",0.8690476190476191,0.05952380952380952,8,7,23,2.217391304347826,0.38333333333333336,6,1.4166666666666667,2.0208333333333335,0.5343137254901961,4.338325341632128,"{2: 19, 3: 3, 4: 1}",23,0.0,0.3799020229468599
0.9517309797482211,0.8333333333333334,0.9517309797482211,"{0.0: 1.0, 0.1: 0.9649698960043788, 0.2: 0.8902230432402847}","{'noise=0.0;missing=0.0': 1.0, 'noise=0.0;missing=0.2': 1.0, 'noise=0.1;missing=0.0': 0.9484126984126985, 'noise=0.1;missing=0.2': 0.981527093596059, 'noise=0.2;missing=0.0': 0.878968253968254, 'noise=0.2;missing=0.2': 0.9014778325123152}",0.8928571428571429,0.023809523809523808,8,7,14,2.142857142857143,0.23333333333333334,3,0.8333333333333334,1.083333333333333,0.6425925925925926,3.9395722619867226,"{2: 12, 3: 2}",14,0.0,0.2367281746031746
0.9528142674694399,0.8273809523809523,0.9528142674694399,"{0.0: 1.0, 0.1: 0.9837164750957854, 0.2: 0.8747263273125342}","{'noise=0.0;missing=0.0': 1.0, 'noise=0.0;missing=0.2': 1.0, 'noise=0.1;missing=0.0': 0.9920634920634921, 'noise=0.1;missing=0.2': 0.9753694581280788, 'noise=0.2;missing=0.0': 0.8492063492063492, 'noise=0.2;missing=0.2': 0.9002463054187192}",0.8333333333333334,0.047619047619047616,8,7,13,2.1538461538461537,0.21666666666666667,3,0.7777777777777778,0.7839506172839508,0.5892857142857143,4.110577243331643,"{2: 11, 3: 2}",13,0.0,0.2209212567268123
0.9511380222587119,0.8214285714285714,0.9511380222587119,"{0.0: 1.0, 0.1: 0.9661330049261083, 0.2: 0.8872810618500273}","{'noise=0.0;missing=0.0': 1.0, 'noise=0.0;missing=0.2': 1.0, 'noise=0.1;missing=0.0': 0.9642857142857143, 'noise=0.1;missing=0.2': 0.9679802955665024, 'noise=0.2;missing=0.0': 0.8829365079365079, 'noise=0.2;missing=0.2': 0.8916256157635468}",0.8333333333333334,0.07142857142857142,8,7,16,2.125,0.26666666666666666,4,0.9444444444444444,1.4413580246913578,0.6454248366013072,3.962031591059445,"{2: 14, 3: 2}",16,0.0,0.2683305041152263
0.9541712278781244,0.8333333333333334,0.9541712278781244,"{0.0: 1.0, 0.1: 0.9624726327312534, 0.2: 0.9000410509031199}","{'noise=0.0;missing=0.0': 1.0, 'noise=0.0;missing=0.2': 1.0, 'noise=0.1;missing=0.0': 0.9384920634920634, 'noise=0.1;missing=0.2': 0.9864532019704433, 'noise=0.2;missing=0.0': 0.9047619047619048, 'noise=0.2;missing=0.2': 0.8953201970443351}",0.8690476190476191,0.047619047619047616,8,7,19,2.263157894736842,0.31666666666666665,5,1.1944444444444444,1.5455246913580245,0.5536175710594315,4.277797824812466,"{2: 15, 3: 3, 4: 1}",19,0.0,0.31680729505089883
0.9393929027549717,0.7797619047619048,0.9393929027549717,"{0.0: 1.0, 0.1: 0.9523809523809523, 0.2: 0.8657977558839628}","{'noise=0.0;missing=0.0': 1.0, 'noise=0.0;missing=0.2': 1.0, 'noise=0.1;missing=0.0': 0.9404761904761905, 'noise=0.1;missing=0.2': 0.9642857142857143, 'noise=0.2;missing=0.0': 0.8670634920634921, 'noise=0.2;missing=0.2': 0.8645320197044335}",0.8214285714285714,0.03571428571428571,8,7,16,2.125,0.26666666666666666,5,0.9444444444444444,1.5524691358024691,0.6601307189542484,3.8924866505712012,"{2: 14, 3: 2}",16,0.0,0.26834902263374477
0.9601806239737275,0.8452380952380952,0.9601806239737275,"{0.0: 1.0, 0.1: 0.9725301039956212, 0.2: 0.9080117679255609}","{'noise=0.0;missing=0.0': 1.0, 'noise=0.0;missing=0.2': 1.0, 'noise=0.1;missing=0.0': 0.9623015873015873, 'noise=0.1;missing=0.2': 0.9827586206896551, 'noise=0.2;missing=0.0': 0.8948412698412699, 'noise=0.2;missing=0.2': 0.9211822660098522}",0.8571428571428571,0.05952380952380952,8,7,21,2.238095238095238,0.35,5,1.3055555555555556,1.4899691358024694,0.4958628841607565,4.424388522342239,"{2: 17, 3: 3, 4: 1}",21,0.0,0.3482906562316284
0.9460750775405946,0.7976190476190477,0.9460750775405946,"{0.0: 1.0, 0.1: 0.9681171319102353, 0.2: 0.8701081007115491}","{'noise=0.0;missing=0.0': 1.0, 'noise=0.0;missing=0.2': 1.0, 'noise=0.1;missing=0.0': 0.9682539682539681, 'noise=0.1;missing=0.2': 0.9679802955665024, 'noise=0.2;missing=0.0': 0.8670634920634921, 'noise=0.2;missing=0.2': 0.8731527093596059}",0.7976190476190477,0.05952380952380952,8,7,15,2.1333333333333333,0.25,5,0.8888888888888888,1.3765432098765433,0.6475694444444444,3.941428031846024,"{2: 13, 3: 2}",15,0.0,0.2525442386831276
0.950944170771757,0.8214285714285714,0.950944170771757,"{0.0: 1.0, 0.1: 0.9568965517241379, 0.2: 0.8959359605911329}","{'noise=0.0;missing=0.0': 1.0, 'noise=0.0;missing=0.2': 1.0, 'noise=0.1;missing=0.0': 0.9642857142857143, 'noise=0.1;missing=0.2': 0.9495073891625615, 'noise=0.2;missing=0.0': 0.8928571428571429, 'noise=0.2;missing=0.2': 0.8990147783251231}",0.8571428571428571,0.03571428571428571,8,7,14,2.142857142857143,0.23333333333333334,4,0.8333333333333334,1.1388888888888888,0.6388888888888888,3.9647351787255047,"{2: 12, 3: 2}",14,0.0,0.23673743386243387
0.9368044152526911,0.7797619047619048,0.9368044152526911,"{0.0: 1.0, 0.1: 0.9553229337712096, 0.2: 0.8550903119868637}","{'noise=0.0;missing=0.0': 1.0, 'noise=0.0;missing=0.2': 1.0, 'noise=0.1;missing=0.0': 0.9365079365079365, 'noise=0.1;missing=0.2': 0.9741379310344828, 'noise=0.2;missing=0.0': 0.8333333333333333, 'noise=0.2;missing=0.2': 0.8768472906403941}",0.7738095238095238,0.03571428571428571,8,7,14,2.142857142857143,0.23333333333333334,3,0.8333333333333334,0.9722222222222222,0.6166666666666667,4.031401845392172,"{2: 12, 3: 2}",14,0.0,0.2367096560846561
0.9535098522167487,0.8154761904761905,0.9535098522167487,"{0.0: 1.0, 0.1: 0.9585043787629994, 0.2: 0.9020251778872469}","{'noise=0.0;missing=0.0': 1.0, 'noise=0.0;missing=0.2': 1.0, 'noise=0.1;missing=0.0': 0.9662698412698413, 'noise=0.1;missing=0.2': 0.9507389162561576, 'noise=0.2;missing=0.0': 0.9087301587301588, 'noise=0.2;missing=0.2': 0.8953201970443349}",0.8571428571428571,0.047619047619047616,8,7,21,2.2857142857142856,0.35,4,1.3333333333333333,1.3333333333333333,0.47800925925925924,4.464661719245795,"{2: 17, 3: 2, 4: 2}",21,0.0,0.34859523809523807
0.9430304688925378,0.7976190476190477,0.9430304688925378,"{0.0: 1.0, 0.1: 0.952928297755884, 0.2: 0.8761631089217295}","{'noise=0.0;missing=0.0': 1.0, 'noise=0.0;missing=0.2': 1.0, 'noise=0.1;missing=0.0': 0.9563492063492064, 'noise=0.1;missing=0.2': 0.9495073891625615, 'noise=0.2;missing=0.0': 0.8730158730158729, 'noise=0.2;missing=0.2': 0.8793103448275862}",0.8452380952380952,0.023809523809523808,8,7,13,2.1538461538461537,0.21666666666666667,3,0.7777777777777778,1.006172839506173,0.6488095238095238,3.9137995646056805,"{2: 11, 3: 2}",13,0.0,0.22095829376384932
0.9575693304141581,0.8333333333333334,0.9575693304141581,"{0.0: 1.0, 0.1: 0.9734537493158183, 0.2: 0.8992542419266557}","{'noise=0.0;missing=0.0': 1.0, 'noise=0.0;missing=0.2': 1.0, 'noise=0.1;missing=0.0': 0.9801587301587301, 'noise=0.1;missing=0.2': 0.9667487684729064, 'noise=0.2;missing=0.0': 0.8908730158730158, 'noise=0.2;missing=0.2': 0.9076354679802955}",0.8571428571428571,0.047619047619047616,8,7,19,2.1052631578947367,0.31666666666666665,4,1.1111111111111112,1.2098765432098768,0.5347222222222222,4.3153115322251026,"{2: 17, 3: 2}",19,0.0,0.3156548624648039
0.9554027549717206,0.8333333333333334,0.9554027549717206,"{0.0: 1.0, 0.1: 0.968664477285167, 0.2: 0.8975437876299945}","{'noise=0.0;missing=0.0': 1.0, 'noise=0.0;missing=0.2': 1.0, 'noise=0.1;missing=0.0': 0.9484126984126984, 'noise=0.1;missing=0.2': 0.9889162561576355, 'noise=0.2;missing=0.0': 0.8948412698412699, 'noise=0.2;missing=0.2': 0.9002463054187191}",0.8690476190476191,0.047619047619047616,8,7,20,2.25,0.3333333333333333,5,1.25,1.6875,0.5475308641975308,4.311421641246036,"{2: 16, 3: 3, 4: 1}",20,0.0,0.33257291666666666
0.9469417077175697,0.8035714285714286,0.9469417077175697,"{0.0: 1.0, 0.1: 0.9669540229885057, 0.2: 0.8738711001642037}","{'noise=0.0;missing=0.0': 1.0, 'noise=0.0;missing=0.2': 1.0, 'noise=0.1;missing=0.0': 0.9523809523809523, 'noise=0.1;missing=0.2': 0.981527093596059, 'noise=0.2;missing=0.0': 0.8511904761904763, 'noise=0.2;missing=0.2': 0.8965517241379309}",0.8333333333333334,0.047619047619047616,8,7,14,2.142857142857143,0.23333333333333334,3,0.8333333333333334,0.9166666666666666,0.6037037037037037,4.056564762130955,"{2: 12, 3: 2}",14,0.0,0.23670039682539684
0.9499064951651158,0.8154761904761905,0.9499064951651158,"{0.0: 1.0, 0.1: 0.9561439518336069, 0.2: 0.8935755336617406}","{'noise=0.0;missing=0.0': 1.0, 'noise=0.0;missing=0.2': 1.0, 'noise=0.1;missing=0.0': 0.9603174603174603, 'noise=0.1;missing=0.2': 0.9519704433497537, 'noise=0.2;missing=0.0': 0.8869047619047619, 'noise=0.2;missing=0.2': 0.9002463054187191}",0.8452380952380952,0.07142857142857142,8,7,20,2.3,0.3333333333333333,4,1.2777777777777777,1.478395061728395,0.5084541062801933,4.4250983688183,"{2: 16, 3: 2, 4: 2}",20,0.0,0.3328852880658436
0.9527686553548621,0.8095238095238095,0.9527686553548621,"{0.0: 1.0, 0.1: 0.9587096332785988, 0.2: 0.8995963327859879}","{'noise=0.0;missing=0.0': 1.0, 'noise=0.0;missing=0.2': 1.0, 'noise=0.1;missing=0.0': 0.9543650793650793, 'noise=0.1;missing=0.2': 0.9630541871921182, 'noise=0.2;missing=0.0': 0.8829365079365079, 'noise=0.2;missing=0.2': 0.916256157635468}",0.8095238095238095,0.08333333333333333,8,7,23,2.217391304347826,0.38333333333333336,5,1.4166666666666667,1.6319444444444444,0.49074074074074076,4.46881596971161,"{2: 19, 3: 3, 4: 1}",23,0.0,0.3798372081320451
