average_recovery_accuracy,exact_match_accuracy,noise_robustness,accuracy_by_noise,accuracy_by_noise_and_missing,close_pattern_discrimination,close_pattern_confusion_rate,close_pair_count,close_pattern_distance,hyperedge_count,average_hyperedge_size,density,max_vertex_degree,mean_vertex_degree,vertex_degree_variance,degree_gini,degree_entropy,hyperedge_size_histogram,selected_hyperedges,constraint_penalty,complexity_objective
0.9422892720306513,0.8035714285714286,0.9422892720306513,"{0.0: 1.0, 0.1: 0.9487547892720307, 0.2: 0.8781130268199233}","{'noise=0.0;missing=0.0': 1.0, 'noise=0.0;missing=0.2': 1.0, 'noise=0.1;missing=0.0': 0.9603174603174603, 'noise=0.1;missing=0.2': 0.9371921182266011, 'noise=0.2;missing=0.0': 0.8670634920634921, 'noise=0.2;missing=0.2': 0.8891625615763546}",0.8095238095238095,0.03571428571428571,9,7,27,2.185185185185185,0.45,7,1.6388888888888888,2.675154320987654,0.5277777777777778,4.394669321534369,"{2: 22, 3: 5}",27,0.0,0.44312075617283947
0.9570219850392263,0.8392857142857143,0.9570219850392263,"{0.0: 1.0, 0.1: 0.9679460864805692, 0.2: 0.90311986863711}","{'noise=0.0;missing=0.0': 1.0, 'noise=0.0;missing=0.2': 1.0, 'noise=0.1;missing=0.0': 0.990079365079365, 'noise=0.1;missing=0.2': 0.9458128078817734, 'noise=0.2;missing=0.0': 0.9404761904761906, 'noise=0.2;missing=0.2': 0.8657635467980294}",0.8452380952380952,0.047619047619047616,9,7,33,2.4242424242424243,0.55,7,2.2222222222222223,2.617283950617283,0.3958333333333333,4.740434271199596,"{2: 23, 3: 6, 4: 4}",33,3.0,0.5397712308267864
0.9457443897099069,0.8035714285714286,0.9457443897099069,"{0.0: 1.0, 0.1: 0.9593596059113301, 0.2: 0.8778735632183908}","{'noise=0.0;missing=0.0': 1.0, 'noise=0.0;missing=0.2': 1.0, 'noise=0.1;missing=0.0': 0.9642857142857143, 'noise=0.1;missing=0.2': 0.9544334975369457, 'noise=0.2;missing=0.0': 0.9047619047619048, 'noise=0.2;missing=0.2': 0.8509852216748767}",0.8809523809523809,0.05952380952380952,9,7,34,2.3529411764705883,0.5666666666666667,11,2.2222222222222223,4.339506172839506,0.4597222222222222,4.588714260648137,"{2: 25, 3: 6, 4: 3}",34,4.0,0.5553964536431857
0.9596446816274403,0.8511904761904762,0.9596446816274403,"{0.0: 1.0, 0.1: 0.9759510125889437, 0.2: 0.9029830322933771}","{'noise=0.0;missing=0.0': 1.0, 'noise=0.0;missing=0.2': 1.0, 'noise=0.1;missing=0.0': 0.990079365079365, 'noise=0.1;missing=0.2': 0.9618226600985222, 'noise=0.2;missing=0.0': 0.9007936507936508, 'noise=0.2;missing=0.2': 0.9051724137931033}",0.8809523809523809,0.05952380952380952,9,7,38,2.263157894736842,0.6333333333333333,9,2.388888888888889,4.237654320987655,0.458656330749354,4.613432384001219,"{2: 30, 3: 6, 4: 2}",38,8.0,0.618089316655837
0.9480135924101442,0.8095238095238095,0.9480135924101442,"{0.0: 1.0, 0.1: 0.941331417624521, 0.2: 0.9027093596059113}","{'noise=0.0;missing=0.0': 1.0, 'noise=0.0;missing=0.2': 1.0, 'noise=0.1;missing=0.0': 0.9503968253968254, 'noise=0.1;missing=0.2': 0.9322660098522167, 'noise=0.2;missing=0.0': 0.9285714285714286, 'noise=0.2;missing=0.2': 0.876847290640394}",0.8095238095238095,0.07142857142857142,9,7,27,2.2222222222222223,0.45,6,1.6666666666666667,2.3888888888888884,0.4981481481481482,4.491993045782166,"{2: 22, 3: 4, 4: 1}",27,0.0,0.44333024691358025
0.9362342638204707,0.7857142857142857,0.9362342638204707,"{0.0: 1.0, 0.1: 0.9239532019704433, 0.2: 0.8847495894909688}","{'noise=0.0;missing=0.0': 1.0, 'noise=0.0;missing=0.2': 1.0, 'noise=0.1;missing=0.0': 0.9464285714285714, 'noise=0.1;missing=0.2': 0.9014778325123152, 'noise=0.2;missing=0.0': 0.9345238095238094, 'noise=0.2;missing=0.2': 0.8349753694581279}",0.8214285714285714,0.05952380952380952,9,7,28,2.4642857142857144,0.4666666666666667,8,1.9166666666666667,2.5763888888888884,0.42713365539452497,4.657235101888057,"{2: 19, 3: 5, 4: 4}",28,0.0,0.4608758267195767
0.9466338259441708,0.8154761904761905,0.9466338259441708,"{0.0: 1.0, 0.1: 0.9617200328407225, 0.2: 0.8781814449917899}","{'noise=0.0;missing=0.0': 1.0, 'noise=0.0;missing=0.2': 1.0, 'noise=0.1;missing=0.0': 0.9702380952380952, 'noise=0.1;missing=0.2': 0.9532019704433498, 'noise=0.2;missing=0.0': 0.8869047619047619, 'noise=0.2;missing=0.2': 0.8694581280788176}",0.8214285714285714,0.03571428571428571,9,7,30,2.2666666666666666,0.5,10,1.8888888888888888,3.6543209876543212,0.49264705882352944,4.449841570128409,"{2: 24, 3: 4, 4: 2}",30,0.0,0.4913497942386831
0.9402139208173691,0.7797619047619048,0.9402139208173691,"{0.0: 1.0, 0.1: 0.9390736179529283, 0.2: 0.8815681444991791}","{'noise=0.0;missing=0.0': 1.0, 'noise=0.0;missing=0.2': 1.0, 'noise=0.1;missing=0.0': 0.9384920634920635, 'noise=0.1;missing=0.2': 0.9396551724137933, 'noise=0.2;missing=0.0': 0.869047619047619, 'noise=0.2;missing=0.2': 0.894088669950739}",0.8095238095238095,0.07142857142857142,9,7,34,2.2058823529411766,0.5666666666666667,11,2.0833333333333335,4.187499999999999,0.45444444444444443,4.600914052864974,"{2: 29, 3: 3, 4: 2}",34,4.0,0.5543498774509804
0.9392560664112388,0.7797619047619048,0.9392560664112388,"{0.0: 1.0, 0.1: 0.9383210180623974, 0.2: 0.879447181171319}","{'noise=0.0;missing=0.0': 1.0, 'noise=0.0;missing=0.2': 1.0, 'noise=0.1;missing=0.0': 0.9345238095238095, 'noise=0.1;missing=0.2': 0.9421182266009852, 'noise=0.2;missing=0.0': 0.8968253968253969, 'noise=0.2;missing=0.2': 0.8620689655172412}",0.8214285714285714,0.07142857142857142,9,7,33,2.242424242424242,0.55,8,2.0555555555555554,3.1080246913580245,0.4451951951951952,4.641357419449116,"{2: 27, 3: 4, 4: 2}",33,3.0,0.5385903946876168
0.9488118044152527,0.8154761904761905,0.9488118044152527,"{0.0: 1.0, 0.1: 0.9499863163656267, 0.2: 0.8964490968801313}","{'noise=0.0;missing=0.0': 1.0, 'noise=0.0;missing=0.2': 1.0, 'noise=0.1;missing=0.0': 0.9603174603174602, 'noise=0.1;missing=0.2': 0.939655172413793, 'noise=0.2;missing=0.0': 0.8988095238095238, 'noise=0.2;missing=0.2': 0.894088669950739}",0.8095238095238095,0.05952380952380952,9,7,27,2.3333333333333335,0.45,8,1.75,3.3541666666666665,0.5304232804232805,4.407536225252598,"{2: 21, 3: 3, 4: 3}",27,0.0,0.4442627314814815
0.9455505382229519,0.8035714285714286,0.9455505382229519,"{0.0: 1.0, 0.1: 0.9555623973727422, 0.2: 0.8810892172961138}","{'noise=0.0;missing=0.0': 1.0, 'noise=0.0;missing=0.2': 1.0, 'noise=0.1;missing=0.0': 0.9702380952380952, 'noise=0.1;missing=0.2': 0.9408866995073891, 'noise=0.2;missing=0.0': 0.8730158730158729, 'noise=0.2;missing=0.2': 0.8891625615763544}",0.8333333333333334,0.05952380952380952,9,7,28,2.2857142857142856,0.4666666666666667,9,1.7777777777777777,3.3395061728395055,0.5112847222222222,4.4429884298164914,"{2: 23, 3: 2, 4: 3}",28,0.0,0.45976293356848913
0.9561325488049628,0.8511904761904762,0.9561325488049628,"{0.0: 1.0, 0.1: 0.9661672140120415, 0.2: 0.9022304324028462}","{'noise=0.0;missing=0.0': 1.0, 'noise=0.0;missing=0.2': 1.0, 'noise=0.1;missing=0.0': 0.9742063492063492, 'noise=0.1;missing=0.2': 0.9581280788177341, 'noise=0.2;missing=0.0': 0.896825396825397, 'noise=0.2;missing=0.2': 0.9076354679802955}",0.9285714285714286,0.023809523809523808,9,7,29,2.310344827586207,0.48333333333333334,9,1.8611111111111112,2.8973765432098766,0.4465174129353234,4.610135831925912,"{2: 23, 3: 3, 4: 3}",29,0.0,0.47569362405988364
0.9492451195037402,0.8214285714285714,0.9492451195037402,"{0.0: 1.0, 0.1: 0.9591201423097975, 0.2: 0.888615216201423}","{'noise=0.0;missing=0.0': 1.0, 'noise=0.0;missing=0.2': 1.0, 'noise=0.1;missing=0.0': 0.9662698412698412, 'noise=0.1;missing=0.2': 0.9519704433497537, 'noise=0.2;missing=0.0': 0.9126984126984128, 'noise=0.2;missing=0.2': 0.8645320197044334}",0.8214285714285714,0.047619047619047616,9,7,24,2.4583333333333335,0.4,5,1.6388888888888888,1.8418209876543215,0.4552730696798493,4.592152108897136,"{2: 17, 3: 3, 4: 4}",24,0.0,0.3973787294238683
0.9489258347016968,0.8214285714285714,0.9489258347016968,"{0.0: 1.0, 0.1: 0.9607621784345922, 0.2: 0.886015325670498}","{'noise=0.0;missing=0.0': 1.0, 'noise=0.0;missing=0.2': 1.0, 'noise=0.1;missing=0.0': 0.9424603174603174, 'noise=0.1;missing=0.2': 0.9790640394088669, 'noise=0.2;missing=0.0': 0.9087301587301587, 'noise=0.2;missing=0.2': 0.8633004926108373}",0.8571428571428571,0.03571428571428571,9,7,27,2.4074074074074074,0.45,7,1.8055555555555556,2.2677469135802473,0.444017094017094,4.600129782661156,"{2: 19, 3: 5, 4: 3}",27,0.0,0.4445960648148148
0.9422778690020069,0.7857142857142857,0.9422778690020069,"{0.0: 1.0, 0.1: 0.961035851122058, 0.2: 0.8657977558839629}","{'noise=0.0;missing=0.0': 1.0, 'noise=0.0;missing=0.2': 1.0, 'noise=0.1;missing=0.0': 0.9503968253968254, 'noise=0.1;missing=0.2': 0.9716748768472907, 'noise=0.2;missing=0.0': 0.8670634920634921, 'noise=0.2;missing=0.2': 0.8645320197044334}",0.8214285714285714,0.08333333333333333,9,7,40,2.325,0.6666666666666666,7,2.5833333333333335,3.4652777777777772,0.38918757467144566,4.780922592641676,"{2: 31, 3: 5, 4: 4}",40,10.0,0.6500567129629629
0.9554825761722314,0.8452380952380952,0.9554825761722314,"{0.0: 1.0, 0.1: 0.9741037219485494, 0.2: 0.8923440065681445}","{'noise=0.0;missing=0.0': 1.0, 'noise=0.0;missing=0.2': 1.0, 'noise=0.1;missing=0.0': 0.990079365079365, 'noise=0.1;missing=0.2': 0.958128078817734, 'noise=0.2;missing=0.0': 0.9226190476190476, 'noise=0.2;missing=0.2': 0.8620689655172413}",0.8571428571428571,0.03571428571428571,9,7,30,2.2666666666666666,0.5,5,1.8888888888888888,2.0987654320987654,0.4215686274509804,4.685135687775469,"{2: 24, 3: 4, 4: 2}",30,0.0,0.49109053497942384
0.9474662470352125,0.8035714285714286,0.9474662470352125,"{0.0: 1.0, 0.1: 0.9584017515051998, 0.2: 0.8839969896004378}","{'noise=0.0;missing=0.0': 1.0, 'noise=0.0;missing=0.2': 1.0, 'noise=0.1;missing=0.0': 0.9722222222222223, 'noise=0.1;missing=0.2': 0.9445812807881774, 'noise=0.2;missing=0.0': 0.8948412698412698, 'noise=0.2;missing=0.2': 0.8731527093596059}",0.8214285714285714,0.07142857142857142,9,7,33,2.303030303030303,0.55,9,2.111111111111111,4.098765432098765,0.49415204678362573,4.521946882824178,"{2: 25, 3: 6, 4: 2}",33,3.0,0.5391763935652825
0.9473864258347017,0.8095238095238095,0.9473864258347017,"{0.0: 1.0, 0.1: 0.9728037766830872, 0.2: 0.8693555008210181}","{'noise=0.0;missing=0.0': 1.0, 'noise=0.0;missing=0.2': 1.0, 'noise=0.1;missing=0.0': 0.9702380952380952, 'noise=0.1;missing=0.2': 0.9753694581280788, 'noise=0.2;missing=0.0': 0.8630952380952381, 'noise=0.2;missing=0.2': 0.8756157635467979}",0.7976190476190477,0.07142857142857142,9,7,33,2.3333333333333335,0.55,8,2.138888888888889,3.7307098765432087,0.4758297258297258,4.578302534612502,"{2: 25, 3: 5, 4: 3}",33,3.0,0.5393254886831276
0.9621191388432767,0.8571428571428571,0.9621191388432767,"{0.0: 1.0, 0.1: 0.981527093596059, 0.2: 0.9048303229337712}","{'noise=0.0;missing=0.0': 1.0, 'noise=0.0;missing=0.2': 1.0, 'noise=0.1;missing=0.0': 1.0, 'noise=0.1;missing=0.2': 0.9630541871921182, 'noise=0.2;missing=0.0': 0.9007936507936509, 'noise=0.2;missing=0.2': 0.9088669950738915}",0.8333333333333334,0.05952380952380952,9,7,32,2.375,0.5333333333333333,6,2.111111111111111,2.54320987654321,0.41739766081871343,4.6938073300428655,"{2: 24, 3: 4, 4: 4}",32,2.0,0.5235835905349794
0.9581166757890894,0.8452380952380952,0.9581166757890894,"{0.0: 1.0, 0.1: 0.9613779419813903, 0.2: 0.9129720853858785}","{'noise=0.0;missing=0.0': 1.0, 'noise=0.0;missing=0.2': 1.0, 'noise=0.1;missing=0.0': 0.9781746031746031, 'noise=0.1;missing=0.2': 0.9445812807881773, 'noise=0.2;missing=0.0': 0.9404761904761906, 'noise=0.2;missing=0.2': 0.8854679802955665}",0.8690476190476191,0.05952380952380952,9,7,33,2.303030303030303,0.55,9,2.111111111111111,3.2098765432098766,0.43640350877192985,4.6438037897826,"{2: 25, 3: 6, 4: 2}",33,3.0,0.5390282454171342
0.9332808794015692,0.7797619047619048,0.9332808794015692,"{0.0: 1.0, 0.1: 0.9464969896004379, 0.2: 0.8533456486042693}","{'noise=0.0;missing=0.0': 1.0, 'noise=0.0;missing=0.2': 1.0, 'noise=0.1;missing=0.0': 0.9484126984126985, 'noise=0.1;missing=0.2': 0.9445812807881774, 'noise=0.2;missing=0.0': 0.8630952380952382, 'noise=0.2;missing=0.2': 0.8435960591133005}",0.7738095238095238,0.03571428571428571,9,7,25,2.2,0.4166666666666667,6,1.5277777777777777,2.2492283950617287,0.5297979797979798,4.376192213249309,"{2: 20, 3: 5}",25,0.0,0.4114859825102881
0.9361088305053823,0.7857142857142857,0.9361088305053823,"{0.0: 1.0, 0.1: 0.9247742200328408, 0.2: 0.883552271483306}","{'noise=0.0;missing=0.0': 1.0, 'noise=0.0;missing=0.2': 1.0, 'noise=0.1;missing=0.0': 0.9345238095238095, 'noise=0.1;missing=0.2': 0.9150246305418719, 'noise=0.2;missing=0.0': 0.9444444444444444, 'noise=0.2;missing=0.2': 0.8226600985221674}",0.8095238095238095,0.05952380952380952,9,7,28,2.4642857142857144,0.4666666666666667,7,1.9166666666666667,2.354166666666666,0.42391304347826086,4.673226450406323,"{2: 19, 3: 5, 4: 4}",28,0.0,0.4608387896825397
0.9501801678525816,0.8154761904761905,0.9501801678525816,"{0.0: 1.0, 0.1: 0.9385946907498631, 0.2: 0.9119458128078818}","{'noise=0.0;missing=0.0': 1.0, 'noise=0.0;missing=0.2': 1.0, 'noise=0.1;missing=0.0': 0.9424603174603174, 'noise=0.1;missing=0.2': 0.9347290640394087, 'noise=0.2;missing=0.0': 0.9285714285714285, 'noise=0.2;missing=0.2': 0.8953201970443349}",0.8095238095238095,0.08333333333333333,9,7,31,2.4193548387096775,0.5166666666666667,7,2.0833333333333335,3.1319444444444438,0.4559259259259259,4.605290445257775,"{2: 22, 3: 5, 4: 4}",31,1.0,0.5081563993428914
0.946223316912972,0.8154761904761905,0.946223316912972,"{0.0: 1.0, 0.1: 0.9592569786535304, 0.2: 0.8794129720853858}","{'noise=0.0;missing=0.0': 1.0, 'noise=0.0;missing=0.2': 1.0, 'noise=0.1;missing=0.0': 0.9702380952380951, 'noise=0.1;missing=0.2': 0.9482758620689655, 'noise=0.2;missing=0.0': 0.9226190476190477, 'noise=0.2;missing=0.2': 0.8362068965517241}",0.8214285714285714,0.047619047619047616,9,7,30,2.2666666666666666,0.5,7,1.8888888888888888,2.432098765432099,0.43790849673202614,4.64936798916474,"{2: 24, 3: 4, 4: 2}",30,0.0,0.4911460905349794
0.9606595511767926,0.8630952380952381,0.9606595511767926,"{0.0: 1.0, 0.1: 0.964867268746579, 0.2: 0.9171113847837987}","{'noise=0.0;missing=0.0': 1.0, 'noise=0.0;missing=0.2': 1.0, 'noise=0.1;missing=0.0': 0.990079365079365, 'noise=0.1;missing=0.2': 0.9396551724137933, 'noise=0.2;missing=0.0': 0.9265873015873016, 'noise=0.2;missing=0.2': 0.9076354679802955}",0.9047619047619048,0.023809523809523808,9,7,28,2.4285714285714284,0.4666666666666667,6,1.8888888888888888,1.9876543209876543,0.41013071895424835,4.682332326226301,"{2: 20, 3: 4, 4: 4}",28,0.0,0.46052968841857733
0.9587210363072433,0.8571428571428571,0.9587210363072433,"{0.0: 1.0, 0.1: 0.9714354132457581, 0.2: 0.9047276956759716}","{'noise=0.0;missing=0.0': 1.0, 'noise=0.0;missing=0.2': 1.0, 'noise=0.1;missing=0.0': 0.9662698412698413, 'noise=0.1;missing=0.2': 0.9766009852216749, 'noise=0.2;missing=0.0': 0.9067460317460316, 'noise=0.2;missing=0.2': 0.9027093596059111}",0.9047619047619048,0.011904761904761904,9,7,26,2.3461538461538463,0.43333333333333335,9,1.6944444444444444,2.934413580246913,0.49225865209471764,4.450347787992424,"{2: 19, 3: 5, 4: 2}",26,0.0,0.42844847063944286
0.952506385696041,0.8333333333333334,0.952506385696041,"{0.0: 1.0, 0.1: 0.9747194854953476, 0.2: 0.882799671592775}","{'noise=0.0;missing=0.0': 1.0, 'noise=0.0;missing=0.2': 1.0, 'noise=0.1;missing=0.0': 0.990079365079365, 'noise=0.1;missing=0.2': 0.95935960591133, 'noise=0.2;missing=0.0': 0.9047619047619049, 'noise=0.2;missing=0.2': 0.8608374384236451}",0.8690476190476191,0.023809523809523808,9,7,28,2.25,0.4666666666666667,11,1.75,3.6875,0.486331569664903,4.4442152755952975,"{2: 23, 3: 3, 4: 2}",28,0.0,0.45957291666666666
0.9512406495165115,0.8214285714285714,0.9512406495165115,"{0.0: 1.0, 0.1: 0.9456759715380405, 0.2: 0.9080459770114943}","{'noise=0.0;missing=0.0': 1.0, 'noise=0.0;missing=0.2': 1.0, 'noise=0.1;missing=0.0': 0.9603174603174603, 'noise=0.1;missing=0.2': 0.9310344827586208, 'noise=0.2;missing=0.0': 0.9404761904761905, 'noise=0.2;missing=0.2': 0.8756157635467979}",0.8214285714285714,0.047619047619047616,9,7,31,2.4193548387096775,0.5166666666666667,7,2.0833333333333335,2.576388888888889,0.4211111111111111,4.66481569121391,"{2: 22, 3: 5, 4: 4}",31,1.0,0.5080638067502987
0.9576947637292464,0.8452380952380952,0.9576947637292464,"{0.0: 1.0, 0.1: 0.9667145593869731, 0.2: 0.9063697318007663}","{'noise=0.0;missing=0.0': 1.0, 'noise=0.0;missing=0.2': 1.0, 'noise=0.1;missing=0.0': 0.990079365079365, 'noise=0.1;missing=0.2': 0.9433497536945812, 'noise=0.2;missing=0.0': 0.9186507936507936, 'noise=0.2;missing=0.2': 0.8940886699507388}",0.8809523809523809,0.047619047619047616,9,7,29,2.413793103448276,0.48333333333333334,6,1.9444444444444444,2.1080246913580245,0.4087301587301587,4.684161367001088,"{2: 21, 3: 4, 4: 4}",29,0.0,0.47628045622250603
0.9465996168582375,0.8095238095238095,0.9465996168582375,"{0.0: 1.0, 0.1: 0.9650725232621785, 0.2: 0.8747263273125342}","{'noise=0.0;missing=0.0': 1.0, 'noise=0.0;missing=0.2': 1.0, 'noise=0.1;missing=0.0': 0.9781746031746031, 'noise=0.1;missing=0.2': 0.9519704433497537, 'noise=0.2;missing=0.0': 0.8849206349206351, 'noise=0.2;missing=0.2': 0.8645320197044334}",0.8333333333333334,0.047619047619047616,9,7,24,2.4583333333333335,0.4,6,1.6388888888888888,1.9529320987654322,0.4580979284369115,4.581050040557244,"{2: 17, 3: 3, 4: 4}",24,0.0,0.39739724794238684
0.9541940339354132,0.8392857142857143,0.9541940339354132,"{0.0: 1.0, 0.1: 0.9600437876299945, 0.2: 0.9025383141762452}","{'noise=0.0;missing=0.0': 1.0, 'noise=0.0;missing=0.2': 1.0, 'noise=0.1;missing=0.0': 0.9484126984126985, 'noise=0.1;missing=0.2': 0.9716748768472907, 'noise=0.2;missing=0.0': 0.9146825396825397, 'noise=0.2;missing=0.2': 0.8903940886699505}",0.8809523809523809,0.03571428571428571,9,7,29,2.3793103448275863,0.48333333333333334,8,1.9166666666666667,2.7430555555555554,0.45209339774557167,4.578830615884912,"{2: 21, 3: 5, 4: 3}",29,0.0,0.4761468310983397
0.9551746943988325,0.8273809523809523,0.9551746943988325,"{0.0: 1.0, 0.1: 0.9602490421455939, 0.2: 0.9052750410509031}","{'noise=0.0;missing=0.0': 1.0, 'noise=0.0;missing=0.2': 1.0, 'noise=0.1;missing=0.0': 0.9722222222222223, 'noise=0.1;missing=0.2': 0.9482758620689655, 'noise=0.2;missing=0.0': 0.9226190476190476, 'noise=0.2;missing=0.2': 0.8879310344827586}",0.8333333333333334,0.08333333333333333,9,7,27,2.2222222222222223,0.45,5,1.6666666666666667,2.222222222222222,0.487962962962963,4.515491538019118,"{2: 22, 3: 4, 4: 1}",27,0.0,0.44330246913580246
0.9331554460864805,0.7678571428571429,0.9331554460864805,"{0.0: 1.0, 0.1: 0.9398604269293924, 0.2: 0.8596059113300493}","{'noise=0.0;missing=0.0': 1.0, 'noise=0.0;missing=0.2': 1.0, 'noise=0.1;missing=0.0': 0.9523809523809524, 'noise=0.1;missing=0.2': 0.9273399014778325, 'noise=0.2;missing=0.0': 0.8571428571428571, 'noise=0.2;missing=0.2': 0.8620689655172413}",0.7857142857142857,0.07142857142857142,9,7,30,2.3,0.5,8,1.9166666666666667,3.1319444444444446,0.48027375201288247,4.535635688474098,"{2: 24, 3: 3, 4: 3}",30,0.0,0.4914942129629629
0.9407042510490785,0.7976190476190477,0.9407042510490785,"{0.0: 1.0, 0.1: 0.9500889436234264, 0.2: 0.8720238095238094}","{'noise=0.0;missing=0.0': 1.0, 'noise=0.0;missing=0.2': 1.0, 'noise=0.1;missing=0.0': 0.9543650793650793, 'noise=0.1;missing=0.2': 0.9458128078817735, 'noise=0.2;missing=0.0': 0.886904761904762, 'noise=0.2;missing=0.2': 0.857142857142857}",0.7976190476190477,0.05952380952380952,9,7,28,2.25,0.4666666666666667,5,1.75,2.1319444444444446,0.4678130511463845,4.534520352236724,"{2: 22, 3: 5, 4: 1}",28,0.0,0.4593136574074074
0.9470329319467249,0.8154761904761905,0.9470329319467249,"{0.0: 1.0, 0.1: 0.952791461412151, 0.2: 0.8883073344280241}","{'noise=0.0;missing=0.0': 1.0, 'noise=0.0;missing=0.2': 1.0, 'noise=0.1;missing=0.0': 0.9523809523809523, 'noise=0.1;missing=0.2': 0.9532019704433498, 'noise=0.2;missing=0.0': 0.8948412698412698, 'noise=0.2;missing=0.2': 0.8817733990147782}",0.7976190476190477,0.047619047619047616,9,7,33,2.272727272727273,0.55,8,2.0833333333333335,3.0208333333333335,0.43074074074074076,4.684172404736357,"{2: 27, 3: 3, 4: 3}",33,3.0,0.5387863005050505
0.9360860244480933,0.7738095238095238,0.9360860244480933,"{0.0: 1.0, 0.1: 0.9561439518336071, 0.2: 0.8521141215106732}","{'noise=0.0;missing=0.0': 1.0, 'noise=0.0;missing=0.2': 1.0, 'noise=0.1;missing=0.0': 0.9603174603174603, 'noise=0.1;missing=0.2': 0.9519704433497537, 'noise=0.2;missing=0.0': 0.8630952380952381, 'noise=0.2;missing=0.2': 0.8411330049261082}",0.7738095238095238,0.05952380952380952,9,7,35,2.3142857142857145,0.5833333333333334,9,2.25,4.020833333333333,0.4591906721536351,4.604239663856327,"{2: 26, 3: 7, 4: 2}",35,5.0,0.5709082341269842
0.9403051450465243,0.7976190476190477,0.9403051450465243,"{0.0: 1.0, 0.1: 0.9487547892720307, 0.2: 0.8721606458675424}","{'noise=0.0;missing=0.0': 1.0, 'noise=0.0;missing=0.2': 1.0, 'noise=0.1;missing=0.0': 0.9603174603174603, 'noise=0.1;missing=0.2': 0.9371921182266011, 'noise=0.2;missing=0.0': 0.8551587301587302, 'noise=0.2;missing=0.2': 0.8891625615763546}",0.8095238095238095,0.03571428571428571,9,7,28,2.1785714285714284,0.4666666666666667,7,1.6944444444444444,2.8788580246913575,0.5268670309653917,4.394826116715165,"{2: 23, 3: 5}",28,0.0,0.4589421112580835
0.9457329866812626,0.8095238095238095,0.9457329866812626,"{0.0: 1.0, 0.1: 0.9650725232621785, 0.2: 0.8721264367816092}","{'noise=0.0;missing=0.0': 1.0, 'noise=0.0;missing=0.2': 1.0, 'noise=0.1;missing=0.0': 0.9781746031746031, 'noise=0.1;missing=0.2': 0.9519704433497537, 'noise=0.2;missing=0.0': 0.880952380952381, 'noise=0.2;missing=0.2': 0.8633004926108372}",0.7976190476190477,0.05952380952380952,9,7,27,2.259259259259259,0.45,8,1.6944444444444444,2.6010802469135803,0.46766848816029144,4.555748764105062,"{2: 22, 3: 3, 4: 2}",27,0.0,0.4436228137860082
0.9473750228060573,0.8095238095238095,0.9473750228060573,"{0.0: 1.0, 0.1: 0.9499863163656267, 0.2: 0.8921387520525451}","{'noise=0.0;missing=0.0': 1.0, 'noise=0.0;missing=0.2': 1.0, 'noise=0.1;missing=0.0': 0.9603174603174602, 'noise=0.1;missing=0.2': 0.939655172413793, 'noise=0.2;missing=0.0': 0.8988095238095238, 'noise=0.2;missing=0.2': 0.8854679802955665}",0.7976190476190477,0.05952380952380952,9,7,26,2.3461538461538463,0.43333333333333335,8,1.6944444444444444,3.212191358024691,0.5405282331511839,4.373463264453198,"{2: 20, 3: 3, 4: 3}",26,0.0,0.4284947669357392
0.9504196314541142,0.8214285714285714,0.9504196314541142,"{0.0: 1.0, 0.1: 0.9674329501915709, 0.2: 0.8838259441707718}","{'noise=0.0;missing=0.0': 1.0, 'noise=0.0;missing=0.2': 1.0, 'noise=0.1;missing=0.0': 0.9841269841269842, 'noise=0.1;missing=0.2': 0.9507389162561576, 'noise=0.2;missing=0.0': 0.9166666666666667, 'noise=0.2;missing=0.2': 0.8509852216748769}",0.8452380952380952,0.047619047619047616,9,7,36,2.3055555555555554,0.6,7,2.3055555555555554,3.4344135802469133,0.44812583668005357,4.62323111307876,"{2: 27, 3: 7, 4: 2}",36,6.0,0.5865832047325102
0.9561325488049628,0.8511904761904762,0.9561325488049628,"{0.0: 1.0, 0.1: 0.9661672140120415, 0.2: 0.9022304324028462}","{'noise=0.0;missing=0.0': 1.0, 'noise=0.0;missing=0.2': 1.0, 'noise=0.1;missing=0.0': 0.9742063492063492, 'noise=0.1;missing=0.2': 0.9581280788177341, 'noise=0.2;missing=0.0': 0.896825396825397, 'noise=0.2;missing=0.2': 0.9076354679802955}",0.9285714285714286,0.023809523809523808,9,7,28,2.25,0.4666666666666667,9,1.75,2.9652777777777777,0.4748677248677249,4.536105518428944,"{2: 23, 3: 3, 4: 2}",28,0.0,0.45945254629629634
0.9483898923554096,0.8154761904761905,0.9483898923554096,"{0.0: 1.0, 0.1: 0.9691776135741653, 0.2: 0.8759920634920635}","{'noise=0.0;missing=0.0': 1.0, 'noise=0.0;missing=0.2': 1.0, 'noise=0.1;missing=0.0': 0.990079365079365, 'noise=0.1;missing=0.2': 0.9482758620689654, 'noise=0.2;missing=0.0': 0.8948412698412699, 'noise=0.2;missing=0.2': 0.857142857142857}",0.8333333333333334,0.03571428571428571,9,7,25,2.28,0.4166666666666667,10,1.5833333333333333,3.187499999999999,0.5063352826510721,4.411947585047356,"{2: 21, 3: 1, 4: 3}",25,0.0,0.41219791666666666
0.9596446816274402,0.8571428571428571,0.9596446816274402,"{0.0: 1.0, 0.1: 0.9698275862068966, 0.2: 0.9091064586754242}","{'noise=0.0;missing=0.0': 1.0, 'noise=0.0;missing=0.2': 1.0, 'noise=0.1;missing=0.0': 1.0, 'noise=0.1;missing=0.2': 0.9396551724137933, 'noise=0.2;missing=0.0': 0.9265873015873016, 'noise=0.2;missing=0.2': 0.8916256157635466}",0.8809523809523809,0.03571428571428571,9,7,29,2.4482758620689653,0.48333333333333334,6,1.9722222222222223,2.1936728395061724,0.41744913928012517,4.673775464300861,"{2: 20, 3: 5, 4: 4}",29,0.0,0.47653419451539664
0.9459610472541506,0.8154761904761905,0.9459610472541506,"{0.0: 1.0, 0.1: 0.9706828133552271, 0.2: 0.8672003284072248}","{'noise=0.0;missing=0.0': 1.0, 'noise=0.0;missing=0.2': 1.0, 'noise=0.1;missing=0.0': 0.9623015873015873, 'noise=0.1;missing=0.2': 0.9790640394088671, 'noise=0.2;missing=0.0': 0.8452380952380952, 'noise=0.2;missing=0.2': 0.8891625615763544}",0.8214285714285714,0.047619047619047616,9,7,30,2.3333333333333335,0.5,7,1.9444444444444444,2.885802469135802,0.4603174603174603,4.6072067677451916,"{2: 23, 3: 4, 4: 3}",30,0.0,0.491684670781893
0.9406244298485679,0.7976190476190477,0.9406244298485679,"{0.0: 1.0, 0.1: 0.9323344280240832, 0.2: 0.8895388615216202}","{'noise=0.0;missing=0.0': 1.0, 'noise=0.0;missing=0.2': 1.0, 'noise=0.1;missing=0.0': 0.9484126984126984, 'noise=0.1;missing=0.2': 0.916256157635468, 'noise=0.2;missing=0.0': 0.9305555555555556, 'noise=0.2;missing=0.2': 0.8485221674876845}",0.8214285714285714,0.05952380952380952,9,7,24,2.4166666666666665,0.4,8,1.6111111111111112,3.070987654320988,0.5526819923371648,4.310591237164565,"{2: 16, 3: 6, 4: 2}",24,0.0,0.3972942386831276
0.9411489691662105,0.7976190476190477,0.9411489691662105,"{0.0: 1.0, 0.1: 0.9519020251778872, 0.2: 0.8715448823207443}","{'noise=0.0;missing=0.0': 1.0, 'noise=0.0;missing=0.2': 1.0, 'noise=0.1;missing=0.0': 0.9444444444444445, 'noise=0.1;missing=0.2': 0.9593596059113301, 'noise=0.2;missing=0.0': 0.8908730158730159, 'noise=0.2;missing=0.2': 0.8522167487684726}",0.8214285714285714,0.023809523809523808,9,7,23,2.391304347826087,0.38333333333333336,8,1.5277777777777777,2.471450617283951,0.5015151515151515,4.453731531549134,"{2: 17, 3: 3, 4: 3}",23,0.0,0.38118485529611734
0.9455049261083743,0.8095238095238095,0.9455049261083743,"{0.0: 1.0, 0.1: 0.9607621784345922, 0.2: 0.875752599890531}","{'noise=0.0;missing=0.0': 1.0, 'noise=0.0;missing=0.2': 1.0, 'noise=0.1;missing=0.0': 0.9424603174603174, 'noise=0.1;missing=0.2': 0.9790640394088669, 'noise=0.2;missing=0.0': 0.8968253968253969, 'noise=0.2;missing=0.2': 0.8546798029556648}",0.8333333333333334,0.03571428571428571,9,7,26,2.423076923076923,0.43333333333333335,7,1.75,2.298611111111111,0.4607583774250441,4.553619852520378,"{2: 18, 3: 5, 4: 3}",26,0.0,0.4288766915954416
0.9630541871921183,0.8630952380952381,0.9630541871921183,"{0.0: 1.0, 0.1: 0.977832512315271, 0.2: 0.9113300492610836}","{'noise=0.0;missing=0.0': 1.0, 'noise=0.0;missing=0.2': 1.0, 'noise=0.1;missing=0.0': 1.0, 'noise=0.1;missing=0.2': 0.9556650246305418, 'noise=0.2;missing=0.0': 0.9285714285714286, 'noise=0.2;missing=0.2': 0.8940886699507388}",0.8809523809523809,0.05952380952380952,9,7,29,2.413793103448276,0.48333333333333334,5,1.9444444444444444,2.052469135802469,0.40714285714285714,4.688311282078993,"{2: 21, 3: 4, 4: 4}",29,0.0,0.47627119696324677
0.9422892720306513,0.8035714285714286,0.9422892720306513,"{0.0: 1.0, 0.1: 0.9487547892720307, 0.2: 0.8781130268199233}","{'noise=0.0;missing=0.0': 1.0, 'noise=0.0;missing=0.2': 1.0, 'noise=0.1;missing=0.0': 0.9603174603174603, 'noise=0.1;missing=0.2': 0.9371921182266011, 'noise=0.2;missing=0.0': 0.8670634920634921, 'noise=0.2;missing=0.2': 0.8891625615763546}",0.8095238095238095,0.03571428571428571,9,7,28,2.25,0.4666666666666667,7,1.75,2.8541666666666665,0.5163139329805997,4.419264400985296,"{2: 22, 3: 5, 4: 1}",28,0.0,0.4594340277777778
0.9541484218208355,0.8392857142857143,0.9541484218208355,"{0.0: 1.0, 0.1: 0.9640462506841817, 0.2: 0.8983990147783251}","{'noise=0.0;missing=0.0': 1.0, 'noise=0.0;missing=0.2': 1.0, 'noise=0.1;missing=0.0': 0.9662698412698412, 'noise=0.1;missing=0.2': 0.9618226600985222, 'noise=0.2;missing=0.0': 0.9285714285714286, 'noise=0.2;missing=0.2': 0.8682266009852215}",0.8452380952380952,0.03571428571428571,9,7,26,2.423076923076923,0.43333333333333335,5,1.75,1.9097222222222223,0.43959435626102294,4.621977098337153,"{2: 18, 3: 5, 4: 3}",26,0.0,0.42881187678062677
0.9599981755154168,0.8511904761904762,0.9599981755154168,"{0.0: 1.0, 0.1: 0.9682881773399015, 0.2: 0.9117063492063492}","{'noise=0.0;missing=0.0': 1.0, 'noise=0.0;missing=0.2': 1.0, 'noise=0.1;missing=0.0': 0.9821428571428571, 'noise=0.1;missing=0.2': 0.9544334975369458, 'noise=0.2;missing=0.0': 0.9305555555555556, 'noise=0.2;missing=0.2': 0.8928571428571427}",0.8809523809523809,0.023809523809523808,9,7,23,2.260869565217391,0.38333333333333336,8,1.4444444444444444,2.6913580246913575,0.5555555555555556,4.265262978081656,"{2: 18, 3: 4, 4: 1}",23,0.0,0.380315709429236
0.936884236453202,0.7916666666666666,0.936884236453202,"{0.0: 1.0, 0.1: 0.948481116584565, 0.2: 0.862171592775041}","{'noise=0.0;missing=0.0': 1.0, 'noise=0.0;missing=0.2': 1.0, 'noise=0.1;missing=0.0': 0.9523809523809523, 'noise=0.1;missing=0.2': 0.9445812807881774, 'noise=0.2;missing=0.0': 0.8511904761904763, 'noise=0.2;missing=0.2': 0.8731527093596058}",0.8214285714285714,0.023809523809523808,9,7,24,2.1666666666666665,0.4,6,1.4444444444444444,2.302469135802469,0.5555555555555556,4.298634852956841,"{2: 20, 3: 4}",24,0.0,0.3954300411522634
0.9627577084473635,0.8690476190476191,0.9627577084473635,"{0.0: 1.0, 0.1: 0.9773877941981391, 0.2: 0.9108853311439518}","{'noise=0.0;missing=0.0': 1.0, 'noise=0.0;missing=0.2': 1.0, 'noise=0.1;missing=0.0': 0.9781746031746031, 'noise=0.1;missing=0.2': 0.9766009852216749, 'noise=0.2;missing=0.0': 0.9067460317460316, 'noise=0.2;missing=0.2': 0.9150246305418718}",0.9047619047619048,0.011904761904761904,9,7,26,2.3461538461538463,0.43333333333333335,10,1.6944444444444444,3.3233024691358013,0.49863387978142076,4.418625354652599,"{2: 19, 3: 5, 4: 2}",26,0.0,0.4285132854542577
0.9480363984674328,0.8154761904761905,0.9480363984674328,"{0.0: 1.0, 0.1: 0.9650725232621785, 0.2: 0.8790366721401204}","{'noise=0.0;missing=0.0': 1.0, 'noise=0.0;missing=0.2': 1.0, 'noise=0.1;missing=0.0': 0.9781746031746031, 'noise=0.1;missing=0.2': 0.9519704433497537, 'noise=0.2;missing=0.0': 0.8849206349206351, 'noise=0.2;missing=0.2': 0.8731527093596058}",0.8452380952380952,0.047619047619047616,9,7,25,2.44,0.4166666666666667,6,1.6944444444444444,1.878858024691357,0.4348816029143898,4.639032624128931,"{2: 18, 3: 3, 4: 4}",25,0.0,0.413090920781893
0.9429734537493158,0.7916666666666666,0.9429734537493158,"{0.0: 1.0, 0.1: 0.9425971538040504, 0.2: 0.886323207443897}","{'noise=0.0;missing=0.0': 1.0, 'noise=0.0;missing=0.2': 1.0, 'noise=0.1;missing=0.0': 0.9603174603174602, 'noise=0.1;missing=0.2': 0.9248768472906405, 'noise=0.2;missing=0.0': 0.8908730158730158, 'noise=0.2;missing=0.2': 0.8817733990147784}",0.8095238095238095,0.07142857142857142,9,7,31,2.3870967741935485,0.5166666666666667,8,2.0555555555555554,2.8302469135802473,0.4196696696696697,4.702913589205112,"{2: 24, 3: 2, 4: 5}",31,1.0,0.507882102084163
0.9431673052362707,0.7976190476190477,0.9431673052362707,"{0.0: 1.0, 0.1: 0.9601464148877942, 0.2: 0.869355500821018}","{'noise=0.0;missing=0.0': 1.0, 'noise=0.0;missing=0.2': 1.0, 'noise=0.1;missing=0.0': 0.9781746031746031, 'noise=0.1;missing=0.2': 0.9421182266009852, 'noise=0.2;missing=0.0': 0.8630952380952381, 'noise=0.2;missing=0.2': 0.8756157635467979}",0.8214285714285714,0.047619047619047616,9,7,29,2.3448275862068964,0.48333333333333334,6,1.8888888888888888,2.4320987654320994,0.4452614379084967,4.637033569440184,"{2: 23, 3: 2, 4: 4}",29,0.0,0.47585554136511987
0.9464741835431492,0.8214285714285714,0.9464741835431492,"{0.0: 1.0, 0.1: 0.9675355774493707, 0.2: 0.8718869731800767}","{'noise=0.0;missing=0.0': 1.0, 'noise=0.0;missing=0.2': 1.0, 'noise=0.1;missing=0.0': 0.9781746031746031, 'noise=0.1;missing=0.2': 0.956896551724138, 'noise=0.2;missing=0.0': 0.882936507936508, 'noise=0.2;missing=0.2': 0.8608374384236452}",0.8095238095238095,0.03571428571428571,9,7,25,2.24,0.4166666666666667,5,1.5555555555555556,1.7469135802469138,0.4593253968253968,4.581833663430985,"{2: 21, 3: 2, 4: 2}",25,0.0,0.4116800411522634
0.9483556832694763,0.8273809523809523,0.9483556832694763,"{0.0: 1.0, 0.1: 0.9518336070060208, 0.2: 0.8932334428024084}","{'noise=0.0;missing=0.0': 1.0, 'noise=0.0;missing=0.2': 1.0, 'noise=0.1;missing=0.0': 0.9603174603174602, 'noise=0.1;missing=0.2': 0.9433497536945813, 'noise=0.2;missing=0.0': 0.8948412698412699, 'noise=0.2;missing=0.2': 0.8916256157635468}",0.8571428571428571,0.011904761904761904,9,7,26,2.1923076923076925,0.43333333333333335,10,1.5833333333333333,3.2986111111111107,0.5092592592592593,4.411947585047356,"{2: 22, 3: 3, 4: 1}",26,0.0,0.42744079415954417
0.9441137566137565,0.8035714285714286,0.9441137566137565,"{0.0: 1.0, 0.1: 0.944991789819376, 0.2: 0.8873494800218938}","{'noise=0.0;missing=0.0': 1.0, 'noise=0.0;missing=0.2': 1.0, 'noise=0.1;missing=0.0': 0.9404761904761905, 'noise=0.1;missing=0.2': 0.9495073891625616, 'noise=0.2;missing=0.0': 0.9027777777777778, 'noise=0.2;missing=0.2': 0.8719211822660098}",0.8333333333333334,0.047619047619047616,9,7,30,2.3333333333333335,0.5,5,1.9444444444444444,1.9969135802469136,0.396031746031746,4.754442574694573,"{2: 23, 3: 4, 4: 3}",30,0.0,0.49153652263374487
0.9378762999452654,0.7797619047619048,0.9378762999452654,"{0.0: 1.0, 0.1: 0.9462917350848385, 0.2: 0.8673371647509579}","{'noise=0.0;missing=0.0': 1.0, 'noise=0.0;missing=0.2': 1.0, 'noise=0.1;missing=0.0': 0.9603174603174603, 'noise=0.1;missing=0.2': 0.9322660098522169, 'noise=0.2;missing=0.0': 0.8492063492063492, 'noise=0.2;missing=0.2': 0.8854679802955664}",0.7857142857142857,0.07142857142857142,9,7,29,2.206896551724138,0.48333333333333334,8,1.7777777777777777,3.6728395061728403,0.5321180555555556,4.378524413893478,"{2: 23, 3: 6}",29,0.0,0.47510447708244646
0.9582307060755336,0.8511904761904762,0.9582307060755336,"{0.0: 1.0, 0.1: 0.9759510125889436, 0.2: 0.8987411056376573}","{'noise=0.0;missing=0.0': 1.0, 'noise=0.0;missing=0.2': 1.0, 'noise=0.1;missing=0.0': 0.990079365079365, 'noise=0.1;missing=0.2': 0.9618226600985222, 'noise=0.2;missing=0.0': 0.9206349206349207, 'noise=0.2;missing=0.2': 0.876847290640394}",0.8809523809523809,0.023809523809523808,9,7,25,2.28,0.4166666666666667,6,1.5833333333333333,1.9097222222222219,0.4537037037037037,4.5322064091223275,"{2: 20, 3: 3, 4: 2}",25,0.0,0.4119849537037037
0.9589719029374202,0.8571428571428571,0.9589719029374202,"{0.0: 1.0, 0.1: 0.9681171319102353, 0.2: 0.9087985769020251}","{'noise=0.0;missing=0.0': 1.0, 'noise=0.0;missing=0.2': 1.0, 'noise=0.1;missing=0.0': 0.9682539682539683, 'noise=0.1;missing=0.2': 0.9679802955665026, 'noise=0.2;missing=0.0': 0.9087301587301587, 'noise=0.2;missing=0.2': 0.9088669950738916}",0.9047619047619048,0.023809523809523808,9,7,28,2.3214285714285716,0.4666666666666667,7,1.8055555555555556,2.434413580246914,0.44743589743589746,4.606736852551478,"{2: 22, 3: 3, 4: 3}",28,0.0,0.4598601006760729
0.9539545703338806,0.8333333333333334,0.9539545703338806,"{0.0: 1.0, 0.1: 0.9759168035030105, 0.2: 0.8859469074986317}","{'noise=0.0;missing=0.0': 1.0, 'noise=0.0;missing=0.2': 1.0, 'noise=0.1;missing=0.0': 0.9801587301587301, 'noise=0.1;missing=0.2': 0.9716748768472907, 'noise=0.2;missing=0.0': 0.8888888888888891, 'noise=0.2;missing=0.2': 0.8830049261083743}",0.8571428571428571,0.047619047619047616,9,7,27,2.4074074074074074,0.45,6,1.8055555555555556,1.9899691358024691,0.4235042735042735,4.6603781974441345,"{2: 19, 3: 5, 4: 3}",27,0.0,0.4445497685185185
0.9594850392264187,0.8511904761904762,0.9594850392264187,"{0.0: 1.0, 0.1: 0.9716748768472906, 0.2: 0.9067802408319651}","{'noise=0.0;missing=0.0': 1.0, 'noise=0.0;missing=0.2': 1.0, 'noise=0.1;missing=0.0': 1.0, 'noise=0.1;missing=0.2': 0.9433497536945812, 'noise=0.2;missing=0.0': 0.9305555555555555, 'noise=0.2;missing=0.2': 0.8830049261083743}",0.8809523809523809,0.047619047619047616,9,7,30,2.2666666666666666,0.5,6,1.8888888888888888,2.3209876543209873,0.4305555555555556,4.66402184831694,"{2: 25, 3: 2, 4: 3}",30,0.0,0.49112757201646084
0.9537493158182814,0.8452380952380952,0.9537493158182814,"{0.0: 1.0, 0.1: 0.9661672140120415, 0.2: 0.8950807334428025}","{'noise=0.0;missing=0.0': 1.0, 'noise=0.0;missing=0.2': 1.0, 'noise=0.1;missing=0.0': 0.9742063492063492, 'noise=0.1;missing=0.2': 0.9581280788177341, 'noise=0.2;missing=0.0': 0.8948412698412699, 'noise=0.2;missing=0.2': 0.8953201970443349}",0.9285714285714286,0.023809523809523808,9,7,28,2.392857142857143,0.4666666666666667,8,1.8611111111111112,2.6195987654321,0.4481757877280265,4.606769227609752,"{2: 21, 3: 3, 4: 4}",28,0.0,0.4603869966196355
0.9457215836526183,0.8214285714285714,0.9457215836526183,"{0.0: 1.0, 0.1: 0.9632252326217843, 0.2: 0.87393951833607}","{'noise=0.0;missing=0.0': 1.0, 'noise=0.0;missing=0.2': 1.0, 'noise=0.1;missing=0.0': 0.9424603174603173, 'noise=0.1;missing=0.2': 0.9839901477832512, 'noise=0.2;missing=0.0': 0.8710317460317462, 'noise=0.2;missing=0.2': 0.876847290640394}",0.8452380952380952,0.023809523809523808,9,7,24,2.375,0.4,8,1.5833333333333333,2.4652777777777772,0.48879142300194933,4.45982575966491,"{2: 17, 3: 5, 4: 2}",24,0.0,0.39690393518518524
0.9426541689472724,0.8035714285714286,0.9426541689472724,"{0.0: 1.0, 0.1: 0.9516967706622879, 0.2: 0.8762657361795293}","{'noise=0.0;missing=0.0': 1.0, 'noise=0.0;missing=0.2': 1.0, 'noise=0.1;missing=0.0': 0.9563492063492064, 'noise=0.1;missing=0.2': 0.9470443349753694, 'noise=0.2;missing=0.0': 0.9027777777777778, 'noise=0.2;missing=0.2': 0.8497536945812806}",0.8095238095238095,0.03571428571428571,9,7,27,2.3703703703703702,0.45,9,1.7777777777777777,3.1172839506172836,0.4921875,4.477762843709971,"{2: 20, 3: 4, 4: 3}",27,0.0,0.4444804526748971
0.9514230979748222,0.8333333333333334,0.9514230979748222,"{0.0: 1.0, 0.1: 0.9736932129173509, 0.2: 0.8805760810071155}","{'noise=0.0;missing=0.0': 1.0, 'noise=0.0;missing=0.2': 1.0, 'noise=0.1;missing=0.0': 0.9781746031746031, 'noise=0.1;missing=0.2': 0.9692118226600985, 'noise=0.2;missing=0.0': 0.9027777777777778, 'noise=0.2;missing=0.2': 0.858374384236453}",0.8571428571428571,0.023809523809523808,9,7,27,2.2962962962962963,0.45,10,1.7222222222222223,3.4228395061728403,0.5017921146953405,4.436242537185992,"{2: 21, 3: 4, 4: 2}",27,0.0,0.444016975308642
0.9604656996898375,0.8511904761904762,0.9604656996898375,"{0.0: 1.0, 0.1: 0.9673303229337711, 0.2: 0.9140667761357416}","{'noise=0.0;missing=0.0': 1.0, 'noise=0.0;missing=0.2': 1.0, 'noise=0.1;missing=0.0': 0.990079365079365, 'noise=0.1;missing=0.2': 0.9445812807881774, 'noise=0.2;missing=0.0': 0.9365079365079365, 'noise=0.2;missing=0.2': 0.8916256157635466}",0.8928571428571429,0.011904761904761904,9,7,24,2.25,0.4,10,1.5,3.638888888888889,0.5874485596707819,4.174179234824742,"{2: 19, 3: 4, 4: 1}",24,0.0,0.39623148148148146
0.9591429483670862,0.8571428571428571,0.9591429483670862,"{0.0: 1.0, 0.1: 0.9644225506294472, 0.2: 0.9130062944718117}","{'noise=0.0;missing=0.0': 1.0, 'noise=0.0;missing=0.2': 1.0, 'noise=0.1;missing=0.0': 0.9682539682539683, 'noise=0.1;missing=0.2': 0.9605911330049262, 'noise=0.2;missing=0.0': 0.9146825396825397, 'noise=0.2;missing=0.2': 0.9113300492610836}",0.8928571428571429,0.023809523809523808,9,7,28,2.3214285714285716,0.4666666666666667,8,1.8055555555555556,2.989969135802469,0.4670940170940171,4.5634613295929105,"{2: 21, 3: 5, 4: 2}",28,0.0,0.4599526932686655
0.9547755883962781,0.8452380952380952,0.9547755883962781,"{0.0: 1.0, 0.1: 0.9654488232074439, 0.2: 0.8988779419813903}","{'noise=0.0;missing=0.0': 1.0, 'noise=0.0;missing=0.2': 1.0, 'noise=0.1;missing=0.0': 0.9801587301587301, 'noise=0.1;missing=0.2': 0.9507389162561576, 'noise=0.2;missing=0.0': 0.9246031746031745, 'noise=0.2;missing=0.2': 0.8731527093596059}",0.8809523809523809,0.023809523809523808,9,7,28,2.357142857142857,0.4666666666666667,9,1.8333333333333333,3.3611111111111116,0.5067340067340067,4.458510929958478,"{2: 21, 3: 4, 4: 3}",28,0.0,0.46026256613756616
0.9551746943988325,0.8273809523809523,0.9551746943988325,"{0.0: 1.0, 0.1: 0.9602490421455939, 0.2: 0.9052750410509031}","{'noise=0.0;missing=0.0': 1.0, 'noise=0.0;missing=0.2': 1.0, 'noise=0.1;missing=0.0': 0.9722222222222223, 'noise=0.1;missing=0.2': 0.9482758620689655, 'noise=0.2;missing=0.0': 0.9226190476190476, 'noise=0.2;missing=0.2': 0.8879310344827586}",0.8333333333333334,0.08333333333333333,9,7,26,2.3846153846153846,0.43333333333333335,6,1.7222222222222223,2.200617283950618,0.4614695340501792,4.577033762237614,"{2: 18, 3: 6, 4: 2}",26,0.0,0.42859326527382086
0.9488118044152527,0.8214285714285714,0.9488118044152527,"{0.0: 1.0, 0.1: 0.9537493158182813, 0.2: 0.8926860974274768}","{'noise=0.0;missing=0.0': 1.0, 'noise=0.0;missing=0.2': 1.0, 'noise=0.1;missing=0.0': 0.9801587301587301, 'noise=0.1;missing=0.2': 0.9273399014778326, 'noise=0.2;missing=0.0': 0.9146825396825397, 'noise=0.2;missing=0.2': 0.8706896551724137}",0.8214285714285714,0.047619047619047616,9,7,30,2.3333333333333335,0.5,7,1.9444444444444444,2.385802469135802,0.4103174603174603,4.705131810206237,"{2: 23, 3: 4, 4: 3}",30,0.0,0.49160133744855966
0.9519818463783981,0.8333333333333334,0.9519818463783981,"{0.0: 1.0, 0.1: 0.9685960591133005, 0.2: 0.8873494800218938}","{'noise=0.0;missing=0.0': 1.0, 'noise=0.0;missing=0.2': 1.0, 'noise=0.1;missing=0.0': 1.0, 'noise=0.1;missing=0.2': 0.9371921182266009, 'noise=0.2;missing=0.0': 0.9027777777777778, 'noise=0.2;missing=0.2': 0.8719211822660097}",0.8571428571428571,0.03571428571428571,9,7,32,2.40625,0.5333333333333333,11,2.138888888888889,4.008487654320987,0.4476911976911977,4.601946108325708,"{2: 23, 3: 5, 4: 4}",32,2.0,0.5240448173868312
0.9484697135559204,0.8214285714285714,0.9484697135559204,"{0.0: 1.0, 0.1: 0.9517309797482211, 0.2: 0.8936781609195403}","{'noise=0.0;missing=0.0': 1.0, 'noise=0.0;missing=0.2': 1.0, 'noise=0.1;missing=0.0': 0.9662698412698413, 'noise=0.1;missing=0.2': 0.9371921182266011, 'noise=0.2;missing=0.0': 0.880952380952381, 'noise=0.2;missing=0.2': 0.9064039408866994}",0.8452380952380952,0.023809523809523808,9,7,26,2.1538461538461537,0.43333333333333335,8,1.5555555555555556,2.969135802469136,0.5595238095238095,4.2961193777167,"{2: 22, 3: 4}",26,0.0,0.42711878759100985
0.9435778142674693,0.8035714285714286,0.9435778142674693,"{0.0: 1.0, 0.1: 0.9570675971538041, 0.2: 0.8736658456486043}","{'noise=0.0;missing=0.0': 1.0, 'noise=0.0;missing=0.2': 1.0, 'noise=0.1;missing=0.0': 0.9781746031746031, 'noise=0.1;missing=0.2': 0.9359605911330048, 'noise=0.2;missing=0.0': 0.8988095238095238, 'noise=0.2;missing=0.2': 0.8485221674876847}",0.8095238095238095,0.023809523809523808,9,7,25,2.4,0.4166666666666667,7,1.6666666666666667,2.0555555555555554,0.44166666666666665,4.6164585628548425,"{2: 19, 3: 2, 4: 4}",25,0.0,0.41284259259259265
0.9551062762269658,0.8452380952380952,0.9551062762269658,"{0.0: 1.0, 0.1: 0.9710249042145593, 0.2: 0.8942939244663383}","{'noise=0.0;missing=0.0': 1.0, 'noise=0.0;missing=0.2': 1.0, 'noise=0.1;missing=0.0': 0.990079365079365, 'noise=0.1;missing=0.2': 0.9519704433497537, 'noise=0.2;missing=0.0': 0.9166666666666667, 'noise=0.2;missing=0.2': 0.8719211822660097}",0.8928571428571429,0.011904761904761904,9,7,23,2.1739130434782608,0.38333333333333336,9,1.3888888888888888,2.9043209876543212,0.5577777777777778,4.2679764393853,"{2: 20, 3: 2, 4: 1}",23,0.0,0.37974733852209697
0.9569307608100711,0.8511904761904762,0.9569307608100711,"{0.0: 1.0, 0.1: 0.980911330049261, 0.2: 0.8898809523809523}","{'noise=0.0;missing=0.0': 1.0, 'noise=0.0;missing=0.2': 1.0, 'noise=0.1;missing=0.0': 1.0, 'noise=0.1;missing=0.2': 0.9618226600985222, 'noise=0.2;missing=0.0': 0.9226190476190477, 'noise=0.2;missing=0.2': 0.857142857142857}",0.9047619047619048,0.023809523809523808,9,7,25,2.44,0.4166666666666667,4,1.6944444444444444,1.6566358024691357,0.42304189435336975,4.663783034035931,"{2: 18, 3: 3, 4: 4}",25,0.0,0.41305388374485597
0.9545931399379675,0.8333333333333334,0.9545931399379675,"{0.0: 1.0, 0.1: 0.9614805692391899, 0.2: 0.9022988505747127}","{'noise=0.0;missing=0.0': 1.0, 'noise=0.0;missing=0.2': 1.0, 'noise=0.1;missing=0.0': 0.9722222222222223, 'noise=0.1;missing=0.2': 0.9507389162561577, 'noise=0.2;missing=0.0': 0.9166666666666667, 'noise=0.2;missing=0.2': 0.8879310344827586}",0.8214285714285714,0.05952380952380952,9,7,25,2.28,0.4166666666666667,5,1.5833333333333333,1.7986111111111107,0.4605263157894737,4.560898900760918,"{2: 19, 3: 5, 4: 1}",25,0.0,0.4119664351851852
0.9579000182448457,0.8392857142857143,0.9579000182448457,"{0.0: 1.0, 0.1: 0.9658251231527094, 0.2: 0.9078749315818281}","{'noise=0.0;missing=0.0': 1.0, 'noise=0.0;missing=0.2': 1.0, 'noise=0.1;missing=0.0': 0.9821428571428571, 'noise=0.1;missing=0.2': 0.9495073891625616, 'noise=0.2;missing=0.0': 0.9265873015873015, 'noise=0.2;missing=0.2': 0.8891625615763546}",0.8690476190476191,0.047619047619047616,9,7,25,2.2,0.4166666666666667,9,1.5277777777777777,3.415895061728395,0.5924242424242424,4.169208977153779,"{2: 21, 3: 3, 4: 1}",25,0.0,0.41168042695473256
0.9655286444079546,0.8809523809523809,0.9655286444079546,"{0.0: 1.0, 0.1: 0.9724616858237548, 0.2: 0.9241242474001095}","{'noise=0.0;missing=0.0': 1.0, 'noise=0.0;missing=0.2': 1.0, 'noise=0.1;missing=0.0': 0.9781746031746031, 'noise=0.1;missing=0.2': 0.9667487684729065, 'noise=0.2;missing=0.0': 0.9246031746031746, 'noise=0.2;missing=0.2': 0.9236453201970442}",0.8928571428571429,0.011904761904761904,9,7,23,2.3043478260869565,0.38333333333333336,9,1.4722222222222223,3.0270061728395063,0.5539832285115304,4.2932204542366375,"{2: 18, 3: 3, 4: 2}",23,0.0,0.3806735831544104
0.9573640758985588,0.8571428571428571,0.9573640758985588,"{0.0: 1.0, 0.1: 0.9661672140120415, 0.2: 0.9059250136836344}","{'noise=0.0;missing=0.0': 1.0, 'noise=0.0;missing=0.2': 1.0, 'noise=0.1;missing=0.0': 0.9742063492063492, 'noise=0.1;missing=0.2': 0.9581280788177341, 'noise=0.2;missing=0.0': 0.896825396825397, 'noise=0.2;missing=0.2': 0.9150246305418718}",0.9285714285714286,0.023809523809523808,9,7,26,2.230769230769231,0.43333333333333335,9,1.6111111111111112,3.1820987654320994,0.539272030651341,4.342232667571796,"{2: 21, 3: 4, 4: 1}",26,0.0,0.42768846945235833
0.9652435686918446,0.8690476190476191,0.9652435686918446,"{0.0: 1.0, 0.1: 0.977832512315271, 0.2: 0.9178981937602627}","{'noise=0.0;missing=0.0': 1.0, 'noise=0.0;missing=0.2': 1.0, 'noise=0.1;missing=0.0': 1.0, 'noise=0.1;missing=0.2': 0.9556650246305418, 'noise=0.2;missing=0.0': 0.9404761904761905, 'noise=0.2;missing=0.2': 0.8953201970443349}",0.8928571428571429,0.047619047619047616,9,7,28,2.4285714285714284,0.4666666666666667,5,1.8888888888888888,2.154320987654321,0.4297385620915033,4.655723923069587,"{2: 20, 3: 4, 4: 4}",28,0.0,0.4605574661963551
0.9525519978106186,0.8392857142857143,0.9525519978106186,"{0.0: 1.0, 0.1: 0.9711617405582923, 0.2: 0.8864942528735631}","{'noise=0.0;missing=0.0': 1.0, 'noise=0.0;missing=0.2': 1.0, 'noise=0.1;missing=0.0': 0.9583333333333333, 'noise=0.1;missing=0.2': 0.9839901477832512, 'noise=0.2;missing=0.0': 0.9047619047619048, 'noise=0.2;missing=0.2': 0.8682266009852215}",0.8571428571428571,0.011904761904761904,9,7,28,2.357142857142857,0.4666666666666667,8,1.8333333333333333,2.4166666666666665,0.4132996632996633,4.682662256011072,"{2: 21, 3: 4, 4: 3}",28,0.0,0.4601051587301587
0.9599981755154168,0.8511904761904762,0.9599981755154168,"{0.0: 1.0, 0.1: 0.9682881773399015, 0.2: 0.9117063492063492}","{'noise=0.0;missing=0.0': 1.0, 'noise=0.0;missing=0.2': 1.0, 'noise=0.1;missing=0.0': 0.9821428571428571, 'noise=0.1;missing=0.2': 0.9544334975369458, 'noise=0.2;missing=0.0': 0.9305555555555556, 'noise=0.2;missing=0.2': 0.8928571428571427}",0.8809523809523809,0.023809523809523808,9,7,23,2.3043478260869565,0.38333333333333336,8,1.4722222222222223,2.693672839506173,0.5424528301886793,4.310572992699733,"{2: 18, 3: 3, 4: 2}",23,0.0,0.3806180275988549
0.9565430578361612,0.8511904761904762,0.9565430578361612,"{0.0: 1.0, 0.1: 0.9710249042145593, 0.2: 0.8986042692939245}","{'noise=0.0;missing=0.0': 1.0, 'noise=0.0;missing=0.2': 1.0, 'noise=0.1;missing=0.0': 0.990079365079365, 'noise=0.1;missing=0.2': 0.9519704433497537, 'noise=0.2;missing=0.0': 0.9166666666666667, 'noise=0.2;missing=0.2': 0.8805418719211822}",0.8928571428571429,0.011904761904761904,9,7,25,2.2,0.4166666666666667,9,1.5277777777777777,2.5825617283950617,0.4671717171717172,4.516834713131302,"{2: 22, 3: 1, 4: 2}",25,0.0,0.41154153806584365
0.9658479292099981,0.875,0.9658479292099981,"{0.0: 1.0, 0.1: 0.9728721948549534, 0.2: 0.9246715927750412}","{'noise=0.0;missing=0.0': 1.0, 'noise=0.0;missing=0.2': 1.0, 'noise=0.1;missing=0.0': 0.990079365079365, 'noise=0.1;missing=0.2': 0.9556650246305418, 'noise=0.2;missing=0.0': 0.9404761904761906, 'noise=0.2;missing=0.2': 0.9088669950738916}",0.9285714285714286,0.03571428571428571,9,7,28,2.3214285714285716,0.4666666666666667,5,1.8055555555555556,1.6566358024691359,0.38247863247863245,4.757155029066493,"{2: 22, 3: 3, 4: 3}",28,0.0,0.45973047104644327
0.9393700966976828,0.7916666666666666,0.9393700966976828,"{0.0: 1.0, 0.1: 0.9512862616310892, 0.2: 0.8668240284619595}","{'noise=0.0;missing=0.0': 1.0, 'noise=0.0;missing=0.2': 1.0, 'noise=0.1;missing=0.0': 0.9444444444444445, 'noise=0.1;missing=0.2': 0.958128078817734, 'noise=0.2;missing=0.0': 0.878968253968254, 'noise=0.2;missing=0.2': 0.8546798029556648}",0.8214285714285714,0.023809523809523808,9,7,26,2.423076923076923,0.43333333333333335,9,1.75,3.076388888888889,0.49779541446208114,4.468412462770368,"{2: 18, 3: 5, 4: 3}",26,0.0,0.4290063212250712
0.9411489691662105,0.7976190476190477,0.9411489691662105,"{0.0: 1.0, 0.1: 0.9519020251778872, 0.2: 0.8715448823207443}","{'noise=0.0;missing=0.0': 1.0, 'noise=0.0;missing=0.2': 1.0, 'noise=0.1;missing=0.0': 0.9444444444444445, 'noise=0.1;missing=0.2': 0.9593596059113301, 'noise=0.2;missing=0.0': 0.8908730158730159, 'noise=0.2;missing=0.2': 0.8522167487684726}",0.8214285714285714,0.023809523809523808,9,7,23,2.347826086956522,0.38333333333333336,8,1.5,2.361111111111111,0.49794238683127573,4.439710650151358,"{2: 17, 3: 4, 4: 2}",23,0.0,0.38086453301127215
0.9596446816274402,0.8571428571428571,0.9596446816274402,"{0.0: 1.0, 0.1: 0.980911330049261, 0.2: 0.8980227148330597}","{'noise=0.0;missing=0.0': 1.0, 'noise=0.0;missing=0.2': 1.0, 'noise=0.1;missing=0.0': 1.0, 'noise=0.1;missing=0.2': 0.9618226600985222, 'noise=0.2;missing=0.0': 0.9265873015873016, 'noise=0.2;missing=0.2': 0.8694581280788176}",0.9047619047619048,0.023809523809523808,9,7,26,2.423076923076923,0.43333333333333335,4,1.75,1.5763888888888888,0.4025573192239859,4.6750719867172545,"{2: 19, 3: 3, 4: 4}",26,0.0,0.42875632122507124
0.9563720124064952,0.8452380952380952,0.9563720124064952,"{0.0: 1.0, 0.1: 0.9644225506294472, 0.2: 0.9046934865900383}","{'noise=0.0;missing=0.0': 1.0, 'noise=0.0;missing=0.2': 1.0, 'noise=0.1;missing=0.0': 0.9682539682539683, 'noise=0.1;missing=0.2': 0.9605911330049262, 'noise=0.2;missing=0.0': 0.8968253968253969, 'noise=0.2;missing=0.2': 0.9125615763546796}",0.8928571428571429,0.023809523809523808,9,7,26,2.3076923076923075,0.43333333333333335,8,1.6666666666666667,2.9999999999999996,0.5148148148148148,4.389898095464287,"{2: 20, 3: 4, 4: 2}",26,0.0,0.4281923076923077
0.9441593687283343,0.8154761904761905,0.9441593687283343,"{0.0: 1.0, 0.1: 0.955254515599343, 0.2: 0.8772235905856596}","{'noise=0.0;missing=0.0': 1.0, 'noise=0.0;missing=0.2': 1.0, 'noise=0.1;missing=0.0': 0.9523809523809523, 'noise=0.1;missing=0.2': 0.9581280788177341, 'noise=0.2;missing=0.0': 0.8948412698412698, 'noise=0.2;missing=0.2': 0.8596059113300492}",0.8571428571428571,0.011904761904761904,9,7,30,2.4,0.5,9,2.0,3.111111111111111,0.4498456790123457,4.599665973303956,"{2: 22, 3: 4, 4: 4}",30,0.0,0.49218518518518517
0.9469303046889254,0.8095238095238095,0.9469303046889254,"{0.0: 1.0, 0.1: 0.9650725232621785, 0.2: 0.8757183908045977}","{'noise=0.0;missing=0.0': 1.0, 'noise=0.0;missing=0.2': 1.0, 'noise=0.1;missing=0.0': 0.9781746031746031, 'noise=0.1;missing=0.2': 0.9519704433497537, 'noise=0.2;missing=0.0': 0.886904761904762, 'noise=0.2;missing=0.2': 0.8645320197044334}",0.8333333333333334,0.047619047619047616,9,7,25,2.44,0.4166666666666667,7,1.6944444444444444,2.1566358024691348,0.4494535519125683,4.603922633144073,"{2: 18, 3: 3, 4: 4}",25,0.0,0.41313721707818934
0.9488346104725414,0.8273809523809523,0.9488346104725414,"{0.0: 1.0, 0.1: 0.955254515599343, 0.2: 0.8912493158182813}","{'noise=0.0;missing=0.0': 1.0, 'noise=0.0;missing=0.2': 1.0, 'noise=0.1;missing=0.0': 0.9523809523809523, 'noise=0.1;missing=0.2': 0.9581280788177341, 'noise=0.2;missing=0.0': 0.8908730158730159, 'noise=0.2;missing=0.2': 0.8916256157635466}",0.8571428571428571,0.023809523809523808,9,7,29,2.3448275862068964,0.48333333333333334,9,1.8888888888888888,2.9876543209876547,0.4526143790849673,4.601306223221493,"{2: 22, 3: 4, 4: 3}",29,0.0,0.47594813395771246
0.9599981755154168,0.8511904761904762,0.9599981755154168,"{0.0: 1.0, 0.1: 0.9682881773399015, 0.2: 0.9117063492063492}","{'noise=0.0;missing=0.0': 1.0, 'noise=0.0;missing=0.2': 1.0, 'noise=0.1;missing=0.0': 0.9821428571428571, 'noise=0.1;missing=0.2': 0.9544334975369458, 'noise=0.2;missing=0.0': 0.9305555555555556, 'noise=0.2;missing=0.2': 0.8928571428571427}",0.8809523809523809,0.023809523809523808,9,7,24,2.2083333333333335,0.4,8,1.4722222222222223,2.6381172839506175,0.5382599580712788,4.343315209558404,"{2: 20, 3: 3, 4: 1}",24,0.0,0.3957753343621399
0.9650383141762452,0.8690476190476191,0.9650383141762452,"{0.0: 1.0, 0.1: 0.977832512315271, 0.2: 0.9172824302134648}","{'noise=0.0;missing=0.0': 1.0, 'noise=0.0;missing=0.2': 1.0, 'noise=0.1;missing=0.0': 1.0, 'noise=0.1;missing=0.2': 0.9556650246305418, 'noise=0.2;missing=0.0': 0.9404761904761905, 'noise=0.2;missing=0.2': 0.8940886699507388}",0.8928571428571429,0.05952380952380952,9,7,29,2.413793103448276,0.48333333333333334,5,1.9444444444444444,2.1080246913580245,0.41349206349206347,4.699095389252756,"{2: 21, 3: 4, 4: 4}",29,0.0,0.47628045622250603
0.9368500273672689,0.7857142857142857,0.9368500273672689,"{0.0: 1.0, 0.1: 0.9429734537493157, 0.2: 0.8675766283524905}","{'noise=0.0;missing=0.0': 1.0, 'noise=0.0;missing=0.2': 1.0, 'noise=0.1;missing=0.0': 0.9265873015873016, 'noise=0.1;missing=0.2': 0.9593596059113301, 'noise=0.2;missing=0.0': 0.8829365079365079, 'noise=0.2;missing=0.2': 0.8522167487684726}",0.7976190476190477,0.03571428571428571,9,7,22,2.409090909090909,0.36666666666666664,7,1.4722222222222223,2.193672839506173,0.5110062893081762,4.432240559033819,"{2: 16, 3: 3, 4: 3}",22,0.0,0.365428743453049
0.9551062762269658,0.8452380952380952,0.9551062762269658,"{0.0: 1.0, 0.1: 0.9710249042145593, 0.2: 0.8942939244663383}","{'noise=0.0;missing=0.0': 1.0, 'noise=0.0;missing=0.2': 1.0, 'noise=0.1;missing=0.0': 0.990079365079365, 'noise=0.1;missing=0.2': 0.9519704433497537, 'noise=0.2;missing=0.0': 0.9166666666666667, 'noise=0.2;missing=0.2': 0.8719211822660097}",0.8928571428571429,0.011904761904761904,9,7,22,2.227272727272727,0.36666666666666664,9,1.3611111111111112,3.0084876543209877,0.5969387755102041,4.139122853833613,"{2: 18, 3: 3, 4: 1}",22,0.0,0.36430191965955855
0.9543536763364349,0.8392857142857143,0.9543536763364349,"{0.0: 1.0, 0.1: 0.964867268746579, 0.2: 0.8981937602627258}","{'noise=0.0;missing=0.0': 1.0, 'noise=0.0;missing=0.2': 1.0, 'noise=0.1;missing=0.0': 0.990079365079365, 'noise=0.1;missing=0.2': 0.9396551724137933, 'noise=0.2;missing=0.0': 0.9047619047619048, 'noise=0.2;missing=0.2': 0.8916256157635466}",0.8690476190476191,0.03571428571428571,9,7,29,2.413793103448276,0.48333333333333334,6,1.9444444444444444,2.0524691358024687,0.40476190476190477,4.667800695176421,"{2: 21, 3: 4, 4: 4}",29,0.0,0.47627119696324677
0.9572614486407589,0.8511904761904762,0.9572614486407589,"{0.0: 1.0, 0.1: 0.980911330049261, 0.2: 0.8908730158730158}","{'noise=0.0;missing=0.0': 1.0, 'noise=0.0;missing=0.2': 1.0, 'noise=0.1;missing=0.0': 1.0, 'noise=0.1;missing=0.2': 0.9618226600985222, 'noise=0.2;missing=0.0': 0.9246031746031746, 'noise=0.2;missing=0.2': 0.857142857142857}",0.9047619047619048,0.023809523809523808,9,7,25,2.44,0.4166666666666667,4,1.6944444444444444,1.6010802469135799,0.41939890710382516,4.651407829082431,"{2: 18, 3: 3, 4: 4}",25,0.0,0.41304462448559676
0.9517993979200876,0.8392857142857143,0.9517993979200876,"{0.0: 1.0, 0.1: 0.9652093596059113, 0.2: 0.8901888341543513}","{'noise=0.0;missing=0.0': 1.0, 'noise=0.0;missing=0.2': 1.0, 'noise=0.1;missing=0.0': 0.9464285714285714, 'noise=0.1;missing=0.2': 0.9839901477832512, 'noise=0.2;missing=0.0': 0.9047619047619048, 'noise=0.2;missing=0.2': 0.8756157635467979}",0.8571428571428571,0.011904761904761904,9,7,24,2.25,0.4,8,1.5,2.3055555555555554,0.4886831275720165,4.471846529660796,"{2: 19, 3: 4, 4: 1}",24,0.0,0.3960092592592593
0.9606253420908593,0.8571428571428571,0.9606253420908593,"{0.0: 1.0, 0.1: 0.9636015325670498, 0.2: 0.9182744937055282}","{'noise=0.0;missing=0.0': 1.0, 'noise=0.0;missing=0.2': 1.0, 'noise=0.1;missing=0.0': 0.9801587301587301, 'noise=0.1;missing=0.2': 0.9470443349753694, 'noise=0.2;missing=0.0': 0.9424603174603174, 'noise=0.2;missing=0.2': 0.8940886699507388}",0.8928571428571429,0.023809523809523808,9,7,24,2.25,0.4,9,1.5,3.0833333333333335,0.558641975308642,4.272681946287399,"{2: 20, 3: 2, 4: 2}",24,0.0,0.3961388888888889
0.949940704251049,0.8333333333333334,0.949940704251049,"{0.0: 1.0, 0.1: 0.9592227695675971, 0.2: 0.89059934318555}","{'noise=0.0;missing=0.0': 1.0, 'noise=0.0;missing=0.2': 1.0, 'noise=0.1;missing=0.0': 0.9603174603174602, 'noise=0.1;missing=0.2': 0.9581280788177341, 'noise=0.2;missing=0.0': 0.8809523809523812, 'noise=0.2;missing=0.2': 0.9002463054187191}",0.8809523809523809,0.023809523809523808,9,7,26,2.423076923076923,0.43333333333333335,9,1.75,3.1875,0.5048500881834215,4.411116582223751,"{2: 18, 3: 5, 4: 3}",26,0.0,0.42902483974358974
0.953521255245393,0.8392857142857143,0.953521255245393,"{0.0: 1.0, 0.1: 0.970648604269294, 0.2: 0.8899151614668857}","{'noise=0.0;missing=0.0': 1.0, 'noise=0.0;missing=0.2': 1.0, 'noise=0.1;missing=0.0': 0.988095238095238, 'noise=0.1;missing=0.2': 0.9532019704433499, 'noise=0.2;missing=0.0': 0.896825396825397, 'noise=0.2;missing=0.2': 0.8830049261083743}",0.8571428571428571,0.05952380952380952,9,7,29,2.4482758620689653,0.48333333333333334,5,1.9722222222222223,2.5825617283950617,0.44014084507042256,4.6454782480349985,"{2: 20, 3: 5, 4: 4}",29,0.0,0.47659900933021143
0.9402139208173691,0.8035714285714286,0.9402139208173691,"{0.0: 1.0, 0.1: 0.9436234263820472, 0.2: 0.8770183360700603}","{'noise=0.0;missing=0.0': 1.0, 'noise=0.0;missing=0.2': 1.0, 'noise=0.1;missing=0.0': 0.9365079365079365, 'noise=0.1;missing=0.2': 0.9507389162561577, 'noise=0.2;missing=0.0': 0.9067460317460319, 'noise=0.2;missing=0.2': 0.8472906403940886}",0.8214285714285714,0.023809523809523808,9,7,22,2.227272727272727,0.36666666666666664,7,1.3611111111111112,2.064043209876543,0.5164399092970522,4.401935926457646,"{2: 18, 3: 3, 4: 1}",22,0.0,0.3641445122521511
0.9541826309067689,0.8511904761904762,0.9541826309067689,"{0.0: 1.0, 0.1: 0.9722564313081554, 0.2: 0.890291461412151}","{'noise=0.0;missing=0.0': 1.0, 'noise=0.0;missing=0.2': 1.0, 'noise=0.1;missing=0.0': 0.990079365079365, 'noise=0.1;missing=0.2': 0.9544334975369458, 'noise=0.2;missing=0.0': 0.898809523809524, 'noise=0.2;missing=0.2': 0.8817733990147782}",0.9047619047619048,0.011904761904761904,9,7,26,2.1923076923076925,0.43333333333333335,9,1.5833333333333333,2.520833333333333,0.4439571150097466,4.577646592732553,"{2: 23, 3: 1, 4: 2}",26,0.0,0.4273111645299145
0.9560185185185184,0.8511904761904762,0.9560185185185184,"{0.0: 1.0, 0.1: 0.9759510125889436, 0.2: 0.892104542966612}","{'noise=0.0;missing=0.0': 1.0, 'noise=0.0;missing=0.2': 1.0, 'noise=0.1;missing=0.0': 0.990079365079365, 'noise=0.1;missing=0.2': 0.9618226600985222, 'noise=0.2;missing=0.0': 0.9246031746031746, 'noise=0.2;missing=0.2': 0.8596059113300492}",0.9047619047619048,0.023809523809523808,9,7,26,2.423076923076923,0.43333333333333335,4,1.75,1.6319444444444444,0.4096119929453263,4.6870543280214365,"{2: 19, 3: 3, 4: 4}",26,0.0,0.4287655804843305
0.9637041598248495,0.8690476190476191,0.9637041598248495,"{0.0: 1.0, 0.1: 0.983955938697318, 0.2: 0.9071565407772304}","{'noise=0.0;missing=0.0': 1.0, 'noise=0.0;missing=0.2': 1.0, 'noise=0.1;missing=0.0': 0.990079365079365, 'noise=0.1;missing=0.2': 0.977832512315271, 'noise=0.2;missing=0.0': 0.8968253968253969, 'noise=0.2;missing=0.2': 0.917487684729064}",0.9047619047619048,0.03571428571428571,9,7,27,2.4074074074074074,0.45,8,1.8055555555555556,2.434413580246914,0.4337606837606838,4.62206704366455,"{2: 19, 3: 5, 4: 3}",27,0.0,0.4446238425925926
0.9561325488049628,0.8511904761904762,0.9561325488049628,"{0.0: 1.0, 0.1: 0.9661672140120415, 0.2: 0.9022304324028462}","{'noise=0.0;missing=0.0': 1.0, 'noise=0.0;missing=0.2': 1.0, 'noise=0.1;missing=0.0': 0.9742063492063492, 'noise=0.1;missing=0.2': 0.9581280788177341, 'noise=0.2;missing=0.0': 0.896825396825397, 'noise=0.2;missing=0.2': 0.9076354679802955}",0.9285714285714286,0.023809523809523808,9,7,27,2.259259259259259,0.45,9,1.6944444444444444,2.9899691358024696,0.49043715846994534,4.487473402852922,"{2: 22, 3: 3, 4: 2}",27,0.0,0.443687628600823
0.958435960591133,0.8511904761904762,0.958435960591133,"{0.0: 1.0, 0.1: 0.9636015325670498, 0.2: 0.9117063492063491}","{'noise=0.0;missing=0.0': 1.0, 'noise=0.0;missing=0.2': 1.0, 'noise=0.1;missing=0.0': 0.9801587301587301, 'noise=0.1;missing=0.2': 0.9470443349753694, 'noise=0.2;missing=0.0': 0.9305555555555556, 'noise=0.2;missing=0.2': 0.8928571428571427}",0.8928571428571429,0.011904761904761904,9,7,25,2.24,0.4166666666666667,10,1.5555555555555556,3.5246913580246915,0.5515873015873016,4.287826637596875,"{2: 21, 3: 2, 4: 2}",25,0.0,0.4119763374485597
0.959804324028462,0.8571428571428571,0.959804324028462,"{0.0: 1.0, 0.1: 0.9704091406677613, 0.2: 0.9090038314176245}","{'noise=0.0;missing=0.0': 1.0, 'noise=0.0;missing=0.2': 1.0, 'noise=0.1;missing=0.0': 0.990079365079365, 'noise=0.1;missing=0.2': 0.9507389162561576, 'noise=0.2;missing=0.0': 0.9325396825396826, 'noise=0.2;missing=0.2': 0.8854679802955664}",0.8809523809523809,0.023809523809523808,9,7,22,2.227272727272727,0.36666666666666664,8,1.3611111111111112,2.6751543209876543,0.5890022675736961,4.175335864258456,"{2: 18, 3: 3, 4: 1}",22,0.0,0.36424636410400296
0.9631454114212735,0.8571428571428571,0.9631454114212735,"{0.0: 1.0, 0.1: 0.9777983032293377, 0.2: 0.9116379310344828}","{'noise=0.0;missing=0.0': 1.0, 'noise=0.0;missing=0.2': 1.0, 'noise=0.1;missing=0.0': 0.990079365079365, 'noise=0.1;missing=0.2': 0.9655172413793104, 'noise=0.2;missing=0.0': 0.9107142857142857, 'noise=0.2;missing=0.2': 0.9125615763546797}",0.8809523809523809,0.05952380952380952,9,7,27,2.3703703703703702,0.45,5,1.7777777777777777,1.9506172839506166,0.4227430555555556,4.678072516654254,"{2: 20, 3: 4, 4: 3}",27,0.0,0.44428600823045267
0.958150884875023,0.8452380952380952,0.958150884875023,"{0.0: 1.0, 0.1: 0.9673303229337711, 0.2: 0.9071223316912972}","{'noise=0.0;missing=0.0': 1.0, 'noise=0.0;missing=0.2': 1.0, 'noise=0.1;missing=0.0': 0.990079365079365, 'noise=0.1;missing=0.2': 0.9445812807881774, 'noise=0.2;missing=0.0': 0.9226190476190477, 'noise=0.2;missing=0.2': 0.8916256157635466}",0.8928571428571429,0.011904761904761904,9,7,25,2.28,0.4166666666666667,10,1.5833333333333333,3.465277777777777,0.5404483430799221,4.313532839881798,"{2: 20, 3: 3, 4: 2}",25,0.0,0.412244212962963
0.9541826309067689,0.8511904761904762,0.9541826309067689,"{0.0: 1.0, 0.1: 0.9722564313081554, 0.2: 0.890291461412151}","{'noise=0.0;missing=0.0': 1.0, 'noise=0.0;missing=0.2': 1.0, 'noise=0.1;missing=0.0': 0.990079365079365, 'noise=0.1;missing=0.2': 0.9544334975369458, 'noise=0.2;missing=0.0': 0.898809523809524, 'noise=0.2;missing=0.2': 0.8817733990147782}",0.9047619047619048,0.011904761904761904,9,7,25,2.12,0.4166666666666667,9,1.4722222222222223,2.5270061728395063,0.47851153039832284,4.476906067321725,"{2: 23, 3: 1, 4: 1}",25,0.0,0.41097672325102885
0.9509897828863346,0.8273809523809523,0.9509897828863346,"{0.0: 1.0, 0.1: 0.9539545703338808, 0.2: 0.8990147783251231}","{'noise=0.0;missing=0.0': 1.0, 'noise=0.0;missing=0.2': 1.0, 'noise=0.1;missing=0.0': 0.9682539682539683, 'noise=0.1;missing=0.2': 0.939655172413793, 'noise=0.2;missing=0.0': 0.8928571428571429, 'noise=0.2;missing=0.2': 0.9051724137931033}",0.8928571428571429,0.03571428571428571,9,7,26,2.3846153846153846,0.43333333333333335,9,1.7222222222222223,3.0895061728395063,0.5,4.459546463606255,"{2: 19, 3: 4, 4: 3}",26,0.0,0.428741413421969
0.9589034847655539,0.8511904761904762,0.9589034847655539,"{0.0: 1.0, 0.1: 0.9693828680897647, 0.2: 0.9073275862068966}","{'noise=0.0;missing=0.0': 1.0, 'noise=0.0;missing=0.2': 1.0, 'noise=0.1;missing=0.0': 0.978174603174603, 'noise=0.1;missing=0.2': 0.9605911330049262, 'noise=0.2;missing=0.0': 0.9107142857142857, 'noise=0.2;missing=0.2': 0.9039408866995072}",0.8690476190476191,0.03571428571428571,9,7,26,2.3846153846153846,0.43333333333333335,8,1.7222222222222223,3.089506172839507,0.517921146953405,4.397271713403313,"{2: 18, 3: 6, 4: 2}",26,0.0,0.428741413421969
0.9458014048531289,0.8095238095238095,0.9458014048531289,"{0.0: 1.0, 0.1: 0.9527572523262179, 0.2: 0.8846469622331691}","{'noise=0.0;missing=0.0': 1.0, 'noise=0.0;missing=0.2': 1.0, 'noise=0.1;missing=0.0': 0.9424603174603174, 'noise=0.1;missing=0.2': 0.9630541871921182, 'noise=0.2;missing=0.0': 0.9047619047619048, 'noise=0.2;missing=0.2': 0.8645320197044334}",0.7976190476190477,0.023809523809523808,9,7,25,2.36,0.4166666666666667,9,1.6388888888888888,2.952932098765432,0.5089453860640302,4.419867413365262,"{2: 18, 3: 5, 4: 2}",25,0.0,0.4127143775720165
0.9627805145046524,0.8690476190476191,0.9627805145046524,"{0.0: 1.0, 0.1: 0.9630199781061849, 0.2: 0.9253215654077723}","{'noise=0.0;missing=0.0': 1.0, 'noise=0.0;missing=0.2': 1.0, 'noise=0.1;missing=0.0': 0.990079365079365, 'noise=0.1;missing=0.2': 0.9359605911330048, 'noise=0.2;missing=0.0': 0.9503968253968254, 'noise=0.2;missing=0.2': 0.9002463054187191}",0.9047619047619048,0.047619047619047616,9,7,28,2.357142857142857,0.4666666666666667,7,1.8333333333333333,2.5833333333333335,0.4696969696969697,4.5627206353914715,"{2: 21, 3: 4, 4: 3}",28,0.0,0.4601329365079365
0.9551062762269658,0.8452380952380952,0.9551062762269658,"{0.0: 1.0, 0.1: 0.9710249042145593, 0.2: 0.8942939244663383}","{'noise=0.0;missing=0.0': 1.0, 'noise=0.0;missing=0.2': 1.0, 'noise=0.1;missing=0.0': 0.990079365079365, 'noise=0.1;missing=0.2': 0.9519704433497537, 'noise=0.2;missing=0.0': 0.9166666666666667, 'noise=0.2;missing=0.2': 0.8719211822660097}",0.8928571428571429,0.011904761904761904,9,7,23,2.217391304347826,0.38333333333333336,9,1.4166666666666667,3.076388888888889,0.585511982570806,4.191074851351208,"{2: 19, 3: 3, 4: 1}",23,0.0,0.3800779488727858
0.9554255610290093,0.8452380952380952,0.9554255610290093,"{0.0: 1.0, 0.1: 0.9671250684181718, 0.2: 0.8991516146688561}","{'noise=0.0;missing=0.0': 1.0, 'noise=0.0;missing=0.2': 1.0, 'noise=0.1;missing=0.0': 0.9662698412698413, 'noise=0.1;missing=0.2': 0.9679802955665026, 'noise=0.2;missing=0.0': 0.896825396825397, 'noise=0.2;missing=0.2': 0.9014778325123152}",0.8690476190476191,0.03571428571428571,9,7,24,2.2916666666666665,0.4,7,1.5277777777777777,2.471450617283951,0.5308080808080808,4.358074714661134,"{2: 18, 3: 5, 4: 1}",24,0.0,0.39632626028806583
0.957934227330779,0.8511904761904762,0.957934227330779,"{0.0: 1.0, 0.1: 0.9654488232074439, 0.2: 0.9083538587848933}","{'noise=0.0;missing=0.0': 1.0, 'noise=0.0;missing=0.2': 1.0, 'noise=0.1;missing=0.0': 0.9801587301587301, 'noise=0.1;missing=0.2': 0.9507389162561576, 'noise=0.2;missing=0.0': 0.9226190476190477, 'noise=0.2;missing=0.2': 0.8940886699507388}",0.8928571428571429,0.023809523809523808,9,7,23,2.217391304347826,0.38333333333333336,8,1.4166666666666667,2.520833333333333,0.5484749455337691,4.27988514572338,"{2: 19, 3: 3, 4: 1}",23,0.0,0.3799853562801932
0.9599981755154168,0.8511904761904762,0.9599981755154168,"{0.0: 1.0, 0.1: 0.9682881773399015, 0.2: 0.9117063492063492}","{'noise=0.0;missing=0.0': 1.0, 'noise=0.0;missing=0.2': 1.0, 'noise=0.1;missing=0.0': 0.9821428571428571, 'noise=0.1;missing=0.2': 0.9544334975369458, 'noise=0.2;missing=0.0': 0.9305555555555556, 'noise=0.2;missing=0.2': 0.8928571428571427}",0.8809523809523809,0.023809523809523808,9,7,24,2.2083333333333335,0.4,8,1.4722222222222223,2.5825617283950617,0.5256813417190775,4.381051058615007,"{2: 20, 3: 3, 4: 1}",24,0.0,0.39576607510288064
0.9618226600985222,0.8571428571428571,0.9618226600985222,"{0.0: 1.0, 0.1: 0.977832512315271, 0.2: 0.9076354679802956}","{'noise=0.0;missing=0.0': 1.0, 'noise=0.0;missing=0.2': 1.0, 'noise=0.1;missing=0.0': 1.0, 'noise=0.1;missing=0.2': 0.9556650246305418, 'noise=0.2;missing=0.0': 0.9285714285714286, 'noise=0.2;missing=0.2': 0.8866995073891625}",0.8690476190476191,0.047619047619047616,9,7,28,2.3214285714285716,0.4666666666666667,7,1.8055555555555556,2.3233024691358026,0.4286324786324786,4.651053537493574,"{2: 22, 3: 3, 4: 3}",28,0.0,0.4598415821575544
0.9550036489691661,0.8511904761904762,0.9550036489691661,"{0.0: 1.0, 0.1: 0.9771825396825397, 0.2: 0.887828407224959}","{'noise=0.0;missing=0.0': 1.0, 'noise=0.0;missing=0.2': 1.0, 'noise=0.1;missing=0.0': 0.990079365079365, 'noise=0.1;missing=0.2': 0.9642857142857143, 'noise=0.2;missing=0.0': 0.8988095238095238, 'noise=0.2;missing=0.2': 0.8768472906403939}",0.9285714285714286,0.011904761904761904,9,7,27,2.185185185185185,0.45,9,1.6388888888888888,2.952932098765432,0.5089453860640302,4.419867413365263,"{2: 23, 3: 3, 4: 1}",27,0.0,0.4431670524691358
0.9519362342638205,0.8273809523809523,0.9519362342638205,"{0.0: 1.0, 0.1: 0.9650725232621785, 0.2: 0.8907361795292831}","{'noise=0.0;missing=0.0': 1.0, 'noise=0.0;missing=0.2': 1.0, 'noise=0.1;missing=0.0': 0.9781746031746031, 'noise=0.1;missing=0.2': 0.9519704433497537, 'noise=0.2;missing=0.0': 0.9206349206349208, 'noise=0.2;missing=0.2': 0.8608374384236452}",0.8452380952380952,0.03571428571428571,9,7,23,2.260869565217391,0.38333333333333336,5,1.4444444444444444,2.024691358024691,0.5299145299145299,4.349692968957871,"{2: 18, 3: 4, 4: 1}",23,0.0,0.38020459831812486
0.9483214741835431,0.8333333333333334,0.9483214741835431,"{0.0: 1.0, 0.1: 0.9583675424192666, 0.2: 0.8865968801313627}","{'noise=0.0;missing=0.0': 1.0, 'noise=0.0;missing=0.2': 1.0, 'noise=0.1;missing=0.0': 0.9623015873015873, 'noise=0.1;missing=0.2': 0.9544334975369458, 'noise=0.2;missing=0.0': 0.898809523809524, 'noise=0.2;missing=0.2': 0.8743842364532018}",0.9047619047619048,0.023809523809523808,9,7,21,2.2857142857142856,0.35,7,1.3333333333333333,2.277777777777778,0.5682870370370371,4.2533761057025385,"{2: 17, 3: 2, 4: 2}",21,0.0,0.34875264550264545
0.9538975551906584,0.8392857142857143,0.9538975551906584,"{0.0: 1.0, 0.1: 0.9710249042145593, 0.2: 0.8906677613574165}","{'noise=0.0;missing=0.0': 1.0, 'noise=0.0;missing=0.2': 1.0, 'noise=0.1;missing=0.0': 0.990079365079365, 'noise=0.1;missing=0.2': 0.9519704433497537, 'noise=0.2;missing=0.0': 0.9007936507936509, 'noise=0.2;missing=0.2': 0.8805418719211822}",0.8690476190476191,0.03571428571428571,9,7,24,2.2083333333333335,0.4,10,1.4722222222222223,3.527006172839507,0.589622641509434,4.147758077924436,"{2: 20, 3: 3, 4: 1}",24,0.0,0.3959234825102881
0.9461891078270389,0.8214285714285714,0.9461891078270389,"{0.0: 1.0, 0.1: 0.9615489874110564, 0.2: 0.8770183360700603}","{'noise=0.0;missing=0.0': 1.0, 'noise=0.0;missing=0.2': 1.0, 'noise=0.1;missing=0.0': 0.9563492063492064, 'noise=0.1;missing=0.2': 0.9667487684729065, 'noise=0.2;missing=0.0': 0.9067460317460319, 'noise=0.2;missing=0.2': 0.8472906403940886}",0.8452380952380952,0.023809523809523808,9,7,21,2.4285714285714284,0.35,6,1.4166666666666667,1.8541666666666663,0.49945533769063183,4.461161861367233,"{2: 15, 3: 3, 4: 3}",21,0.0,0.3496741071428571
0.9537379127896367,0.8452380952380952,0.9537379127896367,"{0.0: 1.0, 0.1: 0.9682881773399015, 0.2: 0.8929255610290093}","{'noise=0.0;missing=0.0': 1.0, 'noise=0.0;missing=0.2': 1.0, 'noise=0.1;missing=0.0': 0.9821428571428571, 'noise=0.1;missing=0.2': 0.9544334975369458, 'noise=0.2;missing=0.0': 0.9126984126984128, 'noise=0.2;missing=0.2': 0.8731527093596058}",0.8690476190476191,0.011904761904761904,9,7,24,2.125,0.4,9,1.4166666666666667,2.798611111111111,0.5212418300653595,4.3627393121779425,"{2: 22, 3: 1, 4: 1}",24,0.0,0.3952233796296296
0.9573640758985588,0.8571428571428571,0.9573640758985588,"{0.0: 1.0, 0.1: 0.9661672140120415, 0.2: 0.9059250136836344}","{'noise=0.0;missing=0.0': 1.0, 'noise=0.0;missing=0.2': 1.0, 'noise=0.1;missing=0.0': 0.9742063492063492, 'noise=0.1;missing=0.2': 0.9581280788177341, 'noise=0.2;missing=0.0': 0.896825396825397, 'noise=0.2;missing=0.2': 0.9150246305418718}",0.9285714285714286,0.023809523809523808,9,7,25,2.24,0.4166666666666667,9,1.5555555555555556,3.2469135802469142,0.5625,4.273187011374837,"{2: 20, 3: 4, 4: 1}",25,0.0,0.4119300411522634
0.9649812990330231,0.8690476190476191,0.9649812990330231,"{0.0: 1.0, 0.1: 0.977832512315271, 0.2: 0.9171113847837987}","{'noise=0.0;missing=0.0': 1.0, 'noise=0.0;missing=0.2': 1.0, 'noise=0.1;missing=0.0': 1.0, 'noise=0.1;missing=0.2': 0.9556650246305418, 'noise=0.2;missing=0.0': 0.9265873015873016, 'noise=0.2;missing=0.2': 0.9076354679802955}",0.9047619047619048,0.03571428571428571,9,7,25,2.48,0.4166666666666667,4,1.7222222222222223,1.5895061728395063,0.40770609318996415,4.667511834405951,"{2: 17, 3: 4, 4: 4}",25,0.0,0.4133204732510289
0.9631454114212735,0.8571428571428571,0.9631454114212735,"{0.0: 1.0, 0.1: 0.9777983032293377, 0.2: 0.9116379310344828}","{'noise=0.0;missing=0.0': 1.0, 'noise=0.0;missing=0.2': 1.0, 'noise=0.1;missing=0.0': 0.990079365079365, 'noise=0.1;missing=0.2': 0.9655172413793104, 'noise=0.2;missing=0.0': 0.9107142857142857, 'noise=0.2;missing=0.2': 0.9125615763546797}",0.8809523809523809,0.05952380952380952,9,7,26,2.423076923076923,0.43333333333333335,5,1.75,1.8541666666666667,0.42548500881834217,4.659919313028632,"{2: 18, 3: 5, 4: 3}",26,0.0,0.42880261752136756
0.9442848020434228,0.8035714285714286,0.9442848020434228,"{0.0: 1.0, 0.1: 0.9575465243568692, 0.2: 0.8753078817733989}","{'noise=0.0;missing=0.0': 1.0, 'noise=0.0;missing=0.2': 1.0, 'noise=0.1;missing=0.0': 0.9384920634920635, 'noise=0.1;missing=0.2': 0.9766009852216749, 'noise=0.2;missing=0.0': 0.9107142857142858, 'noise=0.2;missing=0.2': 0.8399014778325122}",0.8333333333333334,0.03571428571428571,9,7,20,2.45,0.3333333333333333,6,1.3611111111111112,1.841820987654321,0.5085034013605442,4.435639690833222,"{2: 14, 3: 3, 4: 3}",20,0.0,0.3339875257201646
0.9658479292099981,0.875,0.9658479292099981,"{0.0: 1.0, 0.1: 0.9728721948549534, 0.2: 0.9246715927750412}","{'noise=0.0;missing=0.0': 1.0, 'noise=0.0;missing=0.2': 1.0, 'noise=0.1;missing=0.0': 0.990079365079365, 'noise=0.1;missing=0.2': 0.9556650246305418, 'noise=0.2;missing=0.0': 0.9404761904761906, 'noise=0.2;missing=0.2': 0.9088669950738916}",0.9285714285714286,0.03571428571428571,9,7,28,2.4285714285714284,0.4666666666666667,5,1.8888888888888888,1.8209876543209882,0.3946078431372549,4.727117349132429,"{2: 20, 3: 4, 4: 4}",28,0.0,0.46050191064079954
0.9614577631819012,0.8630952380952381,0.9614577631819012,"{0.0: 1.0, 0.1: 0.9703749315818282, 0.2: 0.9139983579638752}","{'noise=0.0;missing=0.0': 1.0, 'noise=0.0;missing=0.2': 1.0, 'noise=0.1;missing=0.0': 0.9801587301587301, 'noise=0.1;missing=0.2': 0.9605911330049262, 'noise=0.2;missing=0.0': 0.9166666666666667, 'noise=0.2;missing=0.2': 0.9113300492610836}",0.9047619047619048,0.023809523809523808,9,7,28,2.3214285714285716,0.4666666666666667,8,1.8055555555555556,2.878858024691358,0.46452991452991454,4.576611375320192,"{2: 22, 3: 3, 4: 3}",28,0.0,0.459934174750147
0.9616630176975004,0.8571428571428571,0.9616630176975004,"{0.0: 1.0, 0.1: 0.9673303229337711, 0.2: 0.9176587301587301}","{'noise=0.0;missing=0.0': 1.0, 'noise=0.0;missing=0.2': 1.0, 'noise=0.1;missing=0.0': 0.990079365079365, 'noise=0.1;missing=0.2': 0.9445812807881774, 'noise=0.2;missing=0.0': 0.9424603174603174, 'noise=0.2;missing=0.2': 0.8928571428571427}",0.8928571428571429,0.023809523809523808,9,7,26,2.1538461538461537,0.43333333333333335,11,1.5555555555555556,3.9691358024691348,0.5634920634920635,4.243720586176583,"{2: 23, 3: 2, 4: 1}",26,0.0,0.4272854542576765
0.934865900383142,0.7797619047619048,0.934865900383142,"{0.0: 1.0, 0.1: 0.9370210727969349, 0.2: 0.8675766283524905}","{'noise=0.0;missing=0.0': 1.0, 'noise=0.0;missing=0.2': 1.0, 'noise=0.1;missing=0.0': 0.9146825396825397, 'noise=0.1;missing=0.2': 0.9593596059113301, 'noise=0.2;missing=0.0': 0.8829365079365079, 'noise=0.2;missing=0.2': 0.8522167487684726}",0.7857142857142857,0.03571428571428571,9,7,23,2.217391304347826,0.38333333333333336,8,1.4166666666666667,2.4652777777777772,0.5266884531590414,4.367928773089519,"{2: 19, 3: 3, 4: 1}",23,0.0,0.379976097020934
0.9566684911512497,0.8511904761904762,0.9566684911512497,"{0.0: 1.0, 0.1: 0.9808771209633278, 0.2: 0.8891283524904214}","{'noise=0.0;missing=0.0': 1.0, 'noise=0.0;missing=0.2': 1.0, 'noise=0.1;missing=0.0': 0.990079365079365, 'noise=0.1;missing=0.2': 0.9716748768472907, 'noise=0.2;missing=0.0': 0.9186507936507936, 'noise=0.2;missing=0.2': 0.859605911330049}",0.8928571428571429,0.023809523809523808,9,7,22,2.1818181818181817,0.36666666666666664,4,1.3333333333333333,1.3333333333333335,0.46412037037037035,4.547995052579129,"{2: 19, 3: 2, 4: 1}",22,0.0,0.3637070707070707
0.957181627440248,0.8571428571428571,0.957181627440248,"{0.0: 1.0, 0.1: 0.9665093048713739, 0.2: 0.9050355774493707}","{'noise=0.0;missing=0.0': 1.0, 'noise=0.0;missing=0.2': 1.0, 'noise=0.1;missing=0.0': 0.9662698412698413, 'noise=0.1;missing=0.2': 0.9667487684729065, 'noise=0.2;missing=0.0': 0.9246031746031746, 'noise=0.2;missing=0.2': 0.8854679802955664}",0.8809523809523809,0.011904761904761904,9,7,24,2.2916666666666665,0.4,9,1.5277777777777777,3.0825617283950617,0.55,4.3123781222615465,"{2: 19, 3: 3, 4: 2}",24,0.0,0.3964281121399177
0.9610472541507024,0.8630952380952381,0.9610472541507024,"{0.0: 1.0, 0.1: 0.959496442255063, 0.2: 0.9236453201970444}","{'noise=0.0;missing=0.0': 1.0, 'noise=0.0;missing=0.2': 1.0, 'noise=0.1;missing=0.0': 0.9682539682539683, 'noise=0.1;missing=0.2': 0.9507389162561576, 'noise=0.2;missing=0.0': 0.9285714285714286, 'noise=0.2;missing=0.2': 0.91871921182266}",0.8928571428571429,0.023809523809523808,9,7,29,2.413793103448276,0.48333333333333334,10,1.9444444444444444,3.830246913580247,0.4936507936507937,4.4906655254558565,"{2: 21, 3: 4, 4: 4}",29,0.0,0.47656749325954306
0.9446953110746215,0.8154761904761905,0.9446953110746215,"{0.0: 1.0, 0.1: 0.9665093048713739, 0.2: 0.8675766283524905}","{'noise=0.0;missing=0.0': 1.0, 'noise=0.0;missing=0.2': 1.0, 'noise=0.1;missing=0.0': 0.9662698412698413, 'noise=0.1;missing=0.2': 0.9667487684729065, 'noise=0.2;missing=0.0': 0.882936507936508, 'noise=0.2;missing=0.2': 0.8522167487684728}",0.8452380952380952,0.023809523809523808,9,7,21,2.5714285714285716,0.35,6,1.5,1.6944444444444444,0.44238683127572015,4.610916437148332,"{2: 14, 3: 2, 4: 5}",21,0.0,0.35063955026455024
0.9549580368545886,0.8333333333333334,0.9549580368545886,"{0.0: 1.0, 0.1: 0.9572044334975368, 0.2: 0.9076696770662288}","{'noise=0.0;missing=0.0': 1.0, 'noise=0.0;missing=0.2': 1.0, 'noise=0.1;missing=0.0': 0.9821428571428571, 'noise=0.1;missing=0.2': 0.9322660098522169, 'noise=0.2;missing=0.0': 0.9384920634920635, 'noise=0.2;missing=0.2': 0.8768472906403939}",0.8452380952380952,0.03571428571428571,9,7,21,2.380952380952381,0.35,7,1.3888888888888888,2.0709876543209873,0.52,4.365533250556852,"{2: 16, 3: 2, 4: 3}",21,0.0,0.34937955614344496
0.9565658638934502,0.8571428571428571,0.9565658638934502,"{0.0: 1.0, 0.1: 0.9771825396825397, 0.2: 0.8925150519978106}","{'noise=0.0;missing=0.0': 1.0, 'noise=0.0;missing=0.2': 1.0, 'noise=0.1;missing=0.0': 0.990079365079365, 'noise=0.1;missing=0.2': 0.9642857142857143, 'noise=0.2;missing=0.0': 0.9007936507936509, 'noise=0.2;missing=0.2': 0.8842364532019703}",0.9047619047619048,0.0,9,7,25,2.36,0.4166666666666667,9,1.6388888888888888,3.175154320987654,0.5296610169491526,4.379790667999156,"{2: 19, 3: 3, 4: 3}",25,0.0,0.41275141460905357
0.9634989053092501,0.8690476190476191,0.9634989053092501,"{0.0: 1.0, 0.1: 0.9790298303229338, 0.2: 0.9114668856048167}","{'noise=0.0;missing=0.0': 1.0, 'noise=0.0;missing=0.2': 1.0, 'noise=0.1;missing=0.0': 0.990079365079365, 'noise=0.1;missing=0.2': 0.9679802955665026, 'noise=0.2;missing=0.0': 0.8968253968253969, 'noise=0.2;missing=0.2': 0.9261083743842364}",0.9166666666666666,0.023809523809523808,9,7,27,2.4444444444444446,0.45,8,1.8333333333333333,2.5277777777777777,0.43013468013468015,4.622056195405012,"{2: 18, 3: 6, 4: 3}",27,0.0,0.4448966049382716
0.9655286444079546,0.8809523809523809,0.9655286444079546,"{0.0: 1.0, 0.1: 0.9724616858237548, 0.2: 0.9241242474001095}","{'noise=0.0;missing=0.0': 1.0, 'noise=0.0;missing=0.2': 1.0, 'noise=0.1;missing=0.0': 0.9781746031746031, 'noise=0.1;missing=0.2': 0.9667487684729065, 'noise=0.2;missing=0.0': 0.9246031746031746, 'noise=0.2;missing=0.2': 0.9236453201970442}",0.8928571428571429,0.011904761904761904,9,7,24,2.2083333333333335,0.4,9,1.4722222222222223,2.971450617283951,0.5414046121593291,4.325962671095309,"{2: 20, 3: 3, 4: 1}",24,0.0,0.3958308899176955
0.9538519430760811,0.8333333333333334,0.9538519430760811,"{0.0: 1.0, 0.1: 0.9684592227695676, 0.2: 0.8930966064586754}","{'noise=0.0;missing=0.0': 1.0, 'noise=0.0;missing=0.2': 1.0, 'noise=0.1;missing=0.0': 0.9603174603174603, 'noise=0.1;missing=0.2': 0.9766009852216749, 'noise=0.2;missing=0.0': 0.9265873015873016, 'noise=0.2;missing=0.2': 0.859605911330049}",0.8571428571428571,0.03571428571428571,9,7,24,2.5416666666666665,0.4,6,1.6944444444444444,2.10108024691358,0.4540072859744991,4.60460860002877,"{2: 16, 3: 3, 4: 5}",24,0.0,0.39800064300411525
0.9600437876299944,0.8630952380952381,0.9600437876299944,"{0.0: 1.0, 0.1: 0.9685618500273672, 0.2: 0.9115695128626164}","{'noise=0.0;missing=0.0': 1.0, 'noise=0.0;missing=0.2': 1.0, 'noise=0.1;missing=0.0': 0.990079365079365, 'noise=0.1;missing=0.2': 0.9470443349753694, 'noise=0.2;missing=0.0': 0.9265873015873016, 'noise=0.2;missing=0.2': 0.8965517241379309}",0.9285714285714286,0.023809523809523808,9,7,25,2.32,0.4166666666666667,5,1.6111111111111112,1.5709876543209875,0.4166666666666667,4.666266935148887,"{2: 20, 3: 2, 4: 3}",25,0.0,0.41220627572016466
0.9530309250136837,0.8452380952380952,0.9530309250136837,"{0.0: 1.0, 0.1: 0.9675013683634374, 0.2: 0.8915914066776136}","{'noise=0.0;missing=0.0': 1.0, 'noise=0.0;missing=0.2': 1.0, 'noise=0.1;missing=0.0': 0.9682539682539683, 'noise=0.1;missing=0.2': 0.9667487684729065, 'noise=0.2;missing=0.0': 0.9186507936507937, 'noise=0.2;missing=0.2': 0.8645320197044334}",0.8571428571428571,0.023809523809523808,9,7,24,2.5,0.4,6,1.6666666666666667,2.166666666666666,0.47314814814814815,4.537907837484893,"{2: 16, 3: 4, 4: 4}",24,0.0,0.3977222222222222
0.9583333333333334,0.8571428571428571,0.9583333333333334,"{0.0: 1.0, 0.1: 0.9759510125889436, 0.2: 0.8990489874110564}","{'noise=0.0;missing=0.0': 1.0, 'noise=0.0;missing=0.2': 1.0, 'noise=0.1;missing=0.0': 0.990079365079365, 'noise=0.1;missing=0.2': 0.9618226600985222, 'noise=0.2;missing=0.0': 0.9384920634920635, 'noise=0.2;missing=0.2': 0.8596059113300492}",0.9166666666666666,0.023809523809523808,9,7,25,2.32,0.4166666666666667,4,1.6111111111111112,1.7376543209876543,0.45689655172413796,4.572992632834798,"{2: 19, 3: 4, 4: 2}",25,0.0,0.41223405349794245
0.9489144316730524,0.8214285714285714,0.9489144316730524,"{0.0: 1.0, 0.1: 0.9566228790366722, 0.2: 0.8901204159824848}","{'noise=0.0;missing=0.0': 1.0, 'noise=0.0;missing=0.2': 1.0, 'noise=0.1;missing=0.0': 0.9563492063492064, 'noise=0.1;missing=0.2': 0.956896551724138, 'noise=0.2;missing=0.0': 0.9206349206349207, 'noise=0.2;missing=0.2': 0.859605911330049}",0.8214285714285714,0.011904761904761904,9,7,21,2.2857142857142856,0.35,7,1.3333333333333333,2.2777777777777777,0.5601851851851852,4.261508595818438,"{2: 16, 3: 4, 4: 1}",21,0.0,0.34875264550264545
0.9607735814632367,0.8630952380952381,0.9607735814632367,"{0.0: 1.0, 0.1: 0.9641488779419813, 0.2: 0.9181718664477285}","{'noise=0.0;missing=0.0': 1.0, 'noise=0.0;missing=0.2': 1.0, 'noise=0.1;missing=0.0': 0.9603174603174602, 'noise=0.1;missing=0.2': 0.9679802955665026, 'noise=0.2;missing=0.0': 0.9126984126984127, 'noise=0.2;missing=0.2': 0.9236453201970442}",0.8690476190476191,0.023809523809523808,9,7,22,2.3181818181818183,0.36666666666666664,8,1.4166666666666667,2.6874999999999996,0.5637254901960784,4.270272890906261,"{2: 17, 3: 3, 4: 2}",22,0.0,0.36487973484848485
0.9585499908775771,0.8511904761904762,0.9585499908775771,"{0.0: 1.0, 0.1: 0.9669198139025725, 0.2: 0.9087301587301587}","{'noise=0.0;missing=0.0': 1.0, 'noise=0.0;missing=0.2': 1.0, 'noise=0.1;missing=0.0': 0.9781746031746031, 'noise=0.1;missing=0.2': 0.9556650246305418, 'noise=0.2;missing=0.0': 0.9246031746031748, 'noise=0.2;missing=0.2': 0.8928571428571427}",0.8928571428571429,0.047619047619047616,9,7,25,2.32,0.4166666666666667,5,1.6111111111111112,1.8487654320987654,0.460727969348659,4.538955245747952,"{2: 19, 3: 4, 4: 2}",25,0.0,0.412252572016461
0.9618340631271666,0.8690476190476191,0.9618340631271666,"{0.0: 1.0, 0.1: 0.9759510125889436, 0.2: 0.9095511767925561}","{'noise=0.0;missing=0.0': 1.0, 'noise=0.0;missing=0.2': 1.0, 'noise=0.1;missing=0.0': 0.990079365079365, 'noise=0.1;missing=0.2': 0.9618226600985222, 'noise=0.2;missing=0.0': 0.9484126984126985, 'noise=0.2;missing=0.2': 0.8706896551724137}",0.9285714285714286,0.023809523809523808,9,7,28,2.2857142857142856,0.4666666666666667,5,1.7777777777777777,1.4506172839506173,0.3697916666666667,4.779078664259099,"{2: 23, 3: 2, 4: 3}",28,0.0,0.4594481187536743
0.9599981755154168,0.8511904761904762,0.9599981755154168,"{0.0: 1.0, 0.1: 0.9682881773399015, 0.2: 0.9117063492063492}","{'noise=0.0;missing=0.0': 1.0, 'noise=0.0;missing=0.2': 1.0, 'noise=0.1;missing=0.0': 0.9821428571428571, 'noise=0.1;missing=0.2': 0.9544334975369458, 'noise=0.2;missing=0.0': 0.9305555555555556, 'noise=0.2;missing=0.2': 0.8928571428571427}",0.8809523809523809,0.023809523809523808,9,7,23,2.3043478260869565,0.38333333333333336,8,1.4722222222222223,2.693672839506173,0.5424528301886793,4.310572992699733,"{2: 18, 3: 3, 4: 2}",23,0.0,0.3806180275988549
0.9600437876299944,0.8630952380952381,0.9600437876299944,"{0.0: 1.0, 0.1: 0.9685618500273672, 0.2: 0.9115695128626164}","{'noise=0.0;missing=0.0': 1.0, 'noise=0.0;missing=0.2': 1.0, 'noise=0.1;missing=0.0': 0.990079365079365, 'noise=0.1;missing=0.2': 0.9470443349753694, 'noise=0.2;missing=0.0': 0.9265873015873016, 'noise=0.2;missing=0.2': 0.8965517241379309}",0.9285714285714286,0.023809523809523808,9,7,24,2.3333333333333335,0.4,5,1.5555555555555556,1.691358024691358,0.44841269841269843,4.597558387024491,"{2: 18, 3: 4, 4: 2}",24,0.0,0.39648559670781897
0.9596446816274402,0.8571428571428571,0.9596446816274402,"{0.0: 1.0, 0.1: 0.980911330049261, 0.2: 0.8980227148330597}","{'noise=0.0;missing=0.0': 1.0, 'noise=0.0;missing=0.2': 1.0, 'noise=0.1;missing=0.0': 1.0, 'noise=0.1;missing=0.2': 0.9618226600985222, 'noise=0.2;missing=0.0': 0.9265873015873016, 'noise=0.2;missing=0.2': 0.8694581280788176}",0.9047619047619048,0.023809523809523808,9,7,28,2.4285714285714284,0.4666666666666667,5,1.8888888888888888,1.7098765432098766,0.3839869281045752,4.721376767874148,"{2: 20, 3: 4, 4: 4}",28,0.0,0.460483392122281
0.9627919175332968,0.8630952380952381,0.9627919175332968,"{0.0: 1.0, 0.1: 0.97188013136289, 0.2: 0.9164956212370006}","{'noise=0.0;missing=0.0': 1.0, 'noise=0.0;missing=0.2': 1.0, 'noise=0.1;missing=0.0': 0.9880952380952381, 'noise=0.1;missing=0.2': 0.9556650246305418, 'noise=0.2;missing=0.0': 0.9265873015873016, 'noise=0.2;missing=0.2': 0.9064039408866994}",0.8928571428571429,0.03571428571428571,9,7,22,2.409090909090909,0.36666666666666664,4,1.4722222222222223,1.582561728395062,0.4722222222222222,4.501136492135768,"{2: 16, 3: 3, 4: 3}",22,0.0,0.36532689160119713
0.9527458492975734,0.8452380952380952,0.9527458492975734,"{0.0: 1.0, 0.1: 0.9722564313081554, 0.2: 0.8859811165845647}","{'noise=0.0;missing=0.0': 1.0, 'noise=0.0;missing=0.2': 1.0, 'noise=0.1;missing=0.0': 0.990079365079365, 'noise=0.1;missing=0.2': 0.9544334975369458, 'noise=0.2;missing=0.0': 0.898809523809524, 'noise=0.2;missing=0.2': 0.8731527093596058}",0.9047619047619048,0.011904761904761904,9,7,23,2.217391304347826,0.38333333333333336,9,1.4166666666666667,2.9652777777777772,0.5735294117647058,4.215488821897022,"{2: 19, 3: 3, 4: 1}",23,0.0,0.3800594303542673
0.9612411056376574,0.8630952380952381,0.9612411056376574,"{0.0: 1.0, 0.1: 0.9704091406677613, 0.2: 0.9133141762452107}","{'noise=0.0;missing=0.0': 1.0, 'noise=0.0;missing=0.2': 1.0, 'noise=0.1;missing=0.0': 0.990079365079365, 'noise=0.1;missing=0.2': 0.9507389162561576, 'noise=0.2;missing=0.0': 0.9325396825396826, 'noise=0.2;missing=0.2': 0.8940886699507388}",0.8809523809523809,0.023809523809523808,9,7,24,2.125,0.4,8,1.4166666666666667,2.4652777777777772,0.5266884531590414,4.373118234001095,"{2: 22, 3: 1, 4: 1}",24,0.0,0.3951678240740741
0.9425173326035393,0.8154761904761905,0.9425173326035393,"{0.0: 1.0, 0.1: 0.9601122058018609, 0.2: 0.8674397920087575}","{'noise=0.0;missing=0.0': 1.0, 'noise=0.0;missing=0.2': 1.0, 'noise=0.1;missing=0.0': 0.9682539682539683, 'noise=0.1;missing=0.2': 0.9519704433497537, 'noise=0.2;missing=0.0': 0.878968253968254, 'noise=0.2;missing=0.2': 0.8559113300492609}",0.8571428571428571,0.023809523809523808,9,7,24,2.375,0.4,7,1.5833333333333333,2.2430555555555554,0.4868421052631579,4.501027786780643,"{2: 18, 3: 3, 4: 3}",24,0.0,0.3968668981481482
0.9483214741835431,0.8333333333333334,0.9483214741835431,"{0.0: 1.0, 0.1: 0.9583675424192666, 0.2: 0.8865968801313627}","{'noise=0.0;missing=0.0': 1.0, 'noise=0.0;missing=0.2': 1.0, 'noise=0.1;missing=0.0': 0.9623015873015873, 'noise=0.1;missing=0.2': 0.9544334975369458, 'noise=0.2;missing=0.0': 0.898809523809524, 'noise=0.2;missing=0.2': 0.8743842364532018}",0.9047619047619048,0.023809523809523808,9,7,22,2.3636363636363638,0.36666666666666664,7,1.4444444444444444,2.080246913580247,0.4946581196581197,4.4712830458162145,"{2: 17, 3: 2, 4: 3}",22,0.0,0.3650941825664048
0.96321382959314,0.8630952380952381,0.96321382959314,"{0.0: 1.0, 0.1: 0.9663040503557744, 0.2: 0.9233374384236454}","{'noise=0.0;missing=0.0': 1.0, 'noise=0.0;missing=0.2': 1.0, 'noise=0.1;missing=0.0': 0.9781746031746031, 'noise=0.1;missing=0.2': 0.9544334975369458, 'noise=0.2;missing=0.0': 0.9464285714285715, 'noise=0.2;missing=0.2': 0.900246305418719}",0.8928571428571429,0.023809523809523808,9,7,23,2.347826086956522,0.38333333333333336,8,1.5,2.4166666666666665,0.5010288065843621,4.430632409490748,"{2: 18, 3: 2, 4: 3}",23,0.0,0.38087379227053136
0.9489144316730524,0.8214285714285714,0.9489144316730524,"{0.0: 1.0, 0.1: 0.9566228790366722, 0.2: 0.8901204159824848}","{'noise=0.0;missing=0.0': 1.0, 'noise=0.0;missing=0.2': 1.0, 'noise=0.1;missing=0.0': 0.9563492063492064, 'noise=0.1;missing=0.2': 0.956896551724138, 'noise=0.2;missing=0.0': 0.9206349206349207, 'noise=0.2;missing=0.2': 0.859605911330049}",0.8214285714285714,0.011904761904761904,9,7,21,2.238095238095238,0.35,7,1.3055555555555556,2.2121913580246915,0.5537825059101655,4.288082736032309,"{2: 17, 3: 3, 4: 1}",21,0.0,0.34841102660199874
0.9566228790366722,0.8452380952380952,0.9566228790366722,"{0.0: 1.0, 0.1: 0.9716406677613574, 0.2: 0.8982279693486589}","{'noise=0.0;missing=0.0': 1.0, 'noise=0.0;missing=0.2': 1.0, 'noise=0.1;missing=0.0': 0.990079365079365, 'noise=0.1;missing=0.2': 0.9532019704433498, 'noise=0.2;missing=0.0': 0.878968253968254, 'noise=0.2;missing=0.2': 0.917487684729064}",0.8928571428571429,0.03571428571428571,9,7,30,2.3666666666666667,0.5,10,1.9722222222222223,3.415895061728395,0.4495305164319249,4.581321113359734,"{2: 22, 3: 5, 4: 3}",30,0.0,0.49200450102880655
0.9442848020434228,0.8035714285714286,0.9442848020434228,"{0.0: 1.0, 0.1: 0.9575465243568692, 0.2: 0.8753078817733989}","{'noise=0.0;missing=0.0': 1.0, 'noise=0.0;missing=0.2': 1.0, 'noise=0.1;missing=0.0': 0.9384920634920635, 'noise=0.1;missing=0.2': 0.9766009852216749, 'noise=0.2;missing=0.0': 0.9107142857142858, 'noise=0.2;missing=0.2': 0.8399014778325122}",0.8333333333333334,0.03571428571428571,9,7,19,2.3684210526315788,0.31666666666666665,6,1.25,1.6875,0.5203703703703704,4.385754484978179,"{2: 14, 3: 3, 4: 2}",19,0.0,0.31756195175438595
0.9518906221492429,0.8452380952380952,0.9518906221492429,"{0.0: 1.0, 0.1: 0.9697933771209633, 0.2: 0.8858784893267652}","{'noise=0.0;missing=0.0': 1.0, 'noise=0.0;missing=0.2': 1.0, 'noise=0.1;missing=0.0': 0.990079365079365, 'noise=0.1;missing=0.2': 0.9495073891625616, 'noise=0.2;missing=0.0': 0.9047619047619049, 'noise=0.2;missing=0.2': 0.8669950738916256}",0.9166666666666666,0.011904761904761904,9,7,24,2.125,0.4,9,1.4166666666666667,2.520833333333333,0.46895424836601307,4.480386371001471,"{2: 22, 3: 1, 4: 1}",24,0.0,0.3951770833333333
0.9660531837255975,0.875,0.9660531837255975,"{0.0: 1.0, 0.1: 0.9728721948549534, 0.2: 0.925287356321839}","{'noise=0.0;missing=0.0': 1.0, 'noise=0.0;missing=0.2': 1.0, 'noise=0.1;missing=0.0': 0.990079365079365, 'noise=0.1;missing=0.2': 0.9556650246305418, 'noise=0.2;missing=0.0': 0.9404761904761906, 'noise=0.2;missing=0.2': 0.9100985221674877}",0.9166666666666666,0.047619047619047616,9,7,30,2.466666666666667,0.5,6,2.0555555555555554,2.330246913580247,0.3978978978978979,4.734338291357714,"{2: 20, 3: 6, 4: 4}",30,0.0,0.4925180041152263
0.9686416712278781,0.8809523809523809,0.9686416712278781,"{0.0: 1.0, 0.1: 0.9777983032293377, 0.2: 0.9281267104542967}","{'noise=0.0;missing=0.0': 1.0, 'noise=0.0;missing=0.2': 1.0, 'noise=0.1;missing=0.0': 0.990079365079365, 'noise=0.1;missing=0.2': 0.9655172413793104, 'noise=0.2;missing=0.0': 0.9424603174603174, 'noise=0.2;missing=0.2': 0.9137931034482758}",0.9166666666666666,0.047619047619047616,9,7,25,2.48,0.4166666666666667,4,1.7222222222222223,1.367283950617284,0.3772401433691756,4.752110423080733,"{2: 17, 3: 4, 4: 4}",25,0.0,0.41328343621399183
0.9442848020434228,0.8035714285714286,0.9442848020434228,"{0.0: 1.0, 0.1: 0.9575465243568692, 0.2: 0.8753078817733989}","{'noise=0.0;missing=0.0': 1.0, 'noise=0.0;missing=0.2': 1.0, 'noise=0.1;missing=0.0': 0.9384920634920635, 'noise=0.1;missing=0.2': 0.9766009852216749, 'noise=0.2;missing=0.0': 0.9107142857142858, 'noise=0.2;missing=0.2': 0.8399014778325122}",0.8333333333333334,0.03571428571428571,9,7,19,2.3684210526315788,0.31666666666666665,6,1.25,2.0208333333333335,0.5833333333333334,4.207976707200401,"{2: 14, 3: 3, 4: 2}",19,0.0,0.3176175073099415
0.9588350665936873,0.8571428571428571,0.9588350665936873,"{0.0: 1.0, 0.1: 0.9710933223864259, 0.2: 0.905411877394636}","{'noise=0.0;missing=0.0': 1.0, 'noise=0.0;missing=0.2': 1.0, 'noise=0.1;missing=0.0': 0.9742063492063492, 'noise=0.1;missing=0.2': 0.9679802955665024, 'noise=0.2;missing=0.0': 0.9265873015873015, 'noise=0.2;missing=0.2': 0.8842364532019703}",0.8809523809523809,0.023809523809523808,9,7,21,2.3333333333333335,0.35,8,1.3611111111111112,2.5640432098765435,0.5674603174603174,4.236959333822822,"{2: 16, 3: 3, 4: 2}",21,0.0,0.34913104423868313
0.9541826309067689,0.8511904761904762,0.9541826309067689,"{0.0: 1.0, 0.1: 0.9722564313081554, 0.2: 0.890291461412151}","{'noise=0.0;missing=0.0': 1.0, 'noise=0.0;missing=0.2': 1.0, 'noise=0.1;missing=0.0': 0.990079365079365, 'noise=0.1;missing=0.2': 0.9544334975369458, 'noise=0.2;missing=0.0': 0.898809523809524, 'noise=0.2;missing=0.2': 0.8817733990147782}",0.9047619047619048,0.011904761904761904,9,7,25,2.16,0.4166666666666667,9,1.5,2.5833333333333335,0.4876543209876543,4.452965973944983,"{2: 22, 3: 2, 4: 1}",25,0.0,0.41126388888888893
0.9637839810253603,0.875,0.9637839810253603,"{0.0: 1.0, 0.1: 0.9790298303229338, 0.2: 0.9123221127531471}","{'noise=0.0;missing=0.0': 1.0, 'noise=0.0;missing=0.2': 1.0, 'noise=0.1;missing=0.0': 0.990079365079365, 'noise=0.1;missing=0.2': 0.9679802955665026, 'noise=0.2;missing=0.0': 0.8948412698412698, 'noise=0.2;missing=0.2': 0.9298029556650246}",0.9285714285714286,0.011904761904761904,9,7,25,2.4,0.4166666666666667,7,1.6666666666666667,2.2777777777777772,0.4601851851851852,4.5607089300557355,"{2: 18, 3: 4, 4: 3}",25,0.0,0.41287962962962965
0.9617428388980113,0.8630952380952381,0.9617428388980113,"{0.0: 1.0, 0.1: 0.9631910235358511, 0.2: 0.9220374931581828}","{'noise=0.0;missing=0.0': 1.0, 'noise=0.0;missing=0.2': 1.0, 'noise=0.1;missing=0.0': 0.9682539682539683, 'noise=0.1;missing=0.2': 0.9581280788177341, 'noise=0.2;missing=0.0': 0.9265873015873015, 'noise=0.2;missing=0.2': 0.917487684729064}",0.8690476190476191,0.023809523809523808,9,7,23,2.3043478260869565,0.38333333333333336,8,1.4722222222222223,2.693672839506173,0.5550314465408805,4.29821408643457,"{2: 18, 3: 3, 4: 2}",23,0.0,0.3806180275988549
0.9527458492975734,0.8452380952380952,0.9527458492975734,"{0.0: 1.0, 0.1: 0.9722564313081554, 0.2: 0.8859811165845647}","{'noise=0.0;missing=0.0': 1.0, 'noise=0.0;missing=0.2': 1.0, 'noise=0.1;missing=0.0': 0.990079365079365, 'noise=0.1;missing=0.2': 0.9544334975369458, 'noise=0.2;missing=0.0': 0.898809523809524, 'noise=0.2;missing=0.2': 0.8731527093596058}",0.9047619047619048,0.011904761904761904,9,7,24,2.2916666666666665,0.4,9,1.5277777777777777,2.971450617283951,0.5388888888888889,4.33501653131312,"{2: 19, 3: 3, 4: 2}",24,0.0,0.3964095936213992
0.96321382959314,0.8630952380952381,0.96321382959314,"{0.0: 1.0, 0.1: 0.9663040503557744, 0.2: 0.9233374384236454}","{'noise=0.0;missing=0.0': 1.0, 'noise=0.0;missing=0.2': 1.0, 'noise=0.1;missing=0.0': 0.9781746031746031, 'noise=0.1;missing=0.2': 0.9544334975369458, 'noise=0.2;missing=0.0': 0.9464285714285715, 'noise=0.2;missing=0.2': 0.900246305418719}",0.8928571428571429,0.023809523809523808,9,7,21,2.2857142857142856,0.35,8,1.3333333333333333,2.5000000000000004,0.5706018518518519,4.204448698502606,"{2: 17, 3: 2, 4: 2}",21,0.0,0.3487896825396825
0.9557106367451196,0.8392857142857143,0.9557106367451196,"{0.0: 1.0, 0.1: 0.9684592227695676, 0.2: 0.898672687465791}","{'noise=0.0;missing=0.0': 1.0, 'noise=0.0;missing=0.2': 1.0, 'noise=0.1;missing=0.0': 0.9603174603174603, 'noise=0.1;missing=0.2': 0.9766009852216749, 'noise=0.2;missing=0.0': 0.9365079365079366, 'noise=0.2;missing=0.2': 0.8608374384236451}",0.8571428571428571,0.03571428571428571,9,7,25,2.48,0.4166666666666667,6,1.7222222222222223,2.1450617283950617,0.4543010752688172,4.605023076649059,"{2: 17, 3: 4, 4: 4}",25,0.0,0.4134130658436215
0.9578430031016237,0.8452380952380952,0.9578430031016237,"{0.0: 1.0, 0.1: 0.9620963327859879, 0.2: 0.9114326765188834}","{'noise=0.0;missing=0.0': 1.0, 'noise=0.0;missing=0.2': 1.0, 'noise=0.1;missing=0.0': 0.9722222222222222, 'noise=0.1;missing=0.2': 0.9519704433497537, 'noise=0.2;missing=0.0': 0.9226190476190477, 'noise=0.2;missing=0.2': 0.9002463054187191}",0.8571428571428571,0.03571428571428571,9,7,21,2.2857142857142856,0.35,6,1.3333333333333333,1.7777777777777781,0.5138888888888888,4.3553885422075345,"{2: 16, 3: 4, 4: 1}",21,0.0,0.34866931216931213
0.9560755336617404,0.8511904761904762,0.9560755336617404,"{0.0: 1.0, 0.1: 0.9566570881226053, 0.2: 0.9115695128626164}","{'noise=0.0;missing=0.0': 1.0, 'noise=0.0;missing=0.2': 1.0, 'noise=0.1;missing=0.0': 0.9662698412698413, 'noise=0.1;missing=0.2': 0.9470443349753694, 'noise=0.2;missing=0.0': 0.9265873015873016, 'noise=0.2;missing=0.2': 0.8965517241379309}",0.9285714285714286,0.023809523809523808,9,7,23,2.391304347826087,0.38333333333333336,5,1.5277777777777777,1.7492283950617287,0.46616161616161617,4.526928468803006,"{2: 17, 3: 3, 4: 3}",23,0.0,0.381064484925747
0.9631796205072066,0.8690476190476191,0.9631796205072066,"{0.0: 1.0, 0.1: 0.9631910235358511, 0.2: 0.9263478379857689}","{'noise=0.0;missing=0.0': 1.0, 'noise=0.0;missing=0.2': 1.0, 'noise=0.1;missing=0.0': 0.9682539682539683, 'noise=0.1;missing=0.2': 0.9581280788177341, 'noise=0.2;missing=0.0': 0.9265873015873015, 'noise=0.2;missing=0.2': 0.9261083743842364}",0.8690476190476191,0.023809523809523808,9,7,25,2.16,0.4166666666666667,8,1.5,2.5277777777777777,0.5195473251028807,4.397772455586722,"{2: 22, 3: 2, 4: 1}",25,0.0,0.41125462962962966
0.9487889983579637,0.8333333333333334,0.9487889983579637,"{0.0: 1.0, 0.1: 0.9692118226600986, 0.2: 0.877155172413793}","{'noise=0.0;missing=0.0': 1.0, 'noise=0.0;missing=0.2': 1.0, 'noise=0.1;missing=0.0': 0.9642857142857142, 'noise=0.1;missing=0.2': 0.9741379310344829, 'noise=0.2;missing=0.0': 0.9107142857142857, 'noise=0.2;missing=0.2': 0.8435960591133005}",0.8571428571428571,0.011904761904761904,9,7,22,2.1818181818181817,0.36666666666666664,5,1.3333333333333333,1.666666666666667,0.5046296296296297,4.446854365656767,"{2: 19, 3: 2, 4: 1}",22,0.0,0.36376262626262623
0.9395069330414159,0.8035714285714286,0.9395069330414159,"{0.0: 1.0, 0.1: 0.949404761904762, 0.2: 0.8691160372194854}","{'noise=0.0;missing=0.0': 1.0, 'noise=0.0;missing=0.2': 1.0, 'noise=0.1;missing=0.0': 0.9345238095238095, 'noise=0.1;missing=0.2': 0.9642857142857143, 'noise=0.2;missing=0.0': 0.9007936507936509, 'noise=0.2;missing=0.2': 0.8374384236453202}",0.8095238095238095,0.011904761904761904,9,7,19,2.263157894736842,0.31666666666666665,6,1.1944444444444444,1.8233024691358024,0.5742894056847545,4.22220806840402,"{2: 15, 3: 3, 4: 1}",19,0.0,0.3168535913471951
0.951172231344645,0.8273809523809523,0.951172231344645,"{0.0: 1.0, 0.1: 0.960591133004926, 0.2: 0.8929255610290093}","{'noise=0.0;missing=0.0': 1.0, 'noise=0.0;missing=0.2': 1.0, 'noise=0.1;missing=0.0': 0.9642857142857143, 'noise=0.1;missing=0.2': 0.956896551724138, 'noise=0.2;missing=0.0': 0.9126984126984127, 'noise=0.2;missing=0.2': 0.8731527093596058}",0.8333333333333334,0.011904761904761904,9,7,22,2.1818181818181817,0.36666666666666664,7,1.3333333333333333,2.2777777777777777,0.5613425925925926,4.279315949407466,"{2: 19, 3: 2, 4: 1}",22,0.0,0.3638644781144781
0.9495644043057836,0.8214285714285714,0.9495644043057836,"{0.0: 1.0, 0.1: 0.9634989053092501, 0.2: 0.8851943076081008}","{'noise=0.0;missing=0.0': 1.0, 'noise=0.0;missing=0.2': 1.0, 'noise=0.1;missing=0.0': 0.9503968253968254, 'noise=0.1;missing=0.2': 0.9766009852216749, 'noise=0.2;missing=0.0': 0.9206349206349208, 'noise=0.2;missing=0.2': 0.8497536945812806}",0.8452380952380952,0.03571428571428571,9,7,21,2.2857142857142856,0.35,6,1.3333333333333333,2.1111111111111107,0.5543981481481481,4.306127542695028,"{2: 16, 3: 4, 4: 1}",21,0.0,0.34872486772486766
0.9604200875752599,0.8571428571428571,0.9604200875752599,"{0.0: 1.0, 0.1: 0.9510125889436234, 0.2: 0.9302476737821566}","{'noise=0.0;missing=0.0': 1.0, 'noise=0.0;missing=0.2': 1.0, 'noise=0.1;missing=0.0': 0.9722222222222222, 'noise=0.1;missing=0.2': 0.9298029556650246, 'noise=0.2;missing=0.0': 0.9503968253968255, 'noise=0.2;missing=0.2': 0.9100985221674877}",0.8928571428571429,0.047619047619047616,9,7,28,2.4642857142857144,0.4666666666666667,8,1.9166666666666667,2.9652777777777777,0.45692431561996777,4.566442891649066,"{2: 19, 3: 5, 4: 4}",28,0.0,0.46094064153439157
0.9457671957671957,0.8154761904761905,0.9457671957671957,"{0.0: 1.0, 0.1: 0.9555966064586754, 0.2: 0.8817049808429118}","{'noise=0.0;missing=0.0': 1.0, 'noise=0.0;missing=0.2': 1.0, 'noise=0.1;missing=0.0': 0.9444444444444445, 'noise=0.1;missing=0.2': 0.9667487684729065, 'noise=0.2;missing=0.0': 0.9087301587301588, 'noise=0.2;missing=0.2': 0.8546798029556648}",0.8333333333333334,0.0,9,7,18,2.1666666666666665,0.3,7,1.0833333333333333,2.020833333333334,0.5747863247863247,4.156786515503184,"{2: 15, 3: 3}",18,0.0,0.3003831018518518
0.9638752052545155,0.8690476190476191,0.9638752052545155,"{0.0: 1.0, 0.1: 0.964422550629447, 0.2: 0.9272030651340996}","{'noise=0.0;missing=0.0': 1.0, 'noise=0.0;missing=0.2': 1.0, 'noise=0.1;missing=0.0': 0.9682539682539683, 'noise=0.1;missing=0.2': 0.960591133004926, 'noise=0.2;missing=0.0': 0.9603174603174602, 'noise=0.2;missing=0.2': 0.8940886699507388}",0.9166666666666666,0.011904761904761904,9,7,20,2.35,0.3333333333333333,8,1.3055555555555556,2.378858024691358,0.5466903073286052,4.277993106996787,"{2: 15, 3: 3, 4: 2}",20,0.0,0.33338258744855964
0.9515257252326217,0.8333333333333334,0.9515257252326217,"{0.0: 1.0, 0.1: 0.9561097427476738, 0.2: 0.8984674329501916}","{'noise=0.0;missing=0.0': 1.0, 'noise=0.0;missing=0.2': 1.0, 'noise=0.1;missing=0.0': 0.9503968253968254, 'noise=0.1;missing=0.2': 0.9618226600985222, 'noise=0.2;missing=0.0': 0.9126984126984127, 'noise=0.2;missing=0.2': 0.8842364532019703}",0.8452380952380952,0.03571428571428571,9,7,22,2.3181818181818183,0.36666666666666664,9,1.4166666666666667,2.9097222222222214,0.5582788671023965,4.259893969083108,"{2: 17, 3: 3, 4: 2}",22,0.0,0.3649167718855219
0.949017058930852,0.8214285714285714,0.949017058930852,"{0.0: 1.0, 0.1: 0.9655856595511768, 0.2: 0.8814655172413792}","{'noise=0.0;missing=0.0': 1.0, 'noise=0.0;missing=0.2': 1.0, 'noise=0.1;missing=0.0': 0.9484126984126984, 'noise=0.1;missing=0.2': 0.9827586206896551, 'noise=0.2;missing=0.0': 0.9107142857142858, 'noise=0.2;missing=0.2': 0.8522167487684728}",0.8452380952380952,0.023809523809523808,9,7,19,2.3684210526315788,0.31666666666666665,5,1.25,1.6319444444444444,0.5191358024691358,4.392209908432696,"{2: 14, 3: 3, 4: 2}",19,0.0,0.3175526924951267
0.9604200875752599,0.8571428571428571,0.9604200875752599,"{0.0: 1.0, 0.1: 0.9636015325670498, 0.2: 0.9176587301587301}","{'noise=0.0;missing=0.0': 1.0, 'noise=0.0;missing=0.2': 1.0, 'noise=0.1;missing=0.0': 0.9801587301587301, 'noise=0.1;missing=0.2': 0.9470443349753694, 'noise=0.2;missing=0.0': 0.9424603174603174, 'noise=0.2;missing=0.2': 0.8928571428571427}",0.8928571428571429,0.011904761904761904,9,7,25,2.24,0.4166666666666667,10,1.5555555555555556,3.580246913580247,0.564484126984127,4.24738623569526,"{2: 20, 3: 4, 4: 1}",25,0.0,0.411985596707819
0.966657544243751,0.875,0.966657544243751,"{0.0: 1.0, 0.1: 0.9718459222769569, 0.2: 0.9281267104542967}","{'noise=0.0;missing=0.0': 1.0, 'noise=0.0;missing=0.2': 1.0, 'noise=0.1;missing=0.0': 0.9781746031746031, 'noise=0.1;missing=0.2': 0.9655172413793104, 'noise=0.2;missing=0.0': 0.9424603174603174, 'noise=0.2;missing=0.2': 0.9137931034482758}",0.9166666666666666,0.047619047619047616,9,7,23,2.5652173913043477,0.38333333333333336,4,1.6388888888888888,1.2307098765432096,0.3742937853107345,4.755027371175726,"{2: 15, 3: 3, 4: 5}",23,0.0,0.3821857946412596
0.9613095238095238,0.8690476190476191,0.9613095238095238,"{0.0: 1.0, 0.1: 0.9797482211275315, 0.2: 0.9041803503010399}","{'noise=0.0;missing=0.0': 1.0, 'noise=0.0;missing=0.2': 1.0, 'noise=0.1;missing=0.0': 0.9841269841269842, 'noise=0.1;missing=0.2': 0.9753694581280788, 'noise=0.2;missing=0.0': 0.8908730158730158, 'noise=0.2;missing=0.2': 0.917487684729064}",0.8809523809523809,0.023809523809523808,9,7,24,2.3333333333333335,0.4,6,1.5555555555555556,2.2469135802469142,0.5109126984126984,4.447730538353718,"{2: 18, 3: 4, 4: 2}",24,0.0,0.39657818930041155
0.9489828498449188,0.8333333333333334,0.9489828498449188,"{0.0: 1.0, 0.1: 0.9543992884510126, 0.2: 0.8925492610837438}","{'noise=0.0;missing=0.0': 1.0, 'noise=0.0;missing=0.2': 1.0, 'noise=0.1;missing=0.0': 0.9543650793650794, 'noise=0.1;missing=0.2': 0.9544334975369458, 'noise=0.2;missing=0.0': 0.9107142857142858, 'noise=0.2;missing=0.2': 0.8743842364532018}",0.8928571428571429,0.023809523809523808,9,7,21,2.380952380952381,0.35,7,1.3888888888888888,1.9598765432098766,0.4911111111111111,4.470435500513583,"{2: 16, 3: 2, 4: 3}",21,0.0,0.34936103762492643
0.959804324028462,0.8571428571428571,0.959804324028462,"{0.0: 1.0, 0.1: 0.9704091406677613, 0.2: 0.9090038314176245}","{'noise=0.0;missing=0.0': 1.0, 'noise=0.0;missing=0.2': 1.0, 'noise=0.1;missing=0.0': 0.990079365079365, 'noise=0.1;missing=0.2': 0.9507389162561576, 'noise=0.2;missing=0.0': 0.9325396825396826, 'noise=0.2;missing=0.2': 0.8854679802955664}",0.8809523809523809,0.023809523809523808,9,7,24,2.3333333333333335,0.4,8,1.5555555555555556,2.691358024691359,0.5327380952380952,4.347097109364437,"{2: 19, 3: 2, 4: 3}",24,0.0,0.3966522633744856
0.966657544243751,0.875,0.966657544243751,"{0.0: 1.0, 0.1: 0.9777983032293377, 0.2: 0.9221743295019158}","{'noise=0.0;missing=0.0': 1.0, 'noise=0.0;missing=0.2': 1.0, 'noise=0.1;missing=0.0': 0.990079365079365, 'noise=0.1;missing=0.2': 0.9655172413793104, 'noise=0.2;missing=0.0': 0.9305555555555556, 'noise=0.2;missing=0.2': 0.9137931034482758}",0.9166666666666666,0.047619047619047616,9,7,26,2.4615384615384617,0.43333333333333335,5,1.7777777777777777,1.5061728395061729,0.3784722222222222,4.747828664259099,"{2: 18, 3: 4, 4: 4}",26,0.0,0.4290117125672681
0.966657544243751,0.875,0.966657544243751,"{0.0: 1.0, 0.1: 0.9777983032293377, 0.2: 0.9221743295019158}","{'noise=0.0;missing=0.0': 1.0, 'noise=0.0;missing=0.2': 1.0, 'noise=0.1;missing=0.0': 0.990079365079365, 'noise=0.1;missing=0.2': 0.9655172413793104, 'noise=0.2;missing=0.0': 0.9305555555555556, 'noise=0.2;missing=0.2': 0.9137931034482758}",0.9166666666666666,0.047619047619047616,9,7,25,2.36,0.4166666666666667,5,1.6388888888888888,1.3973765432098764,0.3912429378531073,4.727745329236119,"{2: 19, 3: 3, 4: 3}",25,0.0,0.4124551183127573
0.9532247765006386,0.8452380952380952,0.9532247765006386,"{0.0: 1.0, 0.1: 0.9611384783798577, 0.2: 0.8985358511220579}","{'noise=0.0;missing=0.0': 1.0, 'noise=0.0;missing=0.2': 1.0, 'noise=0.1;missing=0.0': 0.9801587301587301, 'noise=0.1;missing=0.2': 0.9421182266009852, 'noise=0.2;missing=0.0': 0.9325396825396827, 'noise=0.2;missing=0.2': 0.8645320197044333}",0.8928571428571429,0.011904761904761904,9,7,22,2.227272727272727,0.36666666666666664,7,1.3611111111111112,2.119598765432099,0.5425170068027211,4.304897406005329,"{2: 18, 3: 3, 4: 1}",22,0.0,0.3641537715114104
0.9613209268381682,0.8571428571428571,0.9613209268381682,"{0.0: 1.0, 0.1: 0.9654488232074439, 0.2: 0.9185139573070608}","{'noise=0.0;missing=0.0': 1.0, 'noise=0.0;missing=0.2': 1.0, 'noise=0.1;missing=0.0': 0.9801587301587301, 'noise=0.1;missing=0.2': 0.9507389162561577, 'noise=0.2;missing=0.0': 0.9404761904761905, 'noise=0.2;missing=0.2': 0.8965517241379308}",0.8690476190476191,0.023809523809523808,9,7,22,2.272727272727273,0.36666666666666664,8,1.3888888888888888,2.5709876543209877,0.5488888888888889,4.26146788019945,"{2: 17, 3: 4, 4: 1}",22,0.0,0.3645446595585484
0.96321382959314,0.8630952380952381,0.96321382959314,"{0.0: 1.0, 0.1: 0.9663040503557744, 0.2: 0.9233374384236454}","{'noise=0.0;missing=0.0': 1.0, 'noise=0.0;missing=0.2': 1.0, 'noise=0.1;missing=0.0': 0.9781746031746031, 'noise=0.1;missing=0.2': 0.9544334975369458, 'noise=0.2;missing=0.0': 0.9464285714285715, 'noise=0.2;missing=0.2': 0.900246305418719}",0.8928571428571429,0.023809523809523808,9,7,21,2.1904761904761907,0.35,8,1.2777777777777777,2.478395061728395,0.5857487922705314,4.1699823363507,"{2: 18, 3: 2, 4: 1}",21,0.0,0.3481247060552616
0.9404533844189016,0.7916666666666666,0.9404533844189016,"{0.0: 1.0, 0.1: 0.952004652435687, 0.2: 0.869355500821018}","{'noise=0.0;missing=0.0': 1.0, 'noise=0.0;missing=0.2': 1.0, 'noise=0.1;missing=0.0': 0.9384920634920635, 'noise=0.1;missing=0.2': 0.9655172413793104, 'noise=0.2;missing=0.0': 0.8988095238095238, 'noise=0.2;missing=0.2': 0.8399014778325122}",0.8333333333333334,0.03571428571428571,9,7,19,2.473684210526316,0.31666666666666665,6,1.3055555555555556,1.8233024691358024,0.5242316784869976,4.3839601280892575,"{2: 13, 3: 3, 4: 3}",19,0.0,0.31831557965128865
0.9648558657179348,0.8690476190476191,0.9648558657179348,"{0.0: 1.0, 0.1: 0.9728721948549534, 0.2: 0.9216954022988507}","{'noise=0.0;missing=0.0': 1.0, 'noise=0.0;missing=0.2': 1.0, 'noise=0.1;missing=0.0': 0.990079365079365, 'noise=0.1;missing=0.2': 0.9556650246305418, 'noise=0.2;missing=0.0': 0.9345238095238095, 'noise=0.2;missing=0.2': 0.9088669950738916}",0.9166666666666666,0.047619047619047616,9,7,29,2.4482758620689653,0.48333333333333334,6,1.9722222222222223,2.1381172839506175,0.4072769953051643,4.707442499872174,"{2: 20, 3: 5, 4: 4}",29,0.0,0.47652493525613737
0.954889618682722,0.8392857142857143,0.954889618682722,"{0.0: 1.0, 0.1: 0.969588122605364, 0.2: 0.8950807334428024}","{'noise=0.0;missing=0.0': 1.0, 'noise=0.0;missing=0.2': 1.0, 'noise=0.1;missing=0.0': 0.9662698412698412, 'noise=0.1;missing=0.2': 0.9729064039408867, 'noise=0.2;missing=0.0': 0.9305555555555556, 'noise=0.2;missing=0.2': 0.859605911330049}",0.8452380952380952,0.011904761904761904,9,7,20,2.45,0.3333333333333333,5,1.3611111111111112,1.6195987654320987,0.4801587301587302,4.507794926614647,"{2: 14, 3: 3, 4: 3}",20,0.0,0.33395048868312754
0.9540343915343915,0.8392857142857143,0.9540343915343915,"{0.0: 1.0, 0.1: 0.9699986316365626, 0.2: 0.8921045429666119}","{'noise=0.0;missing=0.0': 1.0, 'noise=0.0;missing=0.2': 1.0, 'noise=0.1;missing=0.0': 0.9781746031746031, 'noise=0.1;missing=0.2': 0.9618226600985222, 'noise=0.2;missing=0.0': 0.9246031746031748, 'noise=0.2;missing=0.2': 0.859605911330049}",0.8809523809523809,0.047619047619047616,9,7,21,2.238095238095238,0.35,4,1.3055555555555556,1.3233024691358026,0.4804964539007092,4.485127947284226,"{2: 17, 3: 3, 4: 1}",21,0.0,0.3482628784538506
0.9530765371282612,0.8511904761904762,0.9530765371282612,"{0.0: 1.0, 0.1: 0.9692118226600986, 0.2: 0.8900177887246853}","{'noise=0.0;missing=0.0': 1.0, 'noise=0.0;missing=0.2': 1.0, 'noise=0.1;missing=0.0': 0.9642857142857142, 'noise=0.1;missing=0.2': 0.9741379310344829, 'noise=0.2;missing=0.0': 0.9265873015873016, 'noise=0.2;missing=0.2': 0.8534482758620688}",0.8690476190476191,0.0,9,7,22,2.5454545454545454,0.36666666666666664,5,1.5555555555555556,1.913580246913581,0.4662698412698413,4.5600607893439555,"{2: 14, 3: 4, 4: 4}",22,0.0,0.36632903105125325
0.966178617040686,0.875,0.966178617040686,"{0.0: 1.0, 0.1: 0.9728721948549534, 0.2: 0.9256636562671047}","{'noise=0.0;missing=0.0': 1.0, 'noise=0.0;missing=0.2': 1.0, 'noise=0.1;missing=0.0': 0.990079365079365, 'noise=0.1;missing=0.2': 0.9556650246305418, 'noise=0.2;missing=0.0': 0.9424603174603174, 'noise=0.2;missing=0.2': 0.9088669950738916}",0.9166666666666666,0.03571428571428571,9,7,26,2.3461538461538463,0.43333333333333335,5,1.6944444444444444,1.4344135802469133,0.38114754098360654,4.7605065509193745,"{2: 20, 3: 3, 4: 3}",26,0.0,0.4281984706394429
0.959610472541507,0.8630952380952381,0.959610472541507,"{0.0: 1.0, 0.1: 0.9629515599343186, 0.2: 0.9158798576902025}","{'noise=0.0;missing=0.0': 1.0, 'noise=0.0;missing=0.2': 1.0, 'noise=0.1;missing=0.0': 0.9702380952380951, 'noise=0.1;missing=0.2': 0.9556650246305419, 'noise=0.2;missing=0.0': 0.9265873015873016, 'noise=0.2;missing=0.2': 0.9051724137931034}",0.8928571428571429,0.023809523809523808,9,7,23,2.4347826086956523,0.38333333333333336,4,1.5555555555555556,1.4691358024691359,0.4246031746031746,4.637537511266053,"{2: 16, 3: 4, 4: 3}",23,0.0,0.3813197351941313
0.9614919722678342,0.8690476190476191,0.9614919722678342,"{0.0: 1.0, 0.1: 0.9564176245210726, 0.2: 0.9280582922824302}","{'noise=0.0;missing=0.0': 1.0, 'noise=0.0;missing=0.2': 1.0, 'noise=0.1;missing=0.0': 0.9682539682539683, 'noise=0.1;missing=0.2': 0.9445812807881774, 'noise=0.2;missing=0.0': 0.9583333333333333, 'noise=0.2;missing=0.2': 0.8977832512315269}",0.9285714285714286,0.011904761904761904,9,7,20,2.25,0.3333333333333333,8,1.25,2.6875,0.6228395061728395,4.063749485074332,"{2: 16, 3: 3, 4: 1}",20,0.0,0.3327395833333333
0.9460636745119503,0.8273809523809523,0.9460636745119503,"{0.0: 1.0, 0.1: 0.9638409961685824, 0.2: 0.8743500273672689}","{'noise=0.0;missing=0.0': 1.0, 'noise=0.0;missing=0.2': 1.0, 'noise=0.1;missing=0.0': 0.9781746031746031, 'noise=0.1;missing=0.2': 0.9495073891625616, 'noise=0.2;missing=0.0': 0.882936507936508, 'noise=0.2;missing=0.2': 0.8657635467980294}",0.9166666666666666,0.011904761904761904,9,7,22,2.1363636363636362,0.36666666666666664,9,1.3055555555555556,2.8233024691358026,0.5821513002364066,4.175993372539952,"{2: 19, 3: 3}",22,0.0,0.3636397423307145
0.9658479292099981,0.875,0.9658479292099981,"{0.0: 1.0, 0.1: 0.9728721948549534, 0.2: 0.9246715927750412}","{'noise=0.0;missing=0.0': 1.0, 'noise=0.0;missing=0.2': 1.0, 'noise=0.1;missing=0.0': 0.990079365079365, 'noise=0.1;missing=0.2': 0.9556650246305418, 'noise=0.2;missing=0.0': 0.9404761904761906, 'noise=0.2;missing=0.2': 0.9088669950738916}",0.9285714285714286,0.03571428571428571,9,7,27,2.4444444444444446,0.45,5,1.8333333333333333,1.6944444444444444,0.38804713804713803,4.733735127479395,"{2: 19, 3: 4, 4: 4}",27,0.0,0.44475771604938275
0.9495073891625616,0.8333333333333334,0.9495073891625616,"{0.0: 1.0, 0.1: 0.9482758620689655, 0.2: 0.9002463054187192}","{'noise=0.0;missing=0.0': 1.0, 'noise=0.0;missing=0.2': 1.0, 'noise=0.1;missing=0.0': 0.9285714285714286, 'noise=0.1;missing=0.2': 0.9679802955665026, 'noise=0.2;missing=0.0': 0.9285714285714286, 'noise=0.2;missing=0.2': 0.8719211822660098}",0.8571428571428571,0.011904761904761904,9,7,23,2.391304347826087,0.38333333333333336,6,1.5277777777777777,1.9158950617283952,0.4803030303030303,4.521646758703854,"{2: 17, 3: 3, 4: 3}",23,0.0,0.38109226270352475
0.9655172413793103,0.875,0.9655172413793103,"{0.0: 1.0, 0.1: 0.9693486590038314, 0.2: 0.9272030651340996}","{'noise=0.0;missing=0.0': 1.0, 'noise=0.0;missing=0.2': 1.0, 'noise=0.1;missing=0.0': 0.9682539682539683, 'noise=0.1;missing=0.2': 0.9704433497536946, 'noise=0.2;missing=0.0': 0.9603174603174602, 'noise=0.2;missing=0.2': 0.8940886699507388}",0.9166666666666666,0.011904761904761904,9,7,19,2.3684210526315788,0.31666666666666665,7,1.25,2.0208333333333335,0.5425925925925926,4.299597886231825,"{2: 14, 3: 3, 4: 2}",19,0.0,0.3176175073099415
0.9657681080094873,0.875,0.9657681080094873,"{0.0: 1.0, 0.1: 0.964867268746579, 0.2: 0.9324370552818829}","{'noise=0.0;missing=0.0': 1.0, 'noise=0.0;missing=0.2': 1.0, 'noise=0.1;missing=0.0': 0.990079365079365, 'noise=0.1;missing=0.2': 0.939655172413793, 'noise=0.2;missing=0.0': 0.9424603174603174, 'noise=0.2;missing=0.2': 0.9224137931034482}",0.9166666666666666,0.047619047619047616,9,7,21,2.142857142857143,0.35,5,1.25,1.6319444444444444,0.5364197530864198,4.328196919071891,"{2: 18, 3: 3}",21,0.0,0.3476529431216931
0.9457671957671957,0.8214285714285714,0.9457671957671957,"{0.0: 1.0, 0.1: 0.9612068965517242, 0.2: 0.8760946907498631}","{'noise=0.0;missing=0.0': 1.0, 'noise=0.0;missing=0.2': 1.0, 'noise=0.1;missing=0.0': 0.9642857142857142, 'noise=0.1;missing=0.2': 0.958128078817734, 'noise=0.2;missing=0.0': 0.8888888888888891, 'noise=0.2;missing=0.2': 0.8633004926108373}",0.8452380952380952,0.023809523809523808,9,7,22,2.3181818181818183,0.36666666666666664,5,1.4166666666666667,1.7430555555555554,0.4842047930283224,4.506073509513377,"{2: 17, 3: 3, 4: 2}",22,0.0,0.36472232744107747
0.9526432220397738,0.8333333333333334,0.9526432220397738,"{0.0: 1.0, 0.1: 0.9585385878489328, 0.2: 0.8993910782703887}","{'noise=0.0;missing=0.0': 1.0, 'noise=0.0;missing=0.2': 1.0, 'noise=0.1;missing=0.0': 0.9761904761904762, 'noise=0.1;missing=0.2': 0.9408866995073891, 'noise=0.2;missing=0.0': 0.9305555555555556, 'noise=0.2;missing=0.2': 0.8682266009852215}",0.8928571428571429,0.03571428571428571,9,7,24,2.3333333333333335,0.4,5,1.5555555555555556,1.5246913580246915,0.43253968253968256,4.604067815178067,"{2: 19, 3: 2, 4: 3}",24,0.0,0.3964578189300412
0.9658479292099981,0.875,0.9658479292099981,"{0.0: 1.0, 0.1: 0.9728721948549534, 0.2: 0.9246715927750412}","{'noise=0.0;missing=0.0': 1.0, 'noise=0.0;missing=0.2': 1.0, 'noise=0.1;missing=0.0': 0.990079365079365, 'noise=0.1;missing=0.2': 0.9556650246305418, 'noise=0.2;missing=0.0': 0.9404761904761906, 'noise=0.2;missing=0.2': 0.9088669950738916}",0.9285714285714286,0.03571428571428571,9,7,29,2.310344827586207,0.48333333333333334,5,1.8611111111111112,1.7862654320987659,0.3901326699834162,4.74909171347975,"{2: 23, 3: 3, 4: 3}",29,0.0,0.47550843887469846
0.9510125889436234,0.8273809523809523,0.9510125889436234,"{0.0: 1.0, 0.1: 0.95415982484948, 0.2: 0.8988779419813903}","{'noise=0.0;missing=0.0': 1.0, 'noise=0.0;missing=0.2': 1.0, 'noise=0.1;missing=0.0': 0.9563492063492064, 'noise=0.1;missing=0.2': 0.9519704433497537, 'noise=0.2;missing=0.0': 0.9246031746031746, 'noise=0.2;missing=0.2': 0.8731527093596058}",0.8452380952380952,0.03571428571428571,9,7,22,2.227272727272727,0.36666666666666664,5,1.3611111111111112,1.7862654320987654,0.5221088435374149,4.38278070173561,"{2: 18, 3: 3, 4: 1}",22,0.0,0.36409821595585484
0.9531563583287722,0.8452380952380952,0.9531563583287722,"{0.0: 1.0, 0.1: 0.9591885604816639, 0.2: 0.9002805145046524}","{'noise=0.0;missing=0.0': 1.0, 'noise=0.0;missing=0.2': 1.0, 'noise=0.1;missing=0.0': 0.9503968253968254, 'noise=0.1;missing=0.2': 0.9679802955665026, 'noise=0.2;missing=0.0': 0.9027777777777779, 'noise=0.2;missing=0.2': 0.897783251231527}",0.8809523809523809,0.03571428571428571,9,7,25,2.48,0.4166666666666667,6,1.7222222222222223,2.2006172839506175,0.45340501792114696,4.583329883617665,"{2: 17, 3: 4, 4: 4}",25,0.0,0.41342232510288074
0.9551746943988322,0.8452380952380952,0.9551746943988322,"{0.0: 1.0, 0.1: 0.968972359058566, 0.2: 0.8965517241379312}","{'noise=0.0;missing=0.0': 1.0, 'noise=0.0;missing=0.2': 1.0, 'noise=0.1;missing=0.0': 0.9662698412698413, 'noise=0.1;missing=0.2': 0.9716748768472907, 'noise=0.2;missing=0.0': 0.9285714285714286, 'noise=0.2;missing=0.2': 0.8645320197044334}",0.9047619047619048,0.03571428571428571,9,7,21,2.4285714285714284,0.35,4,1.4166666666666667,1.2430555555555556,0.4362745098039216,4.603222890736576,"{2: 15, 3: 3, 4: 3}",21,0.0,0.3495722552910053
0.9453566867359972,0.8154761904761905,0.9453566867359972,"{0.0: 1.0, 0.1: 0.9561439518336071, 0.2: 0.8799261083743842}","{'noise=0.0;missing=0.0': 1.0, 'noise=0.0;missing=0.2': 1.0, 'noise=0.1;missing=0.0': 0.9603174603174603, 'noise=0.1;missing=0.2': 0.9519704433497537, 'noise=0.2;missing=0.0': 0.9285714285714286, 'noise=0.2;missing=0.2': 0.8312807881773397}",0.8333333333333334,0.03571428571428571,9,7,22,2.227272727272727,0.36666666666666664,6,1.3611111111111112,1.7862654320987654,0.514172335600907,4.3640116295204265,"{2: 18, 3: 3, 4: 1}",22,0.0,0.36409821595585484
0.9676268016785259,0.8869047619047619,0.9676268016785259,"{0.0: 1.0, 0.1: 0.9644225506294472, 0.2: 0.9384578544061303}","{'noise=0.0;missing=0.0': 1.0, 'noise=0.0;missing=0.2': 1.0, 'noise=0.1;missing=0.0': 0.9682539682539683, 'noise=0.1;missing=0.2': 0.9605911330049262, 'noise=0.2;missing=0.0': 0.9384920634920635, 'noise=0.2;missing=0.2': 0.938423645320197}",0.8928571428571429,0.011904761904761904,9,7,26,2.3461538461538463,0.43333333333333335,9,1.6944444444444444,3.3788580246913575,0.5195810564663024,4.422323100376905,"{2: 20, 3: 3, 4: 3}",26,0.0,0.428522544713517
0.9588464696223317,0.8571428571428571,0.9588464696223317,"{0.0: 1.0, 0.1: 0.9741037219485494, 0.2: 0.9024356869184454}","{'noise=0.0;missing=0.0': 1.0, 'noise=0.0;missing=0.2': 1.0, 'noise=0.1;missing=0.0': 0.990079365079365, 'noise=0.1;missing=0.2': 0.9581280788177341, 'noise=0.2;missing=0.0': 0.8849206349206351, 'noise=0.2;missing=0.2': 0.9199507389162561}",0.9285714285714286,0.023809523809523808,9,7,29,2.310344827586207,0.48333333333333334,8,1.8611111111111112,2.8973765432098766,0.46061359867330015,4.592521191156272,"{2: 23, 3: 3, 4: 3}",29,0.0,0.47569362405988364
0.9613323298668125,0.8630952380952381,0.9613323298668125,"{0.0: 1.0, 0.1: 0.968972359058566, 0.2: 0.9150246305418719}","{'noise=0.0;missing=0.0': 1.0, 'noise=0.0;missing=0.2': 1.0, 'noise=0.1;missing=0.0': 0.9662698412698413, 'noise=0.1;missing=0.2': 0.9716748768472907, 'noise=0.2;missing=0.0': 0.9285714285714286, 'noise=0.2;missing=0.2': 0.9014778325123152}",0.9166666666666666,0.03571428571428571,9,7,20,2.45,0.3333333333333333,4,1.3611111111111112,1.2307098765432098,0.45068027210884354,4.558088670425059,"{2: 14, 3: 3, 4: 3}",20,0.0,0.33388567386831275
0.9409437146506112,0.8095238095238095,0.9409437146506112,"{0.0: 1.0, 0.1: 0.949404761904762, 0.2: 0.8734263820470717}","{'noise=0.0;missing=0.0': 1.0, 'noise=0.0;missing=0.2': 1.0, 'noise=0.1;missing=0.0': 0.9345238095238095, 'noise=0.1;missing=0.2': 0.9642857142857143, 'noise=0.2;missing=0.0': 0.9007936507936509, 'noise=0.2;missing=0.2': 0.8460591133004927}",0.8095238095238095,0.011904761904761904,9,7,21,2.2857142857142856,0.35,6,1.3333333333333333,1.8888888888888884,0.5208333333333334,4.3894608760283615,"{2: 17, 3: 2, 4: 2}",21,0.0,0.34868783068783066
0.9453566867359972,0.8154761904761905,0.9453566867359972,"{0.0: 1.0, 0.1: 0.9561439518336071, 0.2: 0.8799261083743842}","{'noise=0.0;missing=0.0': 1.0, 'noise=0.0;missing=0.2': 1.0, 'noise=0.1;missing=0.0': 0.9603174603174603, 'noise=0.1;missing=0.2': 0.9519704433497537, 'noise=0.2;missing=0.0': 0.9285714285714286, 'noise=0.2;missing=0.2': 0.8312807881773397}",0.8333333333333334,0.03571428571428571,9,7,22,2.227272727272727,0.36666666666666664,6,1.3611111111111112,1.7862654320987654,0.514172335600907,4.3640116295204265,"{2: 18, 3: 3, 4: 1}",22,0.0,0.36409821595585484
0.9595420543696407,0.8571428571428571,0.9595420543696407,"{0.0: 1.0, 0.1: 0.9589148877941981, 0.2: 0.9197112753147236}","{'noise=0.0;missing=0.0': 1.0, 'noise=0.0;missing=0.2': 1.0, 'noise=0.1;missing=0.0': 0.9781746031746031, 'noise=0.1;missing=0.2': 0.9396551724137933, 'noise=0.2;missing=0.0': 0.9305555555555556, 'noise=0.2;missing=0.2': 0.9088669950738916}",0.9166666666666666,0.03571428571428571,9,7,26,2.423076923076923,0.43333333333333335,6,1.75,2.076388888888889,0.44223985890652556,4.586030074424607,"{2: 19, 3: 3, 4: 4}",26,0.0,0.42883965455840456
0.9601578179164386,0.8571428571428571,0.9601578179164386,"{0.0: 1.0, 0.1: 0.9699986316365626, 0.2: 0.9104748221127531}","{'noise=0.0;missing=0.0': 1.0, 'noise=0.0;missing=0.2': 1.0, 'noise=0.1;missing=0.0': 0.9781746031746031, 'noise=0.1;missing=0.2': 0.9618226600985222, 'noise=0.2;missing=0.0': 0.9305555555555555, 'noise=0.2;missing=0.2': 0.8903940886699507}",0.9166666666666666,0.03571428571428571,9,7,22,2.3181818181818183,0.36666666666666664,4,1.4166666666666667,1.2986111111111112,0.4417211328976035,4.593610635919457,"{2: 17, 3: 3, 4: 2}",22,0.0,0.36464825336700335
0.9451286261631089,0.8154761904761905,0.9451286261631089,"{0.0: 1.0, 0.1: 0.9620279146141214, 0.2: 0.8733579638752053}","{'noise=0.0;missing=0.0': 1.0, 'noise=0.0;missing=0.2': 1.0, 'noise=0.1;missing=0.0': 0.9523809523809524, 'noise=0.1;missing=0.2': 0.9716748768472907, 'noise=0.2;missing=0.0': 0.9166666666666667, 'noise=0.2;missing=0.2': 0.8300492610837438}",0.8452380952380952,0.023809523809523808,9,7,23,2.5652173913043477,0.38333333333333336,4,1.6388888888888888,1.3418209876543208,0.3940677966101695,4.7083343626644805,"{2: 15, 3: 3, 4: 5}",23,0.0,0.38220431315977815
0.9692688378033206,0.8869047619047619,0.9692688378033206,"{0.0: 1.0, 0.1: 0.9753010399562124, 0.2: 0.9325054734537492}","{'noise=0.0;missing=0.0': 1.0, 'noise=0.0;missing=0.2': 1.0, 'noise=0.1;missing=0.0': 0.9801587301587301, 'noise=0.1;missing=0.2': 0.9704433497536946, 'noise=0.2;missing=0.0': 0.9623015873015872, 'noise=0.2;missing=0.2': 0.9027093596059113}",0.9404761904761905,0.011904761904761904,9,7,20,2.4,0.3333333333333333,6,1.3333333333333333,1.6111111111111114,0.46875,4.511842188131012,"{2: 14, 3: 4, 4: 2}",20,0.0,0.3336018518518518
0.9658479292099981,0.875,0.9658479292099981,"{0.0: 1.0, 0.1: 0.9728721948549534, 0.2: 0.9246715927750412}","{'noise=0.0;missing=0.0': 1.0, 'noise=0.0;missing=0.2': 1.0, 'noise=0.1;missing=0.0': 0.990079365079365, 'noise=0.1;missing=0.2': 0.9556650246305418, 'noise=0.2;missing=0.0': 0.9404761904761906, 'noise=0.2;missing=0.2': 0.9088669950738916}",0.9285714285714286,0.03571428571428571,9,7,28,2.4285714285714284,0.4666666666666667,5,1.8888888888888888,1.8209876543209882,0.3946078431372549,4.727117349132429,"{2: 20, 3: 4, 4: 4}",28,0.0,0.46050191064079954
0.9482530560116766,0.8333333333333334,0.9482530560116766,"{0.0: 1.0, 0.1: 0.9558702791461412, 0.2: 0.888888888888889}","{'noise=0.0;missing=0.0': 1.0, 'noise=0.0;missing=0.2': 1.0, 'noise=0.1;missing=0.0': 0.9523809523809524, 'noise=0.1;missing=0.2': 0.9593596059113302, 'noise=0.2;missing=0.0': 0.8849206349206351, 'noise=0.2;missing=0.2': 0.8928571428571427}",0.8809523809523809,0.011904761904761904,9,7,20,2.45,0.3333333333333333,6,1.3611111111111112,2.0084876543209877,0.5277777777777778,4.377379426092949,"{2: 14, 3: 3, 4: 3}",20,0.0,0.33401530349794234
0.9674215471629265,0.8869047619047619,0.9674215471629265,"{0.0: 1.0, 0.1: 0.9644225506294472, 0.2: 0.9378420908593322}","{'noise=0.0;missing=0.0': 1.0, 'noise=0.0;missing=0.2': 1.0, 'noise=0.1;missing=0.0': 0.9682539682539683, 'noise=0.1;missing=0.2': 0.9605911330049262, 'noise=0.2;missing=0.0': 0.9384920634920635, 'noise=0.2;missing=0.2': 0.9371921182266009}",0.8928571428571429,0.011904761904761904,9,7,24,2.3333333333333335,0.4,9,1.5555555555555556,3.191358024691359,0.560515873015873,4.279696439528413,"{2: 18, 3: 4, 4: 2}",24,0.0,0.39673559670781894
0.9655286444079546,0.8690476190476191,0.9655286444079546,"{0.0: 1.0, 0.1: 0.971743295019157, 0.2: 0.9248426382047071}","{'noise=0.0;missing=0.0': 1.0, 'noise=0.0;missing=0.2': 1.0, 'noise=0.1;missing=0.0': 0.9841269841269842, 'noise=0.1;missing=0.2': 0.9593596059113301, 'noise=0.2;missing=0.0': 0.9543650793650793, 'noise=0.2;missing=0.2': 0.8953201970443349}",0.9047619047619048,0.047619047619047616,9,7,19,2.3684210526315788,0.31666666666666665,6,1.25,1.8541666666666667,0.5524691358024691,4.2859717072965555,"{2: 14, 3: 3, 4: 2}",19,0.0,0.31758972953216374
0.9557106367451196,0.8511904761904762,0.9557106367451196,"{0.0: 1.0, 0.1: 0.9667145593869731, 0.2: 0.9004173508483853}","{'noise=0.0;missing=0.0': 1.0, 'noise=0.0;missing=0.2': 1.0, 'noise=0.1;missing=0.0': 0.990079365079365, 'noise=0.1;missing=0.2': 0.9433497536945813, 'noise=0.2;missing=0.0': 0.871031746031746, 'noise=0.2;missing=0.2': 0.9298029556650246}",0.9166666666666666,0.011904761904761904,9,7,28,2.357142857142857,0.4666666666666667,9,1.8333333333333333,3.1944444444444446,0.47895622895622897,4.517603877381055,"{2: 21, 3: 4, 4: 3}",28,0.0,0.46023478835978837
0.9550036489691662,0.8452380952380952,0.9550036489691662,"{0.0: 1.0, 0.1: 0.9518678160919539, 0.2: 0.9131431308155447}","{'noise=0.0;missing=0.0': 1.0, 'noise=0.0;missing=0.2': 1.0, 'noise=0.1;missing=0.0': 0.9345238095238095, 'noise=0.1;missing=0.2': 0.9692118226600986, 'noise=0.2;missing=0.0': 0.9186507936507937, 'noise=0.2;missing=0.2': 0.9076354679802955}",0.8690476190476191,0.03571428571428571,9,7,23,2.5217391304347827,0.38333333333333336,6,1.6111111111111112,2.015432098765432,0.45881226053639845,4.571270814384628,"{2: 15, 3: 4, 4: 4}",23,0.0,0.38201464931114687
0.961229702609013,0.8571428571428571,0.961229702609013,"{0.0: 1.0, 0.1: 0.9610700602079911, 0.2: 0.9226190476190476}","{'noise=0.0;missing=0.0': 1.0, 'noise=0.0;missing=0.2': 1.0, 'noise=0.1;missing=0.0': 0.9603174603174603, 'noise=0.1;missing=0.2': 0.9618226600985222, 'noise=0.2;missing=0.0': 0.9523809523809523, 'noise=0.2;missing=0.2': 0.8928571428571427}",0.8928571428571429,0.03571428571428571,9,7,19,2.3157894736842106,0.31666666666666665,5,1.2222222222222223,1.2839506172839505,0.48737373737373735,4.4622883690707695,"{2: 15, 3: 2, 4: 2}",19,0.0,0.3171291964479099
0.968949553001277,0.8928571428571429,0.968949553001277,"{0.0: 1.0, 0.1: 0.9759510125889436, 0.2: 0.9308976464148877}","{'noise=0.0;missing=0.0': 1.0, 'noise=0.0;missing=0.2': 1.0, 'noise=0.1;missing=0.0': 0.990079365079365, 'noise=0.1;missing=0.2': 0.9618226600985221, 'noise=0.2;missing=0.0': 0.9246031746031746, 'noise=0.2;missing=0.2': 0.9371921182266009}",0.9523809523809523,0.023809523809523808,9,7,26,2.5,0.43333333333333335,6,1.8055555555555556,2.2677469135802473,0.4482905982905983,4.599237144351257,"{2: 17, 3: 5, 4: 4}",26,0.0,0.4294057355967078
0.9637839810253603,0.875,0.9637839810253603,"{0.0: 1.0, 0.1: 0.9790298303229338, 0.2: 0.9123221127531471}","{'noise=0.0;missing=0.0': 1.0, 'noise=0.0;missing=0.2': 1.0, 'noise=0.1;missing=0.0': 0.990079365079365, 'noise=0.1;missing=0.2': 0.9679802955665026, 'noise=0.2;missing=0.0': 0.8948412698412698, 'noise=0.2;missing=0.2': 0.9298029556650246}",0.9285714285714286,0.011904761904761904,9,7,26,2.423076923076923,0.43333333333333335,7,1.75,2.4652777777777777,0.46164021164021163,4.562431861440119,"{2: 18, 3: 5, 4: 3}",26,0.0,0.4289044693732194
0.9637839810253604,0.8690476190476191,0.9637839810253604,"{0.0: 1.0, 0.1: 0.964867268746579, 0.2: 0.926484674329502}","{'noise=0.0;missing=0.0': 1.0, 'noise=0.0;missing=0.2': 1.0, 'noise=0.1;missing=0.0': 0.990079365079365, 'noise=0.1;missing=0.2': 0.939655172413793, 'noise=0.2;missing=0.0': 0.9305555555555556, 'noise=0.2;missing=0.2': 0.9224137931034482}",0.9166666666666666,0.047619047619047616,9,7,22,2.1363636363636362,0.36666666666666664,5,1.3055555555555556,1.8233024691358029,0.5372340425531915,4.321095905910891,"{2: 19, 3: 3}",22,0.0,0.36347307566404785
0.9482644590403211,0.8273809523809523,0.9482644590403211,"{0.0: 1.0, 0.1: 0.9566570881226053, 0.2: 0.8881362889983581}","{'noise=0.0;missing=0.0': 1.0, 'noise=0.0;missing=0.2': 1.0, 'noise=0.1;missing=0.0': 0.9662698412698413, 'noise=0.1;missing=0.2': 0.9470443349753694, 'noise=0.2;missing=0.0': 0.9166666666666667, 'noise=0.2;missing=0.2': 0.8596059113300492}",0.9047619047619048,0.023809523809523808,9,7,24,2.25,0.4,6,1.5,1.9722222222222223,0.5010288065843621,4.420830094435547,"{2: 20, 3: 2, 4: 2}",24,0.0,0.3959537037037037
0.9696109286626529,0.8928571428571429,0.9696109286626529,"{0.0: 1.0, 0.1: 0.9644225506294472, 0.2: 0.9444102353585111}","{'noise=0.0;missing=0.0': 1.0, 'noise=0.0;missing=0.2': 1.0, 'noise=0.1;missing=0.0': 0.9682539682539683, 'noise=0.1;missing=0.2': 0.9605911330049262, 'noise=0.2;missing=0.0': 0.9503968253968254, 'noise=0.2;missing=0.2': 0.938423645320197}",0.9047619047619048,0.011904761904761904,9,7,25,2.32,0.4166666666666667,9,1.6111111111111112,3.2376543209876543,0.5181992337164751,4.409476366363005,"{2: 20, 3: 2, 4: 3}",25,0.0,0.4124840534979424
0.9686530742565225,0.8928571428571429,0.9686530742565225,"{0.0: 1.0, 0.1: 0.9734537493158183, 0.2: 0.9325054734537493}","{'noise=0.0;missing=0.0': 1.0, 'noise=0.0;missing=0.2': 1.0, 'noise=0.1;missing=0.0': 0.9801587301587301, 'noise=0.1;missing=0.2': 0.9667487684729065, 'noise=0.2;missing=0.0': 0.9265873015873015, 'noise=0.2;missing=0.2': 0.938423645320197}",0.9166666666666666,0.0,9,7,22,2.4545454545454546,0.36666666666666664,8,1.5,2.8055555555555554,0.5473251028806584,4.3267501784826585,"{2: 15, 3: 4, 4: 3}",22,0.0,0.36584638047138046
0.9515029191753331,0.8333333333333334,0.9515029191753331,"{0.0: 1.0, 0.1: 0.9615489874110564, 0.2: 0.8929597701149427}","{'noise=0.0;missing=0.0': 1.0, 'noise=0.0;missing=0.2': 1.0, 'noise=0.1;missing=0.0': 0.9563492063492064, 'noise=0.1;missing=0.2': 0.9667487684729065, 'noise=0.2;missing=0.0': 0.9226190476190476, 'noise=0.2;missing=0.2': 0.8633004926108373}",0.8571428571428571,0.0,9,7,19,2.3157894736842106,0.31666666666666665,6,1.2222222222222223,1.6728395061728394,0.49873737373737376,4.416833823616224,"{2: 14, 3: 4, 4: 1}",19,0.0,0.3171940112627247
0.951810800948732,0.8273809523809523,0.951810800948732,"{0.0: 1.0, 0.1: 0.9665093048713739, 0.2: 0.888923097974822}","{'noise=0.0;missing=0.0': 1.0, 'noise=0.0;missing=0.2': 1.0, 'noise=0.1;missing=0.0': 0.9662698412698412, 'noise=0.1;missing=0.2': 0.9667487684729064, 'noise=0.2;missing=0.0': 0.9305555555555556, 'noise=0.2;missing=0.2': 0.8472906403940884}",0.8333333333333334,0.023809523809523808,9,7,21,2.380952380952381,0.35,6,1.3888888888888888,1.737654320987654,0.4922222222222222,4.473269689515109,"{2: 15, 3: 4, 4: 2}",21,0.0,0.3493240005878894
0.9679802955665024,0.8809523809523809,0.9679802955665024,"{0.0: 1.0, 0.1: 0.9777983032293377, 0.2: 0.9261425834701696}","{'noise=0.0;missing=0.0': 1.0, 'noise=0.0;missing=0.2': 1.0, 'noise=0.1;missing=0.0': 0.990079365079365, 'noise=0.1;missing=0.2': 0.9655172413793104, 'noise=0.2;missing=0.0': 0.9384920634920635, 'noise=0.2;missing=0.2': 0.9137931034482758}",0.9166666666666666,0.047619047619047616,9,7,25,2.48,0.4166666666666667,4,1.7222222222222223,1.5339506172839505,0.40053763440860213,4.699769898922079,"{2: 17, 3: 4, 4: 4}",25,0.0,0.4133112139917696
0.9655286444079546,0.8809523809523809,0.9655286444079546,"{0.0: 1.0, 0.1: 0.9759510125889436, 0.2: 0.9206349206349207}","{'noise=0.0;missing=0.0': 1.0, 'noise=0.0;missing=0.2': 1.0, 'noise=0.1;missing=0.0': 0.990079365079365, 'noise=0.1;missing=0.2': 0.9618226600985221, 'noise=0.2;missing=0.0': 0.9126984126984128, 'noise=0.2;missing=0.2': 0.9285714285714285}",0.9404761904761905,0.023809523809523808,9,7,28,2.5,0.4666666666666667,6,1.9444444444444444,2.2191358024691357,0.4103174603174603,4.675731503204188,"{2: 18, 3: 6, 4: 4}",28,0.0,0.46106430041152263
0.961229702609013,0.8571428571428571,0.961229702609013,"{0.0: 1.0, 0.1: 0.9610700602079911, 0.2: 0.9226190476190476}","{'noise=0.0;missing=0.0': 1.0, 'noise=0.0;missing=0.2': 1.0, 'noise=0.1;missing=0.0': 0.9603174603174603, 'noise=0.1;missing=0.2': 0.9618226600985222, 'noise=0.2;missing=0.0': 0.9523809523809523, 'noise=0.2;missing=0.2': 0.8928571428571427}",0.8928571428571429,0.03571428571428571,9,7,19,2.263157894736842,0.31666666666666665,5,1.1944444444444444,1.2121913580246915,0.47351421188630494,4.498955383052628,"{2: 15, 3: 3, 4: 1}",19,0.0,0.31675173949534324
0.944740923189199,0.8035714285714286,0.944740923189199,"{0.0: 1.0, 0.1: 0.9584701696770662, 0.2: 0.875752599890531}","{'noise=0.0;missing=0.0': 1.0, 'noise=0.0;missing=0.2': 1.0, 'noise=0.1;missing=0.0': 0.9563492063492064, 'noise=0.1;missing=0.2': 0.960591133004926, 'noise=0.2;missing=0.0': 0.896825396825397, 'noise=0.2;missing=0.2': 0.8546798029556648}",0.8571428571428571,0.03571428571428571,9,7,20,2.35,0.3333333333333333,7,1.3055555555555556,2.10108024691358,0.5490543735224587,4.3062689694849325,"{2: 15, 3: 3, 4: 2}",20,0.0,0.3333362911522634
0.9677522349936142,0.8809523809523809,0.9677522349936142,"{0.0: 1.0, 0.1: 0.964867268746579, 0.2: 0.9383894362342637}","{'noise=0.0;missing=0.0': 1.0, 'noise=0.0;missing=0.2': 1.0, 'noise=0.1;missing=0.0': 0.990079365079365, 'noise=0.1;missing=0.2': 0.939655172413793, 'noise=0.2;missing=0.0': 0.9543650793650793, 'noise=0.2;missing=0.2': 0.9224137931034482}",0.9285714285714286,0.047619047619047616,9,7,27,2.4444444444444446,0.45,5,1.8333333333333333,1.5277777777777781,0.3686868686868687,4.780998998369755,"{2: 19, 3: 4, 4: 4}",27,0.0,0.44472993827160495
0.9431444991789819,0.8154761904761905,0.9431444991789819,"{0.0: 1.0, 0.1: 0.9543650793650793, 0.2: 0.8750684181718664}","{'noise=0.0;missing=0.0': 1.0, 'noise=0.0;missing=0.2': 1.0, 'noise=0.1;missing=0.0': 0.9444444444444445, 'noise=0.1;missing=0.2': 0.9642857142857143, 'noise=0.2;missing=0.0': 0.9126984126984128, 'noise=0.2;missing=0.2': 0.8374384236453202}",0.8214285714285714,0.011904761904761904,9,7,20,2.3,0.3333333333333333,6,1.2777777777777777,1.9228395061728396,0.5640096618357487,4.251185325340039,"{2: 15, 3: 4, 4: 1}",20,0.0,0.33295936213991767
0.9344781974092319,0.7916666666666666,0.9344781974092319,"{0.0: 1.0, 0.1: 0.9399972632731253, 0.2: 0.8634373289545704}","{'noise=0.0;missing=0.0': 1.0, 'noise=0.0;missing=0.2': 1.0, 'noise=0.1;missing=0.0': 0.9206349206349207, 'noise=0.1;missing=0.2': 0.9593596059113302, 'noise=0.2;missing=0.0': 0.896825396825397, 'noise=0.2;missing=0.2': 0.8300492610837438}",0.8214285714285714,0.011904761904761904,9,7,17,2.235294117647059,0.2833333333333333,6,1.0555555555555556,1.7191358024691357,0.6023391812865497,4.11583409216322,"{2: 14, 3: 2, 4: 1}",17,0.0,0.284976065117405
0.9623928115307424,0.875,0.9623928115307424,"{0.0: 1.0, 0.1: 0.9539887794198139, 0.2: 0.9331896551724138}","{'noise=0.0;missing=0.0': 1.0, 'noise=0.0;missing=0.2': 1.0, 'noise=0.1;missing=0.0': 0.9781746031746031, 'noise=0.1;missing=0.2': 0.9298029556650247, 'noise=0.2;missing=0.0': 0.9464285714285714, 'noise=0.2;missing=0.2': 0.9199507389162561}",0.9523809523809523,0.011904761904761904,9,7,22,2.227272727272727,0.36666666666666664,9,1.3611111111111112,3.0640432098765435,0.5912698412698413,4.162495242154565,"{2: 18, 3: 3, 4: 1}",22,0.0,0.3643111789188178
0.9648558657179346,0.8809523809523809,0.9648558657179346,"{0.0: 1.0, 0.1: 0.9613779419813903, 0.2: 0.9331896551724138}","{'noise=0.0;missing=0.0': 1.0, 'noise=0.0;missing=0.2': 1.0, 'noise=0.1;missing=0.0': 0.9781746031746031, 'noise=0.1;missing=0.2': 0.9445812807881774, 'noise=0.2;missing=0.0': 0.9464285714285713, 'noise=0.2;missing=0.2': 0.9199507389162561}",0.9404761904761905,0.011904761904761904,9,7,20,2.25,0.3333333333333333,8,1.25,2.4097222222222223,0.578395061728395,4.197082818407666,"{2: 16, 3: 3, 4: 1}",20,0.0,0.33269328703703704
0.9595420543696407,0.8571428571428571,0.9595420543696407,"{0.0: 1.0, 0.1: 0.9589148877941981, 0.2: 0.9197112753147236}","{'noise=0.0;missing=0.0': 1.0, 'noise=0.0;missing=0.2': 1.0, 'noise=0.1;missing=0.0': 0.9781746031746031, 'noise=0.1;missing=0.2': 0.9396551724137933, 'noise=0.2;missing=0.0': 0.9305555555555556, 'noise=0.2;missing=0.2': 0.9088669950738916}",0.9166666666666666,0.03571428571428571,9,7,26,2.3461538461538463,0.43333333333333335,6,1.6944444444444444,2.045524691358024,0.4521857923497268,4.5922333950752705,"{2: 20, 3: 3, 4: 3}",26,0.0,0.42830032249129474
0.9658479292099981,0.875,0.9658479292099981,"{0.0: 1.0, 0.1: 0.9728721948549534, 0.2: 0.9246715927750412}","{'noise=0.0;missing=0.0': 1.0, 'noise=0.0;missing=0.2': 1.0, 'noise=0.1;missing=0.0': 0.990079365079365, 'noise=0.1;missing=0.2': 0.9556650246305418, 'noise=0.2;missing=0.0': 0.9404761904761906, 'noise=0.2;missing=0.2': 0.9088669950738916}",0.9285714285714286,0.03571428571428571,9,7,26,2.3076923076923075,0.43333333333333335,5,1.6666666666666667,1.611111111111111,0.41203703703703703,4.696404087557007,"{2: 21, 3: 2, 4: 3}",26,0.0,0.4279608262108262
0.9696109286626529,0.8928571428571429,0.9696109286626529,"{0.0: 1.0, 0.1: 0.9644225506294472, 0.2: 0.9444102353585111}","{'noise=0.0;missing=0.0': 1.0, 'noise=0.0;missing=0.2': 1.0, 'noise=0.1;missing=0.0': 0.9682539682539683, 'noise=0.1;missing=0.2': 0.9605911330049262, 'noise=0.2;missing=0.0': 0.9503968253968254, 'noise=0.2;missing=0.2': 0.938423645320197}",0.9047619047619048,0.011904761904761904,9,7,25,2.36,0.4166666666666667,9,1.6388888888888888,3.452932098765432,0.5371939736346516,4.363610694399441,"{2: 20, 3: 1, 4: 4}",25,0.0,0.41279771090534984
0.9582307060755336,0.8511904761904762,0.9582307060755336,"{0.0: 1.0, 0.1: 0.965004105090312, 0.2: 0.9096880131362891}","{'noise=0.0;missing=0.0': 1.0, 'noise=0.0;missing=0.2': 1.0, 'noise=0.1;missing=0.0': 0.9583333333333334, 'noise=0.1;missing=0.2': 0.9716748768472907, 'noise=0.2;missing=0.0': 0.9523809523809524, 'noise=0.2;missing=0.2': 0.8669950738916254}",0.9047619047619048,0.03571428571428571,9,7,17,2.3529411764705883,0.2833333333333333,3,1.1111111111111112,0.9876543209876546,0.4888888888888889,4.446439344671016,"{2: 13, 3: 2, 4: 2}",17,0.0,0.2856711450012104
0.9592113665389528,0.8571428571428571,0.9592113665389528,"{0.0: 1.0, 0.1: 0.9638409961685824, 0.2: 0.9137931034482759}","{'noise=0.0;missing=0.0': 1.0, 'noise=0.0;missing=0.2': 1.0, 'noise=0.1;missing=0.0': 0.978174603174603, 'noise=0.1;missing=0.2': 0.9495073891625616, 'noise=0.2;missing=0.0': 0.9285714285714286, 'noise=0.2;missing=0.2': 0.899014778325123}",0.8928571428571429,0.03571428571428571,9,7,27,2.3333333333333335,0.45,4,1.75,1.5763888888888888,0.3972663139329806,4.7230013519339815,"{2: 21, 3: 3, 4: 3}",27,0.0,0.4439664351851852
0.9602376391169495,0.8690476190476191,0.9602376391169495,"{0.0: 1.0, 0.1: 0.9601122058018611, 0.2: 0.9206007115489874}","{'noise=0.0;missing=0.0': 1.0, 'noise=0.0;missing=0.2': 1.0, 'noise=0.1;missing=0.0': 0.9682539682539683, 'noise=0.1;missing=0.2': 0.9519704433497537, 'noise=0.2;missing=0.0': 0.9027777777777778, 'noise=0.2;missing=0.2': 0.938423645320197}",0.8928571428571429,0.0,9,7,21,2.4285714285714284,0.35,8,1.4166666666666667,2.8541666666666656,0.5757080610021786,4.238711312976127,"{2: 15, 3: 3, 4: 3}",21,0.0,0.3498407738095238
0.9630541871921183,0.8690476190476191,0.9630541871921183,"{0.0: 1.0, 0.1: 0.9759510125889436, 0.2: 0.9132115489874112}","{'noise=0.0;missing=0.0': 1.0, 'noise=0.0;missing=0.2': 1.0, 'noise=0.1;missing=0.0': 0.990079365079365, 'noise=0.1;missing=0.2': 0.9618226600985222, 'noise=0.2;missing=0.0': 0.9384920634920635, 'noise=0.2;missing=0.2': 0.8879310344827587}",0.9166666666666666,0.023809523809523808,9,7,22,2.3636363636363638,0.36666666666666664,4,1.4444444444444444,1.5802469135802464,0.4797008547008547,4.512469766009989,"{2: 16, 3: 4, 4: 2}",22,0.0,0.3650108492330715
0.9472381864623243,0.8214285714285714,0.9472381864623243,"{0.0: 1.0, 0.1: 0.9661330049261083, 0.2: 0.8755815544608649}","{'noise=0.0;missing=0.0': 1.0, 'noise=0.0;missing=0.2': 1.0, 'noise=0.1;missing=0.0': 0.9642857142857142, 'noise=0.1;missing=0.2': 0.9679802955665026, 'noise=0.2;missing=0.0': 0.9186507936507937, 'noise=0.2;missing=0.2': 0.8325123152709358}",0.8333333333333334,0.023809523809523808,9,7,18,2.1666666666666665,0.3,4,1.0833333333333333,0.965277777777778,0.47649572649572647,4.477459270033353,"{2: 15, 3: 3}",18,0.0,0.3002071759259259
0.9666005291005291,0.8809523809523809,0.9666005291005291,"{0.0: 1.0, 0.1: 0.964251505199781, 0.2: 0.9355500821018062}","{'noise=0.0;missing=0.0': 1.0, 'noise=0.0;missing=0.2': 1.0, 'noise=0.1;missing=0.0': 0.990079365079365, 'noise=0.1;missing=0.2': 0.938423645320197, 'noise=0.2;missing=0.0': 0.9523809523809524, 'noise=0.2;missing=0.2': 0.91871921182266}",0.9523809523809523,0.023809523809523808,9,7,28,2.3214285714285716,0.4666666666666667,9,1.8055555555555556,2.9899691358024687,0.44914529914529916,4.587623490471819,"{2: 22, 3: 3, 4: 3}",28,0.0,0.4599526932686655
0.9659163473818647,0.8809523809523809,0.9659163473818647,"{0.0: 1.0, 0.1: 0.9743089764641489, 0.2: 0.9234400656814451}","{'noise=0.0;missing=0.0': 1.0, 'noise=0.0;missing=0.2': 1.0, 'noise=0.1;missing=0.0': 0.9781746031746031, 'noise=0.1;missing=0.2': 0.9704433497536946, 'noise=0.2;missing=0.0': 0.9404761904761905, 'noise=0.2;missing=0.2': 0.9064039408866994}",0.9523809523809523,0.011904761904761904,9,7,21,2.4285714285714284,0.35,6,1.4166666666666667,1.9652777777777775,0.5038126361655774,4.444401999165795,"{2: 15, 3: 3, 4: 3}",21,0.0,0.3496926256613756
0.9365421455938697,0.7976190476190477,0.9365421455938697,"{0.0: 1.0, 0.1: 0.9409893267651889, 0.2: 0.8686371100164204}","{'noise=0.0;missing=0.0': 1.0, 'noise=0.0;missing=0.2': 1.0, 'noise=0.1;missing=0.0': 0.9226190476190476, 'noise=0.1;missing=0.2': 0.9593596059113302, 'noise=0.2;missing=0.0': 0.9047619047619049, 'noise=0.2;missing=0.2': 0.8325123152709358}",0.8214285714285714,0.0,9,7,17,2.3529411764705883,0.2833333333333333,6,1.1111111111111112,1.7654320987654326,0.5805555555555556,4.184183719779189,"{2: 13, 3: 2, 4: 2}",17,0.0,0.28580077463083997
0.9632594417077175,0.875,0.9632594417077175,"{0.0: 1.0, 0.1: 0.9613779419813903, 0.2: 0.9284003831417625}","{'noise=0.0;missing=0.0': 1.0, 'noise=0.0;missing=0.2': 1.0, 'noise=0.1;missing=0.0': 0.9781746031746031, 'noise=0.1;missing=0.2': 0.9445812807881774, 'noise=0.2;missing=0.0': 0.9503968253968254, 'noise=0.2;missing=0.2': 0.9064039408866994}",0.9523809523809523,0.011904761904761904,9,7,22,2.227272727272727,0.36666666666666664,9,1.3611111111111112,3.064043209876543,0.5912698412698413,4.162495242154566,"{2: 18, 3: 3, 4: 1}",22,0.0,0.3643111789188178
0.9658137201240651,0.8869047619047619,0.9658137201240651,"{0.0: 1.0, 0.1: 0.9599411603721949, 0.2: 0.9375}","{'noise=0.0;missing=0.0': 1.0, 'noise=0.0;missing=0.2': 1.0, 'noise=0.1;missing=0.0': 0.990079365079365, 'noise=0.1;missing=0.2': 0.9298029556650247, 'noise=0.2;missing=0.0': 0.9464285714285714, 'noise=0.2;missing=0.2': 0.9285714285714286}",0.9523809523809523,0.011904761904761904,9,7,23,2.260869565217391,0.38333333333333336,9,1.4444444444444444,2.9135802469135803,0.5491452991452992,4.300555342766645,"{2: 19, 3: 2, 4: 2}",23,0.0,0.38035274646627304
0.9629059478197409,0.8690476190476191,0.9629059478197409,"{0.0: 1.0, 0.1: 0.959496442255063, 0.2: 0.9292214012041597}","{'noise=0.0;missing=0.0': 1.0, 'noise=0.0;missing=0.2': 1.0, 'noise=0.1;missing=0.0': 0.9682539682539683, 'noise=0.1;missing=0.2': 0.9507389162561576, 'noise=0.2;missing=0.0': 0.9384920634920635, 'noise=0.2;missing=0.2': 0.9199507389162561}",0.8928571428571429,0.023809523809523808,9,7,26,2.3846153846153846,0.43333333333333335,9,1.7222222222222223,3.42283950617284,0.5268817204301075,4.405595206058732,"{2: 19, 3: 4, 4: 3}",26,0.0,0.42879696897752456
0.9559386973180077,0.8511904761904762,0.9559386973180077,"{0.0: 1.0, 0.1: 0.9490284619594964, 0.2: 0.9187876299945266}","{'noise=0.0;missing=0.0': 1.0, 'noise=0.0;missing=0.2': 1.0, 'noise=0.1;missing=0.0': 0.9682539682539683, 'noise=0.1;missing=0.2': 0.9298029556650247, 'noise=0.2;missing=0.0': 0.9484126984126985, 'noise=0.2;missing=0.2': 0.8891625615763546}",0.9285714285714286,0.011904761904761904,9,7,26,2.3076923076923075,0.43333333333333335,9,1.6666666666666667,2.611111111111111,0.4324074074074074,4.5980685120588385,"{2: 21, 3: 2, 4: 3}",26,0.0,0.4281274928774929
0.9621419449005655,0.875,0.9621419449005655,"{0.0: 1.0, 0.1: 0.9641488779419813, 0.2: 0.9222769567597153}","{'noise=0.0;missing=0.0': 1.0, 'noise=0.0;missing=0.2': 1.0, 'noise=0.1;missing=0.0': 0.9603174603174603, 'noise=0.1;missing=0.2': 0.9679802955665026, 'noise=0.2;missing=0.0': 0.9246031746031748, 'noise=0.2;missing=0.2': 0.919950738916256}",0.8928571428571429,0.011904761904761904,9,7,22,2.409090909090909,0.36666666666666664,8,1.4722222222222223,2.971450617283951,0.5634171907756813,4.280202417710358,"{2: 17, 3: 1, 4: 4}",22,0.0,0.36555837308267863
0.9694854953475643,0.8869047619047619,0.9694854953475643,"{0.0: 1.0, 0.1: 0.9728721948549534, 0.2: 0.9355842911877394}","{'noise=0.0;missing=0.0': 1.0, 'noise=0.0;missing=0.2': 1.0, 'noise=0.1;missing=0.0': 0.990079365079365, 'noise=0.1;missing=0.2': 0.9556650246305418, 'noise=0.2;missing=0.0': 0.9623015873015873, 'noise=0.2;missing=0.2': 0.9088669950738916}",0.9285714285714286,0.03571428571428571,9,7,25,2.52,0.4166666666666667,5,1.75,1.7430555555555556,0.4184303350970018,4.673486820525034,"{2: 16, 3: 5, 4: 4}",25,0.0,0.41362384259259266
0.9588236635650428,0.8511904761904762,0.9588236635650428,"{0.0: 1.0, 0.1: 0.9602148330596607, 0.2: 0.916256157635468}","{'noise=0.0;missing=0.0': 1.0, 'noise=0.0;missing=0.2': 1.0, 'noise=0.1;missing=0.0': 0.9623015873015872, 'noise=0.1;missing=0.2': 0.958128078817734, 'noise=0.2;missing=0.0': 0.9285714285714286, 'noise=0.2;missing=0.2': 0.9039408866995072}",0.8690476190476191,0.03571428571428571,9,7,20,2.35,0.3333333333333333,7,1.3055555555555556,1.8233024691358029,0.5029550827423168,4.4074367886799015,"{2: 15, 3: 3, 4: 2}",20,0.0,0.33328999485596705
0.9694056741470535,0.8928571428571429,0.9694056741470535,"{0.0: 1.0, 0.1: 0.9644225506294472, 0.2: 0.9437944718117132}","{'noise=0.0;missing=0.0': 1.0, 'noise=0.0;missing=0.2': 1.0, 'noise=0.1;missing=0.0': 0.9682539682539683, 'noise=0.1;missing=0.2': 0.9605911330049262, 'noise=0.2;missing=0.0': 0.9503968253968254, 'noise=0.2;missing=0.2': 0.9371921182266009}",0.9047619047619048,0.011904761904761904,9,7,24,2.3333333333333335,0.4,9,1.5555555555555556,3.302469135802469,0.5625,4.286667145342042,"{2: 19, 3: 2, 4: 3}",24,0.0,0.39675411522633747
0.9568281335522715,0.8511904761904762,0.9568281335522715,"{0.0: 1.0, 0.1: 0.968972359058566, 0.2: 0.9015120415982485}","{'noise=0.0;missing=0.0': 1.0, 'noise=0.0;missing=0.2': 1.0, 'noise=0.1;missing=0.0': 0.9662698412698413, 'noise=0.1;missing=0.2': 0.9716748768472907, 'noise=0.2;missing=0.0': 0.9384920634920635, 'noise=0.2;missing=0.2': 0.8645320197044334}",0.9047619047619048,0.03571428571428571,9,7,17,2.235294117647059,0.2833333333333333,3,1.0555555555555556,0.9413580246913581,0.5014619883040936,4.398857447483312,"{2: 14, 3: 2, 4: 1}",17,0.0,0.28484643548777533
0.9639550264550265,0.875,0.9639550264550265,"{0.0: 1.0, 0.1: 0.964251505199781, 0.2: 0.9276135741652983}","{'noise=0.0;missing=0.0': 1.0, 'noise=0.0;missing=0.2': 1.0, 'noise=0.1;missing=0.0': 0.990079365079365, 'noise=0.1;missing=0.2': 0.938423645320197, 'noise=0.2;missing=0.0': 0.9365079365079365, 'noise=0.2;missing=0.2': 0.91871921182266}",0.9404761904761905,0.023809523809523808,9,7,26,2.3461538461538463,0.43333333333333335,8,1.6944444444444444,2.4899691358024687,0.44672131147540983,4.6009108543044634,"{2: 20, 3: 3, 4: 3}",26,0.0,0.4283743965653688
0.9646278051450464,0.875,0.9646278051450464,"{0.0: 1.0, 0.1: 0.9693486590038314, 0.2: 0.9245347564313081}","{'noise=0.0;missing=0.0': 1.0, 'noise=0.0;missing=0.2': 1.0, 'noise=0.1;missing=0.0': 0.9682539682539683, 'noise=0.1;missing=0.2': 0.9704433497536946, 'noise=0.2;missing=0.0': 0.9365079365079365, 'noise=0.2;missing=0.2': 0.9125615763546797}",0.9285714285714286,0.011904761904761904,9,7,20,2.3,0.3333333333333333,7,1.2777777777777777,1.9783950617283956,0.5362318840579711,4.324404141736792,"{2: 16, 3: 2, 4: 2}",20,0.0,0.33296862139917693
0.9712415617588032,0.8928571428571429,0.9712415617588032,"{0.0: 1.0, 0.1: 0.9771825396825397, 0.2: 0.9365421455938697}","{'noise=0.0;missing=0.0': 1.0, 'noise=0.0;missing=0.2': 1.0, 'noise=0.1;missing=0.0': 0.990079365079365, 'noise=0.1;missing=0.2': 0.9642857142857143, 'noise=0.2;missing=0.0': 0.9543650793650793, 'noise=0.2;missing=0.2': 0.91871921182266}",0.9404761904761905,0.023809523809523808,9,7,22,2.409090909090909,0.36666666666666664,6,1.4722222222222223,1.9714506172839508,0.4889937106918239,4.494258605784819,"{2: 15, 3: 5, 4: 2}",22,0.0,0.36539170641601193
0.9729634190841088,0.9047619047619048,0.9729634190841088,"{0.0: 1.0, 0.1: 0.9808771209633278, 0.2: 0.9380131362889984}","{'noise=0.0;missing=0.0': 1.0, 'noise=0.0;missing=0.2': 1.0, 'noise=0.1;missing=0.0': 0.990079365079365, 'noise=0.1;missing=0.2': 0.9716748768472907, 'noise=0.2;missing=0.0': 0.9166666666666667, 'noise=0.2;missing=0.2': 0.95935960591133}",0.9523809523809523,0.011904761904761904,9,7,25,2.44,0.4166666666666667,6,1.6944444444444444,1.9344135802469131,0.43397085610200364,4.637395485274671,"{2: 18, 3: 3, 4: 4}",25,0.0,0.4131001800411523
0.9467934683451925,0.8214285714285714,0.9467934683451925,"{0.0: 1.0, 0.1: 0.9531677613574165, 0.2: 0.887212643678161}","{'noise=0.0;missing=0.0': 1.0, 'noise=0.0;missing=0.2': 1.0, 'noise=0.1;missing=0.0': 0.9543650793650794, 'noise=0.1;missing=0.2': 0.9519704433497537, 'noise=0.2;missing=0.0': 0.8988095238095238, 'noise=0.2;missing=0.2': 0.8756157635467979}",0.8571428571428571,0.011904761904761904,9,7,20,2.2,0.3333333333333333,7,1.2222222222222223,2.1728395061728394,0.5631313131313131,4.242936449652515,"{2: 17, 3: 2, 4: 1}",20,0.0,0.3323065843621399
0.961229702609013,0.8571428571428571,0.961229702609013,"{0.0: 1.0, 0.1: 0.9610700602079911, 0.2: 0.9226190476190476}","{'noise=0.0;missing=0.0': 1.0, 'noise=0.0;missing=0.2': 1.0, 'noise=0.1;missing=0.0': 0.9603174603174603, 'noise=0.1;missing=0.2': 0.9618226600985222, 'noise=0.2;missing=0.0': 0.9523809523809523, 'noise=0.2;missing=0.2': 0.8928571428571427}",0.8928571428571429,0.03571428571428571,9,7,20,2.35,0.3333333333333333,5,1.3055555555555556,1.267746913580247,0.45685579196217496,4.535986660594079,"{2: 15, 3: 3, 4: 2}",20,0.0,0.33319740226337446
0.9612753147235905,0.8690476190476191,0.9612753147235905,"{0.0: 1.0, 0.1: 0.9613779419813903, 0.2: 0.9224480021893815}","{'noise=0.0;missing=0.0': 1.0, 'noise=0.0;missing=0.2': 1.0, 'noise=0.1;missing=0.0': 0.9781746031746031, 'noise=0.1;missing=0.2': 0.9445812807881774, 'noise=0.2;missing=0.0': 0.9384920634920634, 'noise=0.2;missing=0.2': 0.9064039408866994}",0.9404761904761905,0.011904761904761904,9,7,21,2.238095238095238,0.35,8,1.3055555555555556,2.6010802469135803,0.5809692671394799,4.195561128679186,"{2: 17, 3: 3, 4: 1}",21,0.0,0.3484758414168136
0.9582307060755336,0.8511904761904762,0.9582307060755336,"{0.0: 1.0, 0.1: 0.965004105090312, 0.2: 0.9096880131362891}","{'noise=0.0;missing=0.0': 1.0, 'noise=0.0;missing=0.2': 1.0, 'noise=0.1;missing=0.0': 0.9583333333333334, 'noise=0.1;missing=0.2': 0.9716748768472907, 'noise=0.2;missing=0.0': 0.9523809523809524, 'noise=0.2;missing=0.2': 0.8669950738916254}",0.9047619047619048,0.03571428571428571,9,7,16,2.25,0.26666666666666666,3,1.0,0.8888888888888888,0.49382716049382713,4.419381945646371,"{2: 13, 3: 2, 4: 1}",16,0.0,0.2691064814814815
0.9679232804232802,0.8869047619047619,0.9679232804232802,"{0.0: 1.0, 0.1: 0.964251505199781, 0.2: 0.9395183360700602}","{'noise=0.0;missing=0.0': 1.0, 'noise=0.0;missing=0.2': 1.0, 'noise=0.1;missing=0.0': 0.990079365079365, 'noise=0.1;missing=0.2': 0.938423645320197, 'noise=0.2;missing=0.0': 0.9603174603174603, 'noise=0.2;missing=0.2': 0.91871921182266}",0.9523809523809523,0.023809523809523808,9,7,27,2.3333333333333335,0.45,9,1.75,2.8541666666666665,0.44929453262786595,4.586030074424605,"{2: 21, 3: 3, 4: 3}",27,0.0,0.44417939814814816
0.9629857690202516,0.8690476190476191,0.9629857690202516,"{0.0: 1.0, 0.1: 0.968972359058566, 0.2: 0.9199849480021893}","{'noise=0.0;missing=0.0': 1.0, 'noise=0.0;missing=0.2': 1.0, 'noise=0.1;missing=0.0': 0.9662698412698413, 'noise=0.1;missing=0.2': 0.9716748768472907, 'noise=0.2;missing=0.0': 0.9384920634920635, 'noise=0.2;missing=0.2': 0.9014778325123152}",0.9166666666666666,0.03571428571428571,9,7,17,2.2941176470588234,0.2833333333333333,4,1.0833333333333333,1.1875,0.5334757834757835,4.3361829878711236,"{2: 13, 3: 3, 4: 1}",17,0.0,0.28529595588235296
0.9633734719941617,0.8690476190476191,0.9633734719941617,"{0.0: 1.0, 0.1: 0.9693486590038314, 0.2: 0.9207717569786534}","{'noise=0.0;missing=0.0': 1.0, 'noise=0.0;missing=0.2': 1.0, 'noise=0.1;missing=0.0': 0.9682539682539683, 'noise=0.1;missing=0.2': 0.9704433497536946, 'noise=0.2;missing=0.0': 0.9523809523809523, 'noise=0.2;missing=0.2': 0.8891625615763546}",0.9285714285714286,0.011904761904761904,9,7,21,2.2857142857142856,0.35,7,1.3333333333333333,2.1666666666666665,0.5208333333333334,4.37629557507525,"{2: 16, 3: 4, 4: 1}",21,0.0,0.3487341269841269
0.965175150519978,0.8809523809523809,0.965175150519978,"{0.0: 1.0, 0.1: 0.9663040503557746, 0.2: 0.9292214012041597}","{'noise=0.0;missing=0.0': 1.0, 'noise=0.0;missing=0.2': 1.0, 'noise=0.1;missing=0.0': 0.9781746031746031, 'noise=0.1;missing=0.2': 0.9544334975369458, 'noise=0.2;missing=0.0': 0.9384920634920634, 'noise=0.2;missing=0.2': 0.9199507389162561}",0.9404761904761905,0.011904761904761904,9,7,20,2.3,0.3333333333333333,7,1.2777777777777777,2.033950617283951,0.5458937198067633,4.307993543863674,"{2: 16, 3: 2, 4: 2}",20,0.0,0.3329778806584362
0.9640918627987592,0.875,0.9640918627987592,"{0.0: 1.0, 0.1: 0.9699986316365626, 0.2: 0.9222769567597153}","{'noise=0.0;missing=0.0': 1.0, 'noise=0.0;missing=0.2': 1.0, 'noise=0.1;missing=0.0': 0.9781746031746031, 'noise=0.1;missing=0.2': 0.9618226600985221, 'noise=0.2;missing=0.0': 0.9246031746031746, 'noise=0.2;missing=0.2': 0.9199507389162561}",0.9404761904761905,0.023809523809523808,9,7,22,2.4545454545454546,0.36666666666666664,6,1.5,2.1944444444444446,0.522633744855967,4.381943696840921,"{2: 15, 3: 4, 4: 3}",22,0.0,0.3657445286195286
0.9582307060755336,0.8511904761904762,0.9582307060755336,"{0.0: 1.0, 0.1: 0.965004105090312, 0.2: 0.9096880131362891}","{'noise=0.0;missing=0.0': 1.0, 'noise=0.0;missing=0.2': 1.0, 'noise=0.1;missing=0.0': 0.9583333333333334, 'noise=0.1;missing=0.2': 0.9716748768472907, 'noise=0.2;missing=0.0': 0.9523809523809524, 'noise=0.2;missing=0.2': 0.8669950738916254}",0.9047619047619048,0.03571428571428571,9,7,16,2.25,0.26666666666666666,3,1.0,0.8333333333333334,0.49537037037037035,4.4057645846554525,"{2: 13, 3: 2, 4: 1}",16,0.0,0.2690972222222222
0.9594622331691296,0.8511904761904762,0.9594622331691296,"{0.0: 1.0, 0.1: 0.9610700602079911, 0.2: 0.9173166392993979}","{'noise=0.0;missing=0.0': 1.0, 'noise=0.0;missing=0.2': 1.0, 'noise=0.1;missing=0.0': 0.9603174603174603, 'noise=0.1;missing=0.2': 0.9618226600985222, 'noise=0.2;missing=0.0': 0.9503968253968254, 'noise=0.2;missing=0.2': 0.8842364532019703}",0.8809523809523809,0.03571428571428571,9,7,20,2.35,0.3333333333333333,5,1.3055555555555556,1.7121913580246917,0.5195035460992907,4.4005711717302445,"{2: 14, 3: 5, 4: 1}",20,0.0,0.3332714763374485
0.9633734719941617,0.8690476190476191,0.9633734719941617,"{0.0: 1.0, 0.1: 0.9693486590038314, 0.2: 0.9207717569786534}","{'noise=0.0;missing=0.0': 1.0, 'noise=0.0;missing=0.2': 1.0, 'noise=0.1;missing=0.0': 0.9682539682539683, 'noise=0.1;missing=0.2': 0.9704433497536946, 'noise=0.2;missing=0.0': 0.9523809523809523, 'noise=0.2;missing=0.2': 0.8891625615763546}",0.9285714285714286,0.011904761904761904,9,7,19,2.210526315789474,0.31666666666666665,7,1.1666666666666667,1.8611111111111107,0.5423280423280423,4.287403804765267,"{2: 16, 3: 2, 4: 1}",19,0.0,0.3164943957115009
0.9700214376938515,0.8928571428571429,0.9700214376938515,"{0.0: 1.0, 0.1: 0.964251505199781, 0.2: 0.9458128078817732}","{'noise=0.0;missing=0.0': 1.0, 'noise=0.0;missing=0.2': 1.0, 'noise=0.1;missing=0.0': 0.990079365079365, 'noise=0.1;missing=0.2': 0.938423645320197, 'noise=0.2;missing=0.0': 0.9642857142857143, 'noise=0.2;missing=0.2': 0.9273399014778325}",0.9523809523809523,0.023809523809523808,9,7,27,2.3333333333333335,0.45,9,1.75,2.9652777777777777,0.4695767195767196,4.5423017013743925,"{2: 21, 3: 3, 4: 3}",27,0.0,0.4441979166666667
0.9698047801496078,0.8869047619047619,0.9698047801496078,"{0.0: 1.0, 0.1: 0.9771825396825397, 0.2: 0.9322318007662835}","{'noise=0.0;missing=0.0': 1.0, 'noise=0.0;missing=0.2': 1.0, 'noise=0.1;missing=0.0': 0.990079365079365, 'noise=0.1;missing=0.2': 0.9642857142857143, 'noise=0.2;missing=0.0': 0.9543650793650793, 'noise=0.2;missing=0.2': 0.9100985221674875}",0.9404761904761905,0.023809523809523808,9,7,21,2.4761904761904763,0.35,6,1.4444444444444444,2.1358024691358026,0.5213675213675214,4.395164660815569,"{2: 14, 3: 4, 4: 3}",21,0.0,0.35005173427395647
0.9607963875205253,0.8630952380952381,0.9607963875205253,"{0.0: 1.0, 0.1: 0.9808771209633278, 0.2: 0.9015120415982485}","{'noise=0.0;missing=0.0': 1.0, 'noise=0.0;missing=0.2': 1.0, 'noise=0.1;missing=0.0': 0.990079365079365, 'noise=0.1;missing=0.2': 0.9716748768472907, 'noise=0.2;missing=0.0': 0.9384920634920635, 'noise=0.2;missing=0.2': 0.8645320197044334}",0.9047619047619048,0.03571428571428571,9,7,21,2.3333333333333335,0.35,4,1.3611111111111112,1.064043209876543,0.413265306122449,4.655127190877375,"{2: 16, 3: 3, 4: 2}",21,0.0,0.3488810442386831
0.9650383141762452,0.875,0.9650383141762452,"{0.0: 1.0, 0.1: 0.964422550629447, 0.2: 0.9306923918992884}","{'noise=0.0;missing=0.0': 1.0, 'noise=0.0;missing=0.2': 1.0, 'noise=0.1;missing=0.0': 0.9682539682539683, 'noise=0.1;missing=0.2': 0.960591133004926, 'noise=0.2;missing=0.0': 0.9722222222222222, 'noise=0.2;missing=0.2': 0.8891625615763546}",0.9404761904761905,0.011904761904761904,9,7,21,2.1904761904761907,0.35,9,1.2777777777777777,2.700617283950618,0.5640096618357487,4.218364129593802,"{2: 18, 3: 2, 4: 1}",21,0.0,0.34816174309229864
0.9650953293194672,0.875,0.9650953293194672,"{0.0: 1.0, 0.1: 0.9699986316365626, 0.2: 0.925287356321839}","{'noise=0.0;missing=0.0': 1.0, 'noise=0.0;missing=0.2': 1.0, 'noise=0.1;missing=0.0': 0.9781746031746031, 'noise=0.1;missing=0.2': 0.9618226600985222, 'noise=0.2;missing=0.0': 0.9404761904761905, 'noise=0.2;missing=0.2': 0.9100985221674875}",0.9285714285714286,0.03571428571428571,9,7,19,2.4210526315789473,0.31666666666666665,4,1.2777777777777777,1.0895061728395061,0.4420289855072464,4.588354347173232,"{2: 14, 3: 2, 4: 3}",19,0.0,0.31782778319254923
0.9629971720488961,0.8869047619047619,0.9629971720488961,"{0.0: 1.0, 0.1: 0.983955938697318, 0.2: 0.9050355774493705}","{'noise=0.0;missing=0.0': 1.0, 'noise=0.0;missing=0.2': 1.0, 'noise=0.1;missing=0.0': 0.990079365079365, 'noise=0.1;missing=0.2': 0.977832512315271, 'noise=0.2;missing=0.0': 0.8888888888888891, 'noise=0.2;missing=0.2': 0.9211822660098521}",0.9285714285714286,0.0,9,7,24,2.5,0.4,6,1.6666666666666667,1.9999999999999996,0.45092592592592595,4.591993045782167,"{2: 16, 3: 4, 4: 4}",24,0.0,0.39769444444444446
0.9568281335522715,0.8511904761904762,0.9568281335522715,"{0.0: 1.0, 0.1: 0.968972359058566, 0.2: 0.9015120415982485}","{'noise=0.0;missing=0.0': 1.0, 'noise=0.0;missing=0.2': 1.0, 'noise=0.1;missing=0.0': 0.9662698412698413, 'noise=0.1;missing=0.2': 0.9716748768472907, 'noise=0.2;missing=0.0': 0.9384920634920635, 'noise=0.2;missing=0.2': 0.8645320197044334}",0.9047619047619048,0.03571428571428571,9,7,18,2.3333333333333335,0.3,3,1.1666666666666667,1.0833333333333333,0.49074074074074076,4.445307005854538,"{2: 14, 3: 2, 4: 2}",18,0.0,0.30138425925925927
0.9683223864258347,0.8928571428571429,0.9683223864258347,"{0.0: 1.0, 0.1: 0.9675013683634374, 0.2: 0.9374657909140668}","{'noise=0.0;missing=0.0': 1.0, 'noise=0.0;missing=0.2': 1.0, 'noise=0.1;missing=0.0': 0.9682539682539683, 'noise=0.1;missing=0.2': 0.9667487684729065, 'noise=0.2;missing=0.0': 0.9365079365079365, 'noise=0.2;missing=0.2': 0.938423645320197}",0.9047619047619048,0.0,9,7,20,2.2,0.3333333333333333,9,1.2222222222222223,2.950617283950617,0.6300505050505051,4.015139004509235,"{2: 17, 3: 2, 4: 1}",20,0.0,0.33243621399176954
0.9712643678160918,0.8988095238095238,0.9712643678160918,"{0.0: 1.0, 0.1: 0.9759510125889436, 0.2: 0.9378420908593322}","{'noise=0.0;missing=0.0': 1.0, 'noise=0.0;missing=0.2': 1.0, 'noise=0.1;missing=0.0': 0.990079365079365, 'noise=0.1;missing=0.2': 0.9618226600985221, 'noise=0.2;missing=0.0': 0.9384920634920635, 'noise=0.2;missing=0.2': 0.9371921182266009}",0.9642857142857143,0.023809523809523808,9,7,25,2.44,0.4166666666666667,6,1.6944444444444444,1.9899691358024687,0.4430783242258652,4.604608600028769,"{2: 18, 3: 3, 4: 4}",25,0.0,0.41310943930041155
0.9605227148330596,0.8630952380952381,0.9605227148330596,"{0.0: 1.0, 0.1: 0.9640462506841817, 0.2: 0.9175218938149973}","{'noise=0.0;missing=0.0': 1.0, 'noise=0.0;missing=0.2': 1.0, 'noise=0.1;missing=0.0': 0.9662698412698413, 'noise=0.1;missing=0.2': 0.9618226600985222, 'noise=0.2;missing=0.0': 0.9384920634920635, 'noise=0.2;missing=0.2': 0.8965517241379309}",0.9166666666666666,0.023809523809523808,9,7,18,2.2777777777777777,0.3,4,1.1388888888888888,1.341820987654321,0.5399728997289973,4.326706577630512,"{2: 14, 3: 3, 4: 1}",18,0.0,0.3010415380658436
0.9693372559751869,0.8928571428571429,0.9693372559751869,"{0.0: 1.0, 0.1: 0.9802613574165299, 0.2: 0.9277504105090312}","{'noise=0.0;missing=0.0': 1.0, 'noise=0.0;missing=0.2': 1.0, 'noise=0.1;missing=0.0': 0.990079365079365, 'noise=0.1;missing=0.2': 0.9704433497536946, 'noise=0.2;missing=0.0': 0.9404761904761905, 'noise=0.2;missing=0.2': 0.9150246305418719}",0.9523809523809523,0.011904761904761904,9,7,22,2.3636363636363638,0.36666666666666664,6,1.4444444444444444,1.8580246913580245,0.4700854700854701,4.5344937473124265,"{2: 16, 3: 4, 4: 2}",22,0.0,0.36505714552936774
0.9678548622514139,0.8869047619047619,0.9678548622514139,"{0.0: 1.0, 0.1: 0.9693828680897647, 0.2: 0.9341817186644773}","{'noise=0.0;missing=0.0': 1.0, 'noise=0.0;missing=0.2': 1.0, 'noise=0.1;missing=0.0': 0.9781746031746031, 'noise=0.1;missing=0.2': 0.960591133004926, 'noise=0.2;missing=0.0': 0.9484126984126984, 'noise=0.2;missing=0.2': 0.9199507389162561}",0.9523809523809523,0.011904761904761904,9,7,19,2.263157894736842,0.31666666666666665,7,1.1944444444444444,2.10108024691358,0.588501291989664,4.172400871890618,"{2: 15, 3: 3, 4: 1}",19,0.0,0.3168998876434914
0.9665891260718847,0.8809523809523809,0.9665891260718847,"{0.0: 1.0, 0.1: 0.9642172961138478, 0.2: 0.9355500821018062}","{'noise=0.0;missing=0.0': 1.0, 'noise=0.0;missing=0.2': 1.0, 'noise=0.1;missing=0.0': 0.9801587301587301, 'noise=0.1;missing=0.2': 0.9482758620689655, 'noise=0.2;missing=0.0': 0.9523809523809523, 'noise=0.2;missing=0.2': 0.91871921182266}",0.9166666666666666,0.023809523809523808,9,7,23,2.391304347826087,0.38333333333333336,7,1.5277777777777777,2.1936728395061733,0.47929292929292927,4.517254487427742,"{2: 16, 3: 5, 4: 2}",23,0.0,0.3811385589998211
