average_recovery_accuracy,exact_match_accuracy,noise_robustness,accuracy_by_noise,accuracy_by_noise_and_missing,close_pattern_discrimination,close_pattern_confusion_rate,close_pair_count,close_pattern_distance,hyperedge_count,average_hyperedge_size,density,max_vertex_degree,mean_vertex_degree,vertex_degree_variance,degree_gini,degree_entropy,hyperedge_size_histogram,selected_hyperedges,constraint_penalty,complexity_objective
0.958207900018245,0.8452380952380952,0.958207900018245,"{0.0: 1.0, 0.1: 0.9630883962780514, 0.2: 0.911535303776683}","{'noise=0.0;missing=0.0': 1.0, 'noise=0.0;missing=0.2': 1.0, 'noise=0.1;missing=0.0': 0.9384920634920635, 'noise=0.1;missing=0.2': 0.9876847290640394, 'noise=0.2;missing=0.0': 0.9166666666666667, 'noise=0.2;missing=0.2': 0.9064039408866994}",0.8076923076923077,0.0641025641025641,7,7,21,2.4285714285714284,0.35,7,1.4166666666666667,2.5208333333333335,0.5789760348583878,4.217899666140435,"{2: 15, 3: 3, 4: 3}",21,0.0,0.3497852182539682
0.9464285714285714,0.8154761904761905,0.9464285714285714,"{0.0: 1.0, 0.1: 0.9732142857142857, 0.2: 0.8660714285714286}","{'noise=0.0;missing=0.0': 1.0, 'noise=0.0;missing=0.2': 1.0, 'noise=0.1;missing=0.0': 0.9821428571428571, 'noise=0.1;missing=0.2': 0.9642857142857143, 'noise=0.2;missing=0.0': 0.875, 'noise=0.2;missing=0.2': 0.8571428571428571}",0.8461538461538461,0.05128205128205128,7,7,30,2.3666666666666667,0.5,7,1.9722222222222223,3.7492283950617287,0.5332550860719875,4.391859796258559,"{2: 23, 3: 3, 4: 4}",30,0.0,0.4920600565843621
0.9463943623426383,0.8095238095238095,0.9463943623426383,"{0.0: 1.0, 0.1: 0.9649014778325123, 0.2: 0.8742816091954023}","{'noise=0.0;missing=0.0': 1.0, 'noise=0.0;missing=0.2': 1.0, 'noise=0.1;missing=0.0': 0.9642857142857143, 'noise=0.1;missing=0.2': 0.9655172413793104, 'noise=0.2;missing=0.0': 0.8630952380952381, 'noise=0.2;missing=0.2': 0.8854679802955665}",0.7692307692307693,0.07692307692307693,7,7,32,2.40625,0.5333333333333333,7,2.138888888888889,4.619598765432098,0.5523088023088023,4.3268611008599045,"{2: 25, 3: 1, 4: 6}",32,2.0,0.524146669238683
0.9435550082101807,0.7976190476190477,0.9435550082101807,"{0.0: 1.0, 0.1: 0.960283251231527, 0.2: 0.8703817733990148}","{'noise=0.0;missing=0.0': 1.0, 'noise=0.0;missing=0.2': 1.0, 'noise=0.1;missing=0.0': 0.9464285714285714, 'noise=0.1;missing=0.2': 0.9741379310344828, 'noise=0.2;missing=0.0': 0.9107142857142857, 'noise=0.2;missing=0.2': 0.8300492610837439}",0.7692307692307693,0.05128205128205128,7,7,32,2.28125,0.5333333333333333,9,2.0277777777777777,4.415895061728394,0.5407153729071538,4.381777477792593,"{2: 26, 3: 3, 4: 3}",32,2.0,0.5232446630658435
0.9466452289728151,0.8035714285714286,0.9466452289728151,"{0.0: 1.0, 0.1: 0.9678776683087028, 0.2: 0.8720580186097427}","{'noise=0.0;missing=0.0': 1.0, 'noise=0.0;missing=0.2': 1.0, 'noise=0.1;missing=0.0': 0.9702380952380952, 'noise=0.1;missing=0.2': 0.9655172413793104, 'noise=0.2;missing=0.0': 0.8968253968253969, 'noise=0.2;missing=0.2': 0.8472906403940886}",0.7564102564102564,0.0641025641025641,7,7,27,2.2962962962962963,0.45,7,1.7222222222222223,2.7561728395061733,0.5062724014336918,4.472094448904122,"{2: 23, 4: 4}",27,0.0,0.44390586419753086
0.9342045247217661,0.7857142857142857,0.9342045247217661,"{0.0: 1.0, 0.1: 0.9463943623426382, 0.2: 0.8562192118226601}","{'noise=0.0;missing=0.0': 1.0, 'noise=0.0;missing=0.2': 1.0, 'noise=0.1;missing=0.0': 0.9186507936507936, 'noise=0.1;missing=0.2': 0.9741379310344828, 'noise=0.2;missing=0.0': 0.875, 'noise=0.2;missing=0.2': 0.8374384236453202}",0.8076923076923077,0.038461538461538464,7,7,24,2.4583333333333335,0.4,9,1.6388888888888888,3.452932098765432,0.5522598870056498,4.313686692916273,"{2: 17, 3: 3, 4: 4}",24,0.0,0.3976472479423868
0.9493477467615399,0.8095238095238095,0.9493477467615399,"{0.0: 1.0, 0.1: 0.973419540229885, 0.2: 0.8746237000547346}","{'noise=0.0;missing=0.0': 1.0, 'noise=0.0;missing=0.2': 1.0, 'noise=0.1;missing=0.0': 0.9702380952380951, 'noise=0.1;missing=0.2': 0.9766009852216749, 'noise=0.2;missing=0.0': 0.8551587301587301, 'noise=0.2;missing=0.2': 0.8940886699507388}",0.8205128205128205,0.07692307692307693,7,7,29,2.3448275862068964,0.48333333333333334,12,1.8888888888888888,5.376543209876543,0.5702614379084967,4.2709474960639895,"{2: 22, 3: 4, 4: 3}",29,0.0,0.4763462821058606
0.9556878306878306,0.8392857142857143,0.9556878306878306,"{0.0: 1.0, 0.1: 0.9824507389162562, 0.2: 0.8846127531472359}","{'noise=0.0;missing=0.0': 1.0, 'noise=0.0;missing=0.2': 1.0, 'noise=0.1;missing=0.0': 0.9821428571428571, 'noise=0.1;missing=0.2': 0.9827586206896551, 'noise=0.2;missing=0.0': 0.8948412698412699, 'noise=0.2;missing=0.2': 0.874384236453202}",0.8461538461538461,0.038461538461538464,7,7,29,2.413793103448276,0.48333333333333334,7,1.9444444444444444,3.4969135802469133,0.5285714285714286,4.382785254251666,"{2: 22, 3: 2, 4: 5}",29,0.0,0.4765119377039875
0.9507161101988689,0.8154761904761905,0.9507161101988689,"{0.0: 1.0, 0.1: 0.9658593322386425, 0.2: 0.8862889983579638}","{'noise=0.0;missing=0.0': 1.0, 'noise=0.0;missing=0.2': 1.0, 'noise=0.1;missing=0.0': 0.9563492063492064, 'noise=0.1;missing=0.2': 0.9753694581280788, 'noise=0.2;missing=0.0': 0.8809523809523808, 'noise=0.2;missing=0.2': 0.8916256157635468}",0.8461538461538461,0.05128205128205128,7,7,26,2.4615384615384617,0.43333333333333335,8,1.7777777777777777,3.228395061728395,0.5269097222222222,4.410178031846025,"{2: 19, 3: 2, 4: 5}",26,0.0,0.42929874960430514
0.9529282977558838,0.8214285714285714,0.9529282977558838,"{0.0: 1.0, 0.1: 0.9711617405582923, 0.2: 0.8876231527093595}","{'noise=0.0;missing=0.0': 1.0, 'noise=0.0;missing=0.2': 1.0, 'noise=0.1;missing=0.0': 0.9583333333333334, 'noise=0.1;missing=0.2': 0.9839901477832511, 'noise=0.2;missing=0.0': 0.875, 'noise=0.2;missing=0.2': 0.9002463054187191}",0.8205128205128205,0.05128205128205128,7,7,25,2.6,0.4166666666666667,7,1.8055555555555556,3.1010802469135803,0.520940170940171,4.4109052225022385,"{2: 16, 3: 3, 4: 6}",25,0.0,0.41440573559670785
0.9553115307425654,0.8333333333333334,0.9553115307425654,"{0.0: 1.0, 0.1: 0.976464148877942, 0.2: 0.8894704433497537}","{'noise=0.0;missing=0.0': 1.0, 'noise=0.0;missing=0.2': 1.0, 'noise=0.1;missing=0.0': 0.9603174603174602, 'noise=0.1;missing=0.2': 0.9926108374384236, 'noise=0.2;missing=0.0': 0.9107142857142857, 'noise=0.2;missing=0.2': 0.8682266009852218}",0.8205128205128205,0.0641025641025641,7,7,31,2.2580645161290325,0.5166666666666667,10,1.9444444444444444,4.1080246913580245,0.5261904761904762,4.401170346791708,"{2: 26, 3: 2, 4: 3}",31,1.0,0.5071990076994558
0.9452312534209086,0.7916666666666666,0.9452312534209086,"{0.0: 1.0, 0.1: 0.9589490968801313, 0.2: 0.8767446633825945}","{'noise=0.0;missing=0.0': 1.0, 'noise=0.0;missing=0.2': 1.0, 'noise=0.1;missing=0.0': 0.9523809523809523, 'noise=0.1;missing=0.2': 0.9655172413793104, 'noise=0.2;missing=0.0': 0.8988095238095237, 'noise=0.2;missing=0.2': 0.8546798029556649}",0.8205128205128205,0.10256410256410256,7,7,33,2.4242424242424243,0.55,10,2.2222222222222223,5.228395061728395,0.5451388888888888,4.354024590419385,"{2: 24, 3: 4, 4: 5}",33,3.0,0.5402064160119716
0.9549808429118775,0.8214285714285714,0.9549808429118775,"{0.0: 1.0, 0.1: 0.9701696770662289, 0.2: 0.8947728516694033}","{'noise=0.0;missing=0.0': 1.0, 'noise=0.0;missing=0.2': 1.0, 'noise=0.1;missing=0.0': 0.9563492063492064, 'noise=0.1;missing=0.2': 0.9839901477832512, 'noise=0.2;missing=0.0': 0.9126984126984127, 'noise=0.2;missing=0.2': 0.8768472906403941}",0.8076923076923077,0.07692307692307693,7,7,28,2.5,0.4666666666666667,10,1.9444444444444444,3.885802469135802,0.5015873015873016,4.47610052533223,"{2: 20, 3: 2, 4: 6}",28,0.0,0.46134207818930045
0.9488346104725414,0.8095238095238095,0.9488346104725414,"{0.0: 1.0, 0.1: 0.9576833607006021, 0.2: 0.8888204707170224}","{'noise=0.0;missing=0.0': 1.0, 'noise=0.0;missing=0.2': 1.0, 'noise=0.1;missing=0.0': 0.9424603174603173, 'noise=0.1;missing=0.2': 0.9729064039408867, 'noise=0.2;missing=0.0': 0.9007936507936506, 'noise=0.2;missing=0.2': 0.876847290640394}",0.8076923076923077,0.07692307692307693,7,7,37,2.4594594594594597,0.6166666666666667,14,2.5277777777777777,7.7492283950617304,0.5418192918192918,4.3861728017188675,"{2: 27, 3: 3, 4: 7}",37,7.0,0.6042044509787565
0.9503398102536035,0.8095238095238095,0.9503398102536035,"{0.0: 1.0, 0.1: 0.9715722495894911, 0.2: 0.879447181171319}","{'noise=0.0;missing=0.0': 1.0, 'noise=0.0;missing=0.2': 1.0, 'noise=0.1;missing=0.0': 0.9702380952380951, 'noise=0.1;missing=0.2': 0.9729064039408867, 'noise=0.2;missing=0.0': 0.8968253968253969, 'noise=0.2;missing=0.2': 0.8620689655172413}",0.8205128205128205,0.07692307692307693,7,7,26,2.3461538461538463,0.43333333333333335,6,1.6944444444444444,3.2121913580246915,0.5642076502732241,4.287477813668993,"{2: 20, 3: 3, 4: 3}",26,0.0,0.4284947669357392
0.9521414887794198,0.8214285714285714,0.9521414887794198,"{0.0: 1.0, 0.1: 0.9800903119868636, 0.2: 0.8763341543513957}","{'noise=0.0;missing=0.0': 1.0, 'noise=0.0;missing=0.2': 1.0, 'noise=0.1;missing=0.0': 0.9761904761904762, 'noise=0.1;missing=0.2': 0.9839901477832511, 'noise=0.2;missing=0.0': 0.9226190476190477, 'noise=0.2;missing=0.2': 0.8300492610837439}",0.8205128205128205,0.0641025641025641,7,7,34,2.264705882352941,0.5666666666666667,10,2.138888888888889,4.619598765432098,0.5198412698412699,4.441104366861591,"{2: 28, 3: 3, 4: 3}",34,4.0,0.5548303906439119
0.942391899288451,0.7916666666666666,0.942391899288451,"{0.0: 1.0, 0.1: 0.9517309797482211, 0.2: 0.8754447181171319}","{'noise=0.0;missing=0.0': 1.0, 'noise=0.0;missing=0.2': 1.0, 'noise=0.1;missing=0.0': 0.9305555555555555, 'noise=0.1;missing=0.2': 0.9729064039408867, 'noise=0.2;missing=0.0': 0.8432539682539681, 'noise=0.2;missing=0.2': 0.9076354679802955}",0.7692307692307693,0.0641025641025641,7,7,21,2.238095238095238,0.35,6,1.3055555555555556,2.1566358024691357,0.5726950354609929,4.248544639225421,"{2: 18, 3: 1, 4: 2}",21,0.0,0.34840176734273953
0.9516739646049992,0.8154761904761905,0.9516739646049992,"{0.0: 1.0, 0.1: 0.9760536398467432, 0.2: 0.8789682539682541}","{'noise=0.0;missing=0.0': 1.0, 'noise=0.0;missing=0.2': 1.0, 'noise=0.1;missing=0.0': 0.9841269841269842, 'noise=0.1;missing=0.2': 0.9679802955665024, 'noise=0.2;missing=0.0': 0.9007936507936508, 'noise=0.2;missing=0.2': 0.8571428571428571}",0.8333333333333334,0.07692307692307693,7,7,32,2.40625,0.5333333333333333,8,2.138888888888889,4.508487654320987,0.5364357864357865,4.390117794408954,"{2: 24, 3: 3, 4: 5}",32,2.0,0.5241281507201645
0.9484355044699873,0.8154761904761905,0.9484355044699873,"{0.0: 1.0, 0.1: 0.9690749863163656, 0.2: 0.8762315270935961}","{'noise=0.0;missing=0.0': 1.0, 'noise=0.0;missing=0.2': 1.0, 'noise=0.1;missing=0.0': 0.9603174603174603, 'noise=0.1;missing=0.2': 0.977832512315271, 'noise=0.2;missing=0.0': 0.8928571428571429, 'noise=0.2;missing=0.2': 0.8596059113300492}",0.8205128205128205,0.0641025641025641,7,7,36,2.361111111111111,0.6,11,2.361111111111111,5.452932098765433,0.5160130718954249,4.444430527717251,"{2: 27, 3: 5, 4: 4}",36,6.0,0.5873054269547324
0.941525269111476,0.7916666666666666,0.941525269111476,"{0.0: 1.0, 0.1: 0.95935960591133, 0.2: 0.8652162014230981}","{'noise=0.0;missing=0.0': 1.0, 'noise=0.0;missing=0.2': 1.0, 'noise=0.1;missing=0.0': 0.9642857142857143, 'noise=0.1;missing=0.2': 0.9544334975369458, 'noise=0.2;missing=0.0': 0.9126984126984127, 'noise=0.2;missing=0.2': 0.8177339901477833}",0.8205128205128205,0.07692307692307693,7,7,29,2.3793103448275863,0.48333333333333334,8,1.9166666666666667,4.354166666666666,0.5809178743961353,4.24470766063139,"{2: 21, 3: 5, 4: 3}",29,0.0,0.4764153496168582
0.9464513774858604,0.8154761904761905,0.9464513774858604,"{0.0: 1.0, 0.1: 0.9612753147235906, 0.2: 0.8780788177339901}","{'noise=0.0;missing=0.0': 1.0, 'noise=0.0;missing=0.2': 1.0, 'noise=0.1;missing=0.0': 0.9484126984126985, 'noise=0.1;missing=0.2': 0.9741379310344828, 'noise=0.2;missing=0.0': 0.9285714285714286, 'noise=0.2;missing=0.2': 0.8275862068965517}",0.8461538461538461,0.05128205128205128,7,7,21,2.4285714285714284,0.35,7,1.4166666666666667,2.5763888888888884,0.576797385620915,4.240355490213508,"{2: 15, 3: 3, 4: 3}",21,0.0,0.34979447751322745
0.9489600437876301,0.8095238095238095,0.9489600437876301,"{0.0: 1.0, 0.1: 0.9708196496989601, 0.2: 0.8760604816639299}","{'noise=0.0;missing=0.0': 1.0, 'noise=0.0;missing=0.2': 1.0, 'noise=0.1;missing=0.0': 0.9662698412698413, 'noise=0.1;missing=0.2': 0.9753694581280788, 'noise=0.2;missing=0.0': 0.8789682539682541, 'noise=0.2;missing=0.2': 0.8731527093596059}",0.8461538461538461,0.05128205128205128,7,7,29,2.413793103448276,0.48333333333333334,10,1.9444444444444444,4.274691358024692,0.5333333333333333,4.399743697218709,"{2: 22, 3: 2, 4: 5}",29,0.0,0.4766415673336171
0.9522213099799307,0.8214285714285714,0.9522213099799307,"{0.0: 1.0, 0.1: 0.979371921182266, 0.2: 0.877292008757526}","{'noise=0.0;missing=0.0': 1.0, 'noise=0.0;missing=0.2': 1.0, 'noise=0.1;missing=0.0': 0.9821428571428571, 'noise=0.1;missing=0.2': 0.9766009852216749, 'noise=0.2;missing=0.0': 0.878968253968254, 'noise=0.2;missing=0.2': 0.8756157635467979}",0.8461538461538461,0.0641025641025641,7,7,29,2.2758620689655173,0.48333333333333334,11,1.8333333333333333,5.083333333333334,0.5841750841750841,4.228572941376164,"{2: 23, 3: 4, 4: 2}",29,0.0,0.47581848659003834
0.9485609377850757,0.8154761904761905,0.9485609377850757,"{0.0: 1.0, 0.1: 0.9750615763546797, 0.2: 0.8706212370005473}","{'noise=0.0;missing=0.0': 1.0, 'noise=0.0;missing=0.2': 1.0, 'noise=0.1;missing=0.0': 0.9821428571428571, 'noise=0.1;missing=0.2': 0.9679802955665026, 'noise=0.2;missing=0.0': 0.9087301587301587, 'noise=0.2;missing=0.2': 0.8325123152709359}",0.8333333333333334,0.07692307692307693,7,7,31,2.4838709677419355,0.5166666666666667,7,2.138888888888889,4.508487654320987,0.5465367965367965,4.319197588317269,"{2: 22, 3: 3, 4: 6}",31,1.0,0.5088338518850392
0.9501003466520708,0.8154761904761905,0.9501003466520708,"{0.0: 1.0, 0.1: 0.9685960591133006, 0.2: 0.8817049808429118}","{'noise=0.0;missing=0.0': 1.0, 'noise=0.0;missing=0.2': 1.0, 'noise=0.1;missing=0.0': 0.9642857142857143, 'noise=0.1;missing=0.2': 0.9729064039408867, 'noise=0.2;missing=0.0': 0.8730158730158731, 'noise=0.2;missing=0.2': 0.8903940886699508}",0.7948717948717948,0.038461538461538464,7,7,30,2.466666666666667,0.5,7,2.0555555555555554,4.219135802469136,0.5435435435435435,4.369870306582218,"{2: 22, 3: 2, 4: 6}",30,0.0,0.4928328189300411
0.956029921547163,0.8333333333333334,0.956029921547163,"{0.0: 1.0, 0.1: 0.978756157635468, 0.2: 0.8893336070060208}","{'noise=0.0;missing=0.0': 1.0, 'noise=0.0;missing=0.2': 1.0, 'noise=0.1;missing=0.0': 0.9821428571428571, 'noise=0.1;missing=0.2': 0.9753694581280786, 'noise=0.2;missing=0.0': 0.8710317460317459, 'noise=0.2;missing=0.2': 0.9076354679802955}",0.8589743589743589,0.07692307692307693,7,7,23,2.4347826086956523,0.38333333333333336,5,1.5555555555555556,2.080246913580247,0.5029761904761905,4.468181378134551,"{2: 17, 3: 2, 4: 4}",23,0.0,0.38142158704598317
0.9483214741835433,0.8214285714285714,0.9483214741835433,"{0.0: 1.0, 0.1: 0.9752326217843459, 0.2: 0.8697318007662834}","{'noise=0.0;missing=0.0': 1.0, 'noise=0.0;missing=0.2': 1.0, 'noise=0.1;missing=0.0': 0.9603174603174603, 'noise=0.1;missing=0.2': 0.9901477832512315, 'noise=0.2;missing=0.0': 0.865079365079365, 'noise=0.2;missing=0.2': 0.8743842364532018}",0.8333333333333334,0.038461538461538464,7,7,24,2.5,0.4,7,1.6666666666666667,3.0555555555555554,0.5601851851851852,4.268879346650287,"{2: 17, 3: 2, 4: 5}",24,0.0,0.3978703703703704
0.9574438970990694,0.8392857142857143,0.9574438970990694,"{0.0: 1.0, 0.1: 0.984571702244116, 0.2: 0.8877599890530925}","{'noise=0.0;missing=0.0': 1.0, 'noise=0.0;missing=0.2': 1.0, 'noise=0.1;missing=0.0': 0.990079365079365, 'noise=0.1;missing=0.2': 0.9790640394088669, 'noise=0.2;missing=0.0': 0.878968253968254, 'noise=0.2;missing=0.2': 0.8965517241379309}",0.8461538461538461,0.07692307692307693,7,7,24,2.2916666666666665,0.4,11,1.5277777777777777,4.749228395061728,0.645959595959596,3.9823124263502714,"{2: 18, 3: 5, 4: 1}",24,0.0,0.3967058899176955
0.9548097974822114,0.8273809523809523,0.9548097974822114,"{0.0: 1.0, 0.1: 0.9711617405582923, 0.2: 0.8932676518883415}","{'noise=0.0;missing=0.0': 1.0, 'noise=0.0;missing=0.2': 1.0, 'noise=0.1;missing=0.0': 0.9583333333333334, 'noise=0.1;missing=0.2': 0.9839901477832511, 'noise=0.2;missing=0.0': 0.9047619047619048, 'noise=0.2;missing=0.2': 0.8817733990147782}",0.8333333333333334,0.07692307692307693,7,7,31,2.3225806451612905,0.5166666666666667,10,2.0,4.833333333333333,0.5640432098765432,4.291336376912016,"{2: 24, 3: 4, 4: 3}",31,1.0,0.5077679211469533
0.9417989417989419,0.7916666666666666,0.9417989417989419,"{0.0: 1.0, 0.1: 0.9605569239189929, 0.2: 0.8648399014778326}","{'noise=0.0;missing=0.0': 1.0, 'noise=0.0;missing=0.2': 1.0, 'noise=0.1;missing=0.0': 0.9543650793650793, 'noise=0.1;missing=0.2': 0.9667487684729065, 'noise=0.2;missing=0.0': 0.8749999999999999, 'noise=0.2;missing=0.2': 0.8546798029556649}",0.7564102564102564,0.07692307692307693,7,7,30,2.3,0.5,8,1.9166666666666667,3.9097222222222223,0.5471014492753623,4.336006159331819,"{2: 24, 3: 3, 4: 3}",30,0.0,0.49162384259259256
0.9557904579456303,0.8214285714285714,0.9557904579456303,"{0.0: 1.0, 0.1: 0.9658593322386426, 0.2: 0.9015120415982485}","{'noise=0.0;missing=0.0': 1.0, 'noise=0.0;missing=0.2': 1.0, 'noise=0.1;missing=0.0': 0.9563492063492064, 'noise=0.1;missing=0.2': 0.9753694581280788, 'noise=0.2;missing=0.0': 0.9027777777777777, 'noise=0.2;missing=0.2': 0.9002463054187192}",0.7948717948717948,0.07692307692307693,7,7,25,2.56,0.4166666666666667,8,1.7777777777777777,2.9506172839506175,0.5008680555555556,4.478373781480403,"{2: 17, 3: 2, 4: 6}",25,0.0,0.41410288065843626
0.952255519065864,0.8154761904761905,0.952255519065864,"{0.0: 1.0, 0.1: 0.9715722495894911, 0.2: 0.8851943076081007}","{'noise=0.0;missing=0.0': 1.0, 'noise=0.0;missing=0.2': 1.0, 'noise=0.1;missing=0.0': 0.9702380952380951, 'noise=0.1;missing=0.2': 0.9729064039408867, 'noise=0.2;missing=0.0': 0.884920634920635, 'noise=0.2;missing=0.2': 0.8854679802955665}",0.7948717948717948,0.07692307692307693,7,7,29,2.3793103448275863,0.48333333333333334,8,1.9166666666666667,3.8541666666666665,0.5422705314009661,4.3772474726274275,"{2: 22, 3: 3, 4: 4}",29,0.0,0.4763320162835249
0.9407840722495896,0.7976190476190477,0.9407840722495896,"{0.0: 1.0, 0.1: 0.9658251231527093, 0.2: 0.8565270935960589}","{'noise=0.0;missing=0.0': 1.0, 'noise=0.0;missing=0.2': 1.0, 'noise=0.1;missing=0.0': 0.9464285714285714, 'noise=0.1;missing=0.2': 0.9852216748768472, 'noise=0.2;missing=0.0': 0.8214285714285713, 'noise=0.2;missing=0.2': 0.8916256157635468}",0.8076923076923077,0.05128205128205128,7,7,20,2.15,0.3333333333333333,6,1.1944444444444444,1.7677469135802468,0.563953488372093,4.2397635917101475,"{2: 18, 3: 1, 4: 1}",20,0.0,0.3318918467078189
0.9483328772121876,0.8154761904761905,0.9483328772121876,"{0.0: 1.0, 0.1: 0.9655514504652436, 0.2: 0.879447181171319}","{'noise=0.0;missing=0.0': 1.0, 'noise=0.0;missing=0.2': 1.0, 'noise=0.1;missing=0.0': 0.9384920634920635, 'noise=0.1;missing=0.2': 0.9926108374384236, 'noise=0.2;missing=0.0': 0.861111111111111, 'noise=0.2;missing=0.2': 0.897783251231527}",0.8076923076923077,0.05128205128205128,7,7,21,2.5238095238095237,0.35,8,1.4722222222222223,2.693672839506173,0.5550314465408805,4.2982140864345695,"{2: 14, 3: 3, 4: 4}",21,0.0,0.350475400499706
0.9363939062214923,0.7797619047619048,0.9363939062214923,"{0.0: 1.0, 0.1: 0.9555966064586754, 0.2: 0.8535851122058018}","{'noise=0.0;missing=0.0': 1.0, 'noise=0.0;missing=0.2': 1.0, 'noise=0.1;missing=0.0': 0.9444444444444444, 'noise=0.1;missing=0.2': 0.9667487684729065, 'noise=0.2;missing=0.0': 0.8611111111111113, 'noise=0.2;missing=0.2': 0.8460591133004925}",0.782051282051282,0.05128205128205128,7,7,29,2.3793103448275863,0.48333333333333334,9,1.9166666666666667,4.243055555555555,0.5462962962962963,4.363312276706987,"{2: 22, 3: 3, 4: 4}",29,0.0,0.47639683109833975
0.9506476920270023,0.8095238095238095,0.9506476920270023,"{0.0: 1.0, 0.1: 0.955699233716475, 0.2: 0.896243842364532}","{'noise=0.0;missing=0.0': 1.0, 'noise=0.0;missing=0.2': 1.0, 'noise=0.1;missing=0.0': 0.9384920634920635, 'noise=0.1;missing=0.2': 0.9729064039408867, 'noise=0.2;missing=0.0': 0.9107142857142857, 'noise=0.2;missing=0.2': 0.8817733990147782}",0.8205128205128205,0.0641025641025641,7,7,24,2.1666666666666665,0.4,7,1.4444444444444444,3.080246913580247,0.6143162393162394,4.125625960219347,"{2: 21, 3: 2, 4: 1}",24,0.0,0.39555967078189297
0.9458356139390622,0.7976190476190477,0.9458356139390622,"{0.0: 1.0, 0.1: 0.9688013136288998, 0.2: 0.8687055281882868}","{'noise=0.0;missing=0.0': 1.0, 'noise=0.0;missing=0.2': 1.0, 'noise=0.1;missing=0.0': 0.9523809523809523, 'noise=0.1;missing=0.2': 0.9852216748768472, 'noise=0.2;missing=0.0': 0.853174603174603, 'noise=0.2;missing=0.2': 0.8842364532019704}",0.782051282051282,0.0641025641025641,7,7,26,2.4615384615384617,0.43333333333333335,8,1.7777777777777777,3.2283950617283947,0.5321180555555556,4.384623781480403,"{2: 19, 3: 2, 4: 5}",26,0.0,0.42929874960430514
0.9444900565590221,0.8035714285714286,0.9444900565590221,"{0.0: 1.0, 0.1: 0.969588122605364, 0.2: 0.8638820470717022}","{'noise=0.0;missing=0.0': 1.0, 'noise=0.0;missing=0.2': 1.0, 'noise=0.1;missing=0.0': 0.9662698412698413, 'noise=0.1;missing=0.2': 0.9729064039408867, 'noise=0.2;missing=0.0': 0.9186507936507936, 'noise=0.2;missing=0.2': 0.809113300492611}",0.8205128205128205,0.0641025641025641,7,7,29,2.310344827586207,0.48333333333333334,8,1.8611111111111112,3.6195987654320994,0.5435323383084577,4.361032011987213,"{2: 23, 3: 3, 4: 3}",29,0.0,0.475813994430254
0.9529739098704615,0.8214285714285714,0.9529739098704615,"{0.0: 1.0, 0.1: 0.981492884510126, 0.2: 0.877428845101259}","{'noise=0.0;missing=0.0': 1.0, 'noise=0.0;missing=0.2': 1.0, 'noise=0.1;missing=0.0': 0.990079365079365, 'noise=0.1;missing=0.2': 0.9729064039408867, 'noise=0.2;missing=0.0': 0.8829365079365079, 'noise=0.2;missing=0.2': 0.8719211822660098}",0.8205128205128205,0.0641025641025641,7,7,26,2.4615384615384617,0.43333333333333335,6,1.7777777777777777,3.3950617283950617,0.5642361111111112,4.240572516654254,"{2: 19, 3: 2, 4: 5}",26,0.0,0.42932652738208293
0.9553115307425651,0.8273809523809523,0.9553115307425651,"{0.0: 1.0, 0.1: 0.9826902025177888, 0.2: 0.883244389709907}","{'noise=0.0;missing=0.0': 1.0, 'noise=0.0;missing=0.2': 1.0, 'noise=0.1;missing=0.0': 0.9801587301587301, 'noise=0.1;missing=0.2': 0.9852216748768472, 'noise=0.2;missing=0.0': 0.9265873015873016, 'noise=0.2;missing=0.2': 0.8399014778325123}",0.8333333333333334,0.05128205128205128,7,7,29,2.310344827586207,0.48333333333333334,7,1.8611111111111112,3.786265432098766,0.5493366500829188,4.359302491075073,"{2: 23, 3: 3, 4: 3}",29,0.0,0.4758417722080318
0.9500091224229156,0.8095238095238095,0.9500091224229156,"{0.0: 1.0, 0.1: 0.979371921182266, 0.2: 0.8706554460864806}","{'noise=0.0;missing=0.0': 1.0, 'noise=0.0;missing=0.2': 1.0, 'noise=0.1;missing=0.0': 0.9821428571428571, 'noise=0.1;missing=0.2': 0.9766009852216749, 'noise=0.2;missing=0.0': 0.8829365079365078, 'noise=0.2;missing=0.2': 0.8583743842364531}",0.8205128205128205,0.08974358974358974,7,7,26,2.5,0.43333333333333335,8,1.8055555555555556,3.823302469135803,0.5585470085470086,4.323850459276024,"{2: 18, 3: 3, 4: 5}",26,0.0,0.4296649948559671
0.933109833971903,0.7678571428571429,0.933109833971903,"{0.0: 1.0, 0.1: 0.9370894909688013, 0.2: 0.8622400109469075}","{'noise=0.0;missing=0.0': 1.0, 'noise=0.0;missing=0.2': 1.0, 'noise=0.1;missing=0.0': 0.8988095238095237, 'noise=0.1;missing=0.2': 0.9753694581280788, 'noise=0.2;missing=0.0': 0.8353174603174603, 'noise=0.2;missing=0.2': 0.8891625615763548}",0.7564102564102564,0.05128205128205128,7,7,22,2.3181818181818183,0.36666666666666664,7,1.4166666666666667,2.2986111111111107,0.539760348583878,4.3503484406926605,"{2: 18, 3: 1, 4: 3}",22,0.0,0.36481492003367005
0.9558246670315637,0.8333333333333334,0.9558246670315637,"{0.0: 1.0, 0.1: 0.9742747673782156, 0.2: 0.893199233716475}","{'noise=0.0;missing=0.0': 1.0, 'noise=0.0;missing=0.2': 1.0, 'noise=0.1;missing=0.0': 0.9682539682539683, 'noise=0.1;missing=0.2': 0.980295566502463, 'noise=0.2;missing=0.0': 0.9206349206349207, 'noise=0.2;missing=0.2': 0.8657635467980296}",0.8461538461538461,0.0641025641025641,7,7,28,2.392857142857143,0.4666666666666667,8,1.8611111111111112,3.8418209876543212,0.5584577114427861,4.310137839834718,"{2: 21, 3: 3, 4: 4}",28,0.0,0.4605907003233392
0.952255519065864,0.8154761904761905,0.952255519065864,"{0.0: 1.0, 0.1: 0.9715722495894911, 0.2: 0.8851943076081007}","{'noise=0.0;missing=0.0': 1.0, 'noise=0.0;missing=0.2': 1.0, 'noise=0.1;missing=0.0': 0.9702380952380951, 'noise=0.1;missing=0.2': 0.9729064039408867, 'noise=0.2;missing=0.0': 0.884920634920635, 'noise=0.2;missing=0.2': 0.8854679802955665}",0.7948717948717948,0.07692307692307693,7,7,31,2.4838709677419355,0.5166666666666667,8,2.138888888888889,4.508487654320986,0.534992784992785,4.404447704120127,"{2: 22, 3: 3, 4: 6}",31,1.0,0.5088338518850392
0.9459496442255063,0.7976190476190477,0.9459496442255063,"{0.0: 1.0, 0.1: 0.9672619047619049, 0.2: 0.8705870279146141}","{'noise=0.0;missing=0.0': 1.0, 'noise=0.0;missing=0.2': 1.0, 'noise=0.1;missing=0.0': 0.9702380952380951, 'noise=0.1;missing=0.2': 0.9642857142857142, 'noise=0.2;missing=0.0': 0.8988095238095237, 'noise=0.2;missing=0.2': 0.8423645320197045}",0.8076923076923077,0.0641025641025641,7,7,28,2.4285714285714284,0.4666666666666667,8,1.8888888888888888,4.043209876543209,0.5669934640522876,4.278731687431354,"{2: 21, 3: 2, 4: 5}",28,0.0,0.4608722810111699
0.9428024083196498,0.7976190476190477,0.9428024083196498,"{0.0: 1.0, 0.1: 0.9612753147235906, 0.2: 0.8671319102353585}","{'noise=0.0;missing=0.0': 1.0, 'noise=0.0;missing=0.2': 1.0, 'noise=0.1;missing=0.0': 0.9484126984126985, 'noise=0.1;missing=0.2': 0.9741379310344828, 'noise=0.2;missing=0.0': 0.861111111111111, 'noise=0.2;missing=0.2': 0.8731527093596059}",0.7948717948717948,0.05128205128205128,7,7,25,2.52,0.4166666666666667,9,1.75,3.4097222222222223,0.5207231040564374,4.421513757335712,"{2: 17, 3: 3, 4: 5}",25,0.0,0.4139016203703704
0.9557904579456303,0.8214285714285714,0.9557904579456303,"{0.0: 1.0, 0.1: 0.9658593322386426, 0.2: 0.9015120415982485}","{'noise=0.0;missing=0.0': 1.0, 'noise=0.0;missing=0.2': 1.0, 'noise=0.1;missing=0.0': 0.9563492063492064, 'noise=0.1;missing=0.2': 0.9753694581280788, 'noise=0.2;missing=0.0': 0.9027777777777777, 'noise=0.2;missing=0.2': 0.9002463054187192}",0.7948717948717948,0.07692307692307693,7,7,24,2.5,0.4,8,1.6666666666666667,2.7777777777777772,0.5083333333333333,4.437907837484891,"{2: 17, 3: 2, 4: 5}",24,0.0,0.39782407407407405
0.9556878306878306,0.8392857142857143,0.9556878306878306,"{0.0: 1.0, 0.1: 0.9824507389162562, 0.2: 0.8846127531472359}","{'noise=0.0;missing=0.0': 1.0, 'noise=0.0;missing=0.2': 1.0, 'noise=0.1;missing=0.0': 0.9821428571428571, 'noise=0.1;missing=0.2': 0.9827586206896551, 'noise=0.2;missing=0.0': 0.8948412698412699, 'noise=0.2;missing=0.2': 0.874384236453202}",0.8461538461538461,0.038461538461538464,7,7,27,2.2962962962962963,0.45,7,1.7222222222222223,3.0895061728395063,0.543010752688172,4.345089562114973,"{2: 22, 3: 2, 4: 3}",27,0.0,0.4439614197530864
0.9604086845466155,0.8452380952380952,0.9604086845466155,"{0.0: 1.0, 0.1: 0.9738984674329502, 0.2: 0.9073275862068966}","{'noise=0.0;missing=0.0': 1.0, 'noise=0.0;missing=0.2': 1.0, 'noise=0.1;missing=0.0': 0.9662698412698412, 'noise=0.1;missing=0.2': 0.981527093596059, 'noise=0.2;missing=0.0': 0.9107142857142857, 'noise=0.2;missing=0.2': 0.9039408866995073}",0.8076923076923077,0.07692307692307693,7,7,20,2.35,0.3333333333333333,6,1.3055555555555556,2.489969135802469,0.6223404255319149,4.078331873267974,"{2: 15, 3: 3, 4: 2}",20,0.0,0.33340110596707817
0.9357553366174055,0.7797619047619048,0.9357553366174055,"{0.0: 1.0, 0.1: 0.9546045429666119, 0.2: 0.8526614668856048}","{'noise=0.0;missing=0.0': 1.0, 'noise=0.0;missing=0.2': 1.0, 'noise=0.1;missing=0.0': 0.9424603174603173, 'noise=0.1;missing=0.2': 0.9667487684729065, 'noise=0.2;missing=0.0': 0.8432539682539683, 'noise=0.2;missing=0.2': 0.8620689655172413}",0.7948717948717948,0.05128205128205128,7,7,21,2.380952380952381,0.35,6,1.3888888888888888,1.737654320987654,0.4922222222222222,4.473269689515108,"{2: 16, 3: 2, 4: 3}",21,0.0,0.3493240005878894
0.9486863711001642,0.8095238095238095,0.9486863711001642,"{0.0: 1.0, 0.1: 0.9676039956212369, 0.2: 0.8784551176792557}","{'noise=0.0;missing=0.0': 1.0, 'noise=0.0;missing=0.2': 1.0, 'noise=0.1;missing=0.0': 0.9623015873015872, 'noise=0.1;missing=0.2': 0.9729064039408868, 'noise=0.2;missing=0.0': 0.8591269841269842, 'noise=0.2;missing=0.2': 0.897783251231527}",0.7948717948717948,0.0641025641025641,7,7,22,2.4545454545454546,0.36666666666666664,6,1.5,2.25,0.5370370370370371,4.360735418549686,"{2: 16, 3: 2, 4: 4}",22,0.0,0.3657537878787879
0.9550264550264551,0.8273809523809523,0.9550264550264551,"{0.0: 1.0, 0.1: 0.9746852764094144, 0.2: 0.8903940886699508}","{'noise=0.0;missing=0.0': 1.0, 'noise=0.0;missing=0.2': 1.0, 'noise=0.1;missing=0.0': 0.9801587301587301, 'noise=0.1;missing=0.2': 0.9692118226600985, 'noise=0.2;missing=0.0': 0.8928571428571429, 'noise=0.2;missing=0.2': 0.8879310344827587}",0.8333333333333334,0.05128205128205128,7,7,27,2.3333333333333335,0.45,5,1.75,2.8541666666666665,0.5295414462081128,4.398579734509423,"{2: 21, 3: 3, 4: 3}",27,0.0,0.44417939814814816
0.9600665936872833,0.8511904761904762,0.9600665936872833,"{0.0: 1.0, 0.1: 0.9870347564313082, 0.2: 0.8931650246305418}","{'noise=0.0;missing=0.0': 1.0, 'noise=0.0;missing=0.2': 1.0, 'noise=0.1;missing=0.0': 0.990079365079365, 'noise=0.1;missing=0.2': 0.9839901477832511, 'noise=0.2;missing=0.0': 0.875, 'noise=0.2;missing=0.2': 0.9113300492610837}",0.8717948717948718,0.0641025641025641,7,7,19,2.4210526315789473,0.31666666666666665,5,1.2777777777777777,1.7561728395061729,0.5567632850241546,4.276081999855836,"{2: 14, 3: 2, 4: 3}",19,0.0,0.3179388943036603
0.9565544608648057,0.8392857142857143,0.9565544608648057,"{0.0: 1.0, 0.1: 0.958128078817734, 0.2: 0.911535303776683}","{'noise=0.0;missing=0.0': 1.0, 'noise=0.0;missing=0.2': 1.0, 'noise=0.1;missing=0.0': 0.9285714285714286, 'noise=0.1;missing=0.2': 0.9876847290640394, 'noise=0.2;missing=0.0': 0.9166666666666667, 'noise=0.2;missing=0.2': 0.9064039408866994}",0.7948717948717948,0.0641025641025641,7,7,20,2.45,0.3333333333333333,7,1.3611111111111112,2.4529320987654324,0.5867346938775511,4.197854293804584,"{2: 14, 3: 3, 4: 3}",20,0.0,0.33408937757201645
0.9574438970990694,0.8392857142857143,0.9574438970990694,"{0.0: 1.0, 0.1: 0.984571702244116, 0.2: 0.8877599890530925}","{'noise=0.0;missing=0.0': 1.0, 'noise=0.0;missing=0.2': 1.0, 'noise=0.1;missing=0.0': 0.990079365079365, 'noise=0.1;missing=0.2': 0.9790640394088669, 'noise=0.2;missing=0.0': 0.878968253968254, 'noise=0.2;missing=0.2': 0.8965517241379309}",0.8461538461538461,0.07692307692307693,7,7,25,2.36,0.4166666666666667,11,1.6388888888888888,4.786265432098765,0.6200564971751412,4.082766552880013,"{2: 18, 3: 5, 4: 2}",25,0.0,0.41301993312757207
0.9534642401021713,0.8273809523809523,0.9534642401021713,"{0.0: 1.0, 0.1: 0.9566228790366722, 0.2: 0.9037698412698413}","{'noise=0.0;missing=0.0': 1.0, 'noise=0.0;missing=0.2': 1.0, 'noise=0.1;missing=0.0': 0.9563492063492064, 'noise=0.1;missing=0.2': 0.9568965517241379, 'noise=0.2;missing=0.0': 0.9146825396825397, 'noise=0.2;missing=0.2': 0.8928571428571427}",0.8205128205128205,0.07692307692307693,7,7,26,2.5384615384615383,0.43333333333333335,9,1.8333333333333333,3.138888888888889,0.48148148148148145,4.519116990564538,"{2: 18, 3: 2, 4: 6}",26,0.0,0.42981801994301994
0.9650497172048896,0.8571428571428571,0.9650497172048896,"{0.0: 1.0, 0.1: 0.9886083743842364, 0.2: 0.9065407772304324}","{'noise=0.0;missing=0.0': 1.0, 'noise=0.0;missing=0.2': 1.0, 'noise=0.1;missing=0.0': 0.9821428571428571, 'noise=0.1;missing=0.2': 0.9950738916256158, 'noise=0.2;missing=0.0': 0.9325396825396826, 'noise=0.2;missing=0.2': 0.8805418719211823}",0.8461538461538461,0.07692307692307693,7,7,26,2.3846153846153846,0.43333333333333335,8,1.7222222222222223,3.5339506172839505,0.5672043010752689,4.287127819478951,"{2: 20, 3: 2, 4: 4}",26,0.0,0.42881548749604304
0.9547071702244116,0.8273809523809523,0.9547071702244116,"{0.0: 1.0, 0.1: 0.978756157635468, 0.2: 0.8853653530377669}","{'noise=0.0;missing=0.0': 1.0, 'noise=0.0;missing=0.2': 1.0, 'noise=0.1;missing=0.0': 0.9821428571428571, 'noise=0.1;missing=0.2': 0.9753694581280786, 'noise=0.2;missing=0.0': 0.863095238095238, 'noise=0.2;missing=0.2': 0.9076354679802955}",0.8461538461538461,0.07692307692307693,7,7,24,2.4166666666666665,0.4,5,1.6111111111111112,2.2376543209876543,0.5067049808429118,4.461537573408762,"{2: 18, 3: 2, 4: 4}",24,0.0,0.39715534979423867
0.9470557380040139,0.8035714285714286,0.9470557380040139,"{0.0: 1.0, 0.1: 0.9621647509578545, 0.2: 0.8790024630541872}","{'noise=0.0;missing=0.0': 1.0, 'noise=0.0;missing=0.2': 1.0, 'noise=0.1;missing=0.0': 0.9563492063492064, 'noise=0.1;missing=0.2': 0.9679802955665024, 'noise=0.2;missing=0.0': 0.8392857142857143, 'noise=0.2;missing=0.2': 0.91871921182266}",0.7564102564102564,0.0641025641025641,7,7,20,2.25,0.3333333333333333,5,1.25,2.0208333333333335,0.5771604938271605,4.231207408480774,"{2: 17, 3: 1, 4: 2}",20,0.0,0.3326284722222222
0.9459040321109287,0.7916666666666666,0.9459040321109287,"{0.0: 1.0, 0.1: 0.9543650793650793, 0.2: 0.8833470169677066}","{'noise=0.0;missing=0.0': 1.0, 'noise=0.0;missing=0.2': 1.0, 'noise=0.1;missing=0.0': 0.9444444444444444, 'noise=0.1;missing=0.2': 0.9642857142857143, 'noise=0.2;missing=0.0': 0.884920634920635, 'noise=0.2;missing=0.2': 0.8817733990147782}",0.7692307692307693,0.07692307692307693,7,7,31,2.4838709677419355,0.5166666666666667,10,2.138888888888889,4.34182098765432,0.48448773448773447,4.537755009399223,"{2: 22, 3: 3, 4: 6}",31,1.0,0.5088060741072614
0.9364167122787814,0.7797619047619048,0.9364167122787814,"{0.0: 1.0, 0.1: 0.9486521620142311, 0.2: 0.8605979748221128}","{'noise=0.0;missing=0.0': 1.0, 'noise=0.0;missing=0.2': 1.0, 'noise=0.1;missing=0.0': 0.9305555555555555, 'noise=0.1;missing=0.2': 0.9667487684729065, 'noise=0.2;missing=0.0': 0.8591269841269842, 'noise=0.2;missing=0.2': 0.8620689655172413}",0.7948717948717948,0.05128205128205128,7,7,17,2.0588235294117645,0.2833333333333333,6,0.9722222222222222,1.5270061728395061,0.6087301587301587,4.071581588126284,"{2: 16, 3: 1}",17,0.0,0.2837185533163883
0.9486407589855868,0.8095238095238095,0.9486407589855868,"{0.0: 1.0, 0.1: 0.9639094143404489, 0.2: 0.882012862616311}","{'noise=0.0;missing=0.0': 1.0, 'noise=0.0;missing=0.2': 1.0, 'noise=0.1;missing=0.0': 0.9623015873015872, 'noise=0.1;missing=0.2': 0.9655172413793104, 'noise=0.2;missing=0.0': 0.8551587301587301, 'noise=0.2;missing=0.2': 0.9088669950738916}",0.8205128205128205,0.0641025641025641,7,7,19,2.3684210526315788,0.31666666666666665,5,1.25,1.3541666666666667,0.49320987654320986,4.455648863372105,"{2: 15, 3: 1, 4: 3}",19,0.0,0.31750639619883037
0.9481960408684548,0.8154761904761905,0.9481960408684548,"{0.0: 1.0, 0.1: 0.9757457580733442, 0.2: 0.8688423645320197}","{'noise=0.0;missing=0.0': 1.0, 'noise=0.0;missing=0.2': 1.0, 'noise=0.1;missing=0.0': 0.9662698412698413, 'noise=0.1;missing=0.2': 0.9852216748768472, 'noise=0.2;missing=0.0': 0.8214285714285714, 'noise=0.2;missing=0.2': 0.9162561576354679}",0.8205128205128205,0.05128205128205128,7,7,19,2.1578947368421053,0.31666666666666665,5,1.1388888888888888,1.5640432098765433,0.5697831978319783,4.238666566058884,"{2: 17, 3: 1, 4: 1}",19,0.0,0.3160793873186051
0.9627463054187192,0.8571428571428571,0.9627463054187192,"{0.0: 1.0, 0.1: 0.9830665024630542, 0.2: 0.9051724137931034}","{'noise=0.0;missing=0.0': 1.0, 'noise=0.0;missing=0.2': 1.0, 'noise=0.1;missing=0.0': 0.9821428571428571, 'noise=0.1;missing=0.2': 0.9839901477832511, 'noise=0.2;missing=0.0': 0.8928571428571429, 'noise=0.2;missing=0.2': 0.917487684729064}",0.8589743589743589,0.07692307692307693,7,7,21,2.4285714285714284,0.35,5,1.4166666666666667,2.0763888888888884,0.5473856209150327,4.319607332957948,"{2: 16, 3: 1, 4: 4}",21,0.0,0.34971114417989413
0.9510924101441344,0.8154761904761905,0.9510924101441344,"{0.0: 1.0, 0.1: 0.9633962780514504, 0.2: 0.8898809523809523}","{'noise=0.0;missing=0.0': 1.0, 'noise=0.0;missing=0.2': 1.0, 'noise=0.1;missing=0.0': 0.9563492063492064, 'noise=0.1;missing=0.2': 0.9704433497536946, 'noise=0.2;missing=0.0': 0.8869047619047619, 'noise=0.2;missing=0.2': 0.8928571428571429}",0.7948717948717948,0.07692307692307693,7,7,21,2.2857142857142856,0.35,7,1.3333333333333333,2.6111111111111107,0.6099537037037037,4.1207817728566996,"{2: 17, 3: 2, 4: 2}",21,0.0,0.34880820105820104
0.9481276226965882,0.8035714285714286,0.9481276226965882,"{0.0: 1.0, 0.1: 0.9643883415435139, 0.2: 0.8799945265462508}","{'noise=0.0;missing=0.0': 1.0, 'noise=0.0;missing=0.2': 1.0, 'noise=0.1;missing=0.0': 0.9583333333333333, 'noise=0.1;missing=0.2': 0.9704433497536946, 'noise=0.2;missing=0.0': 0.8769841269841271, 'noise=0.2;missing=0.2': 0.8830049261083743}",0.8333333333333334,0.0641025641025641,7,7,23,2.260869565217391,0.38333333333333336,8,1.4444444444444444,3.524691358024691,0.6367521367521367,4.043921151075368,"{2: 18, 3: 4, 4: 1}",23,0.0,0.3804545983181249
0.9528028644407955,0.8273809523809523,0.9528028644407955,"{0.0: 1.0, 0.1: 0.9528256704980843, 0.2: 0.9055829228243021}","{'noise=0.0;missing=0.0': 1.0, 'noise=0.0;missing=0.2': 1.0, 'noise=0.1;missing=0.0': 0.9265873015873015, 'noise=0.1;missing=0.2': 0.9790640394088671, 'noise=0.2;missing=0.0': 0.9047619047619049, 'noise=0.2;missing=0.2': 0.9064039408866994}",0.8076923076923077,0.0641025641025641,7,7,19,2.4210526315789473,0.31666666666666665,5,1.2777777777777777,1.7561728395061733,0.5567632850241546,4.276081999855835,"{2: 14, 3: 2, 4: 3}",19,0.0,0.3179388943036603
0.9351623791278963,0.7738095238095238,0.9351623791278963,"{0.0: 1.0, 0.1: 0.9418103448275862, 0.2: 0.863676792556103}","{'noise=0.0;missing=0.0': 1.0, 'noise=0.0;missing=0.2': 1.0, 'noise=0.1;missing=0.0': 0.9107142857142857, 'noise=0.1;missing=0.2': 0.9729064039408868, 'noise=0.2;missing=0.0': 0.8234126984126984, 'noise=0.2;missing=0.2': 0.9039408866995073}",0.7564102564102564,0.0641025641025641,7,7,23,2.3043478260869565,0.38333333333333336,7,1.4722222222222223,2.1381172839506175,0.49633123689727465,4.464982775892492,"{2: 19, 3: 1, 4: 3}",23,0.0,0.3805254350062623
0.9398832329866813,0.7976190476190477,0.9398832329866813,"{0.0: 1.0, 0.1: 0.9608648056923919, 0.2: 0.8587848932676518}","{'noise=0.0;missing=0.0': 1.0, 'noise=0.0;missing=0.2': 1.0, 'noise=0.1;missing=0.0': 0.9365079365079365, 'noise=0.1;missing=0.2': 0.9852216748768472, 'noise=0.2;missing=0.0': 0.8333333333333333, 'noise=0.2;missing=0.2': 0.8842364532019704}",0.8076923076923077,0.05128205128205128,7,7,22,2.3636363636363638,0.36666666666666664,6,1.4444444444444444,2.135802469135802,0.5405982905982906,4.32958947746524,"{2: 17, 3: 2, 4: 3}",22,0.0,0.36510344182566407
0.9504880496259805,0.8154761904761905,0.9504880496259805,"{0.0: 1.0, 0.1: 0.9666119321291734, 0.2: 0.8848522167487685}","{'noise=0.0;missing=0.0': 1.0, 'noise=0.0;missing=0.2': 1.0, 'noise=0.1;missing=0.0': 0.9603174603174602, 'noise=0.1;missing=0.2': 0.9729064039408867, 'noise=0.2;missing=0.0': 0.8928571428571429, 'noise=0.2;missing=0.2': 0.876847290640394}",0.8076923076923077,0.0641025641025641,7,7,28,2.392857142857143,0.4666666666666667,7,1.8611111111111112,3.397376543209877,0.525290215588723,4.424444699681046,"{2: 21, 3: 3, 4: 4}",28,0.0,0.46051662624926515
0.9586754241926656,0.8333333333333334,0.9586754241926656,"{0.0: 1.0, 0.1: 0.9851532567049809, 0.2: 0.8908730158730158}","{'noise=0.0;missing=0.0': 1.0, 'noise=0.0;missing=0.2': 1.0, 'noise=0.1;missing=0.0': 0.9801587301587301, 'noise=0.1;missing=0.2': 0.9901477832512315, 'noise=0.2;missing=0.0': 0.888888888888889, 'noise=0.2;missing=0.2': 0.8928571428571429}",0.8333333333333334,0.08974358974358974,7,7,25,2.2,0.4166666666666667,10,1.5277777777777777,4.138117283950618,0.6338383838383839,4.0386602329434895,"{2: 21, 3: 3, 4: 1}",25,0.0,0.41180079732510294
0.9594394271118409,0.8392857142857143,0.9594394271118409,"{0.0: 1.0, 0.1: 0.9886083743842364, 0.2: 0.8897099069512863}","{'noise=0.0;missing=0.0': 1.0, 'noise=0.0;missing=0.2': 1.0, 'noise=0.1;missing=0.0': 0.9821428571428571, 'noise=0.1;missing=0.2': 0.9950738916256158, 'noise=0.2;missing=0.0': 0.9087301587301587, 'noise=0.2;missing=0.2': 0.8706896551724138}",0.8333333333333334,0.07692307692307693,7,7,28,2.392857142857143,0.4666666666666667,9,1.8611111111111112,4.008487654320988,0.5410447761194029,4.382982384927797,"{2: 21, 3: 3, 4: 4}",28,0.0,0.460618478101117
0.9465996168582375,0.8095238095238095,0.9465996168582375,"{0.0: 1.0, 0.1: 0.9771141215106732, 0.2: 0.8626847290640394}","{'noise=0.0;missing=0.0': 1.0, 'noise=0.0;missing=0.2': 1.0, 'noise=0.1;missing=0.0': 0.9702380952380952, 'noise=0.1;missing=0.2': 0.9839901477832511, 'noise=0.2;missing=0.0': 0.8571428571428571, 'noise=0.2;missing=0.2': 0.8682266009852216}",0.8205128205128205,0.05128205128205128,7,7,20,2.45,0.3333333333333333,5,1.3611111111111112,1.6751543209876543,0.5085034013605442,4.433601620014652,"{2: 14, 3: 3, 4: 3}",20,0.0,0.3339597479423868
0.9556992337164751,0.8333333333333334,0.9556992337164751,"{0.0: 1.0, 0.1: 0.9800903119868638, 0.2: 0.8870073891625616}","{'noise=0.0;missing=0.0': 1.0, 'noise=0.0;missing=0.2': 1.0, 'noise=0.1;missing=0.0': 0.9761904761904762, 'noise=0.1;missing=0.2': 0.9839901477832511, 'noise=0.2;missing=0.0': 0.875, 'noise=0.2;missing=0.2': 0.8990147783251231}",0.8461538461538461,0.07692307692307693,7,7,25,2.44,0.4166666666666667,7,1.6944444444444444,2.9344135802469133,0.5314207650273224,4.403927043960144,"{2: 18, 3: 3, 4: 4}",25,0.0,0.41326684670781894
0.9441137566137565,0.7976190476190477,0.9441137566137565,"{0.0: 1.0, 0.1: 0.956896551724138, 0.2: 0.8754447181171319}","{'noise=0.0;missing=0.0': 1.0, 'noise=0.0;missing=0.2': 1.0, 'noise=0.1;missing=0.0': 0.9285714285714286, 'noise=0.1;missing=0.2': 0.9852216748768472, 'noise=0.2;missing=0.0': 0.8432539682539681, 'noise=0.2;missing=0.2': 0.9076354679802955}",0.7948717948717948,0.0641025641025641,7,7,22,2.227272727272727,0.36666666666666664,6,1.3611111111111112,2.23070987654321,0.56859410430839,4.264935038249542,"{2: 19, 3: 1, 4: 2}",22,0.0,0.3641722900299289
0.9449461777047984,0.8095238095238095,0.9449461777047984,"{0.0: 1.0, 0.1: 0.9639778325123152, 0.2: 0.8708607006020799}","{'noise=0.0;missing=0.0': 1.0, 'noise=0.0;missing=0.2': 1.0, 'noise=0.1;missing=0.0': 0.9464285714285714, 'noise=0.1;missing=0.2': 0.981527093596059, 'noise=0.2;missing=0.0': 0.8353174603174602, 'noise=0.2;missing=0.2': 0.9064039408866994}",0.8205128205128205,0.07692307692307693,7,7,21,2.238095238095238,0.35,6,1.3055555555555556,1.9344135802469136,0.5466903073286052,4.325345500383651,"{2: 18, 3: 1, 4: 2}",21,0.0,0.3483647303057025
0.956029921547163,0.8333333333333334,0.956029921547163,"{0.0: 1.0, 0.1: 0.978756157635468, 0.2: 0.8893336070060208}","{'noise=0.0;missing=0.0': 1.0, 'noise=0.0;missing=0.2': 1.0, 'noise=0.1;missing=0.0': 0.9821428571428571, 'noise=0.1;missing=0.2': 0.9753694581280786, 'noise=0.2;missing=0.0': 0.8710317460317459, 'noise=0.2;missing=0.2': 0.9076354679802955}",0.8589743589743589,0.07692307692307693,7,7,21,2.238095238095238,0.35,5,1.3055555555555556,1.8233024691358029,0.5407801418439716,4.341956544024638,"{2: 18, 3: 1, 4: 2}",21,0.0,0.34834621178718395
0.9481732348111659,0.8154761904761905,0.9481732348111659,"{0.0: 1.0, 0.1: 0.9757457580733443, 0.2: 0.8687739463601533}","{'noise=0.0;missing=0.0': 1.0, 'noise=0.0;missing=0.2': 1.0, 'noise=0.1;missing=0.0': 0.9662698412698413, 'noise=0.1;missing=0.2': 0.9852216748768472, 'noise=0.2;missing=0.0': 0.8373015873015872, 'noise=0.2;missing=0.2': 0.9002463054187192}",0.8333333333333334,0.05128205128205128,7,7,18,2.3333333333333335,0.3,4,1.1666666666666667,1.416666666666667,0.548941798941799,4.290777839290894,"{2: 14, 3: 2, 4: 2}",18,0.0,0.3014398148148148
0.9620735267286992,0.8511904761904762,0.9620735267286992,"{0.0: 1.0, 0.1: 0.9738984674329502, 0.2: 0.9123221127531472}","{'noise=0.0;missing=0.0': 1.0, 'noise=0.0;missing=0.2': 1.0, 'noise=0.1;missing=0.0': 0.9662698412698412, 'noise=0.1;missing=0.2': 0.981527093596059, 'noise=0.2;missing=0.0': 0.9305555555555555, 'noise=0.2;missing=0.2': 0.894088669950739}",0.8205128205128205,0.07692307692307693,7,7,22,2.409090909090909,0.36666666666666664,6,1.4722222222222223,2.915895061728395,0.5980083857442348,4.178128652913809,"{2: 16, 3: 3, 4: 3}",22,0.0,0.36554911382341937
0.942391899288451,0.7916666666666666,0.942391899288451,"{0.0: 1.0, 0.1: 0.9517309797482211, 0.2: 0.8754447181171319}","{'noise=0.0;missing=0.0': 1.0, 'noise=0.0;missing=0.2': 1.0, 'noise=0.1;missing=0.0': 0.9305555555555555, 'noise=0.1;missing=0.2': 0.9729064039408867, 'noise=0.2;missing=0.0': 0.8432539682539681, 'noise=0.2;missing=0.2': 0.9076354679802955}",0.7692307692307693,0.0641025641025641,7,7,23,2.4347826086956523,0.38333333333333336,6,1.5555555555555556,2.358024691358025,0.5208333333333334,4.425496386606637,"{2: 17, 3: 2, 4: 4}",23,0.0,0.3814678833422795
0.9423690932311624,0.7976190476190477,0.9423690932311624,"{0.0: 1.0, 0.1: 0.9689381499726328, 0.2: 0.8581691297208538}","{'noise=0.0;missing=0.0': 1.0, 'noise=0.0;missing=0.2': 1.0, 'noise=0.1;missing=0.0': 0.9563492063492064, 'noise=0.1;missing=0.2': 0.981527093596059, 'noise=0.2;missing=0.0': 0.8333333333333333, 'noise=0.2;missing=0.2': 0.8830049261083743}",0.7948717948717948,0.05128205128205128,7,7,18,2.1666666666666665,0.3,6,1.0833333333333333,1.5208333333333333,0.5605413105413105,4.2336188853070205,"{2: 16, 3: 1, 4: 1}",18,0.0,0.3002997685185185
0.9627463054187192,0.8571428571428571,0.9627463054187192,"{0.0: 1.0, 0.1: 0.9830665024630542, 0.2: 0.9051724137931034}","{'noise=0.0;missing=0.0': 1.0, 'noise=0.0;missing=0.2': 1.0, 'noise=0.1;missing=0.0': 0.9821428571428571, 'noise=0.1;missing=0.2': 0.9839901477832511, 'noise=0.2;missing=0.0': 0.8928571428571429, 'noise=0.2;missing=0.2': 0.917487684729064}",0.8589743589743589,0.07692307692307693,7,7,20,2.35,0.3333333333333333,4,1.3055555555555556,1.7121913580246912,0.5466903073286052,4.2988537451105335,"{2: 16, 3: 1, 4: 3}",20,0.0,0.3332714763374485
0.9385376756066409,0.7797619047619048,0.9385376756066409,"{0.0: 1.0, 0.1: 0.9506362889983581, 0.2: 0.8649767378215654}","{'noise=0.0;missing=0.0': 1.0, 'noise=0.0;missing=0.2': 1.0, 'noise=0.1;missing=0.0': 0.9345238095238094, 'noise=0.1;missing=0.2': 0.9667487684729065, 'noise=0.2;missing=0.0': 0.8432539682539683, 'noise=0.2;missing=0.2': 0.8866995073891626}",0.782051282051282,0.05128205128205128,7,7,19,2.473684210526316,0.31666666666666665,5,1.3055555555555556,1.7677469135802468,0.5466903073286052,4.3175895859879,"{2: 14, 3: 1, 4: 4}",19,0.0,0.3183063203920294
0.9598157270571064,0.8452380952380952,0.9598157270571064,"{0.0: 1.0, 0.1: 0.978756157635468, 0.2: 0.900691023535851}","{'noise=0.0;missing=0.0': 1.0, 'noise=0.0;missing=0.2': 1.0, 'noise=0.1;missing=0.0': 0.9821428571428571, 'noise=0.1;missing=0.2': 0.9753694581280788, 'noise=0.2;missing=0.0': 0.878968253968254, 'noise=0.2;missing=0.2': 0.9224137931034483}",0.8717948717948718,0.05128205128205128,7,7,18,2.2777777777777777,0.3,4,1.1388888888888888,1.2862654320987654,0.5223577235772358,4.37548706543539,"{2: 15, 3: 1, 4: 2}",18,0.0,0.30103227880658434
0.9528028644407955,0.8333333333333334,0.9528028644407955,"{0.0: 1.0, 0.1: 0.9660645867542419, 0.2: 0.8923440065681445}","{'noise=0.0;missing=0.0': 1.0, 'noise=0.0;missing=0.2': 1.0, 'noise=0.1;missing=0.0': 0.9444444444444444, 'noise=0.1;missing=0.2': 0.9876847290640394, 'noise=0.2;missing=0.0': 0.886904761904762, 'noise=0.2;missing=0.2': 0.897783251231527}",0.8205128205128205,0.05128205128205128,7,7,19,2.3684210526315788,0.31666666666666665,6,1.25,2.076388888888889,0.5858024691358025,4.172206918879583,"{2: 14, 3: 3, 4: 2}",19,0.0,0.31762676656920075
0.9411945812807881,0.7976190476190477,0.9411945812807881,"{0.0: 1.0, 0.1: 0.955699233716475, 0.2: 0.8678845101258894}","{'noise=0.0;missing=0.0': 1.0, 'noise=0.0;missing=0.2': 1.0, 'noise=0.1;missing=0.0': 0.9384920634920635, 'noise=0.1;missing=0.2': 0.9729064039408867, 'noise=0.2;missing=0.0': 0.8293650793650793, 'noise=0.2;missing=0.2': 0.9064039408866994}",0.782051282051282,0.038461538461538464,7,7,20,2.25,0.3333333333333333,5,1.25,1.9652777777777777,0.5820987654320988,4.214432130654918,"{2: 17, 3: 1, 4: 2}",20,0.0,0.33261921296296293
0.9558702791461413,0.8333333333333334,0.9558702791461413,"{0.0: 1.0, 0.1: 0.9776272577996716, 0.2: 0.8899835796387521}","{'noise=0.0;missing=0.0': 1.0, 'noise=0.0;missing=0.2': 1.0, 'noise=0.1;missing=0.0': 0.9761904761904762, 'noise=0.1;missing=0.2': 0.9790640394088669, 'noise=0.2;missing=0.0': 0.880952380952381, 'noise=0.2;missing=0.2': 0.8990147783251231}",0.8205128205128205,0.07692307692307693,7,7,24,2.4166666666666665,0.4,10,1.6111111111111112,3.904320987654322,0.5699233716475096,4.254641021684624,"{2: 17, 3: 4, 4: 3}",24,0.0,0.39743312757201643
0.9571360153256704,0.8392857142857143,0.9571360153256704,"{0.0: 1.0, 0.1: 0.9873768472906405, 0.2: 0.884031198686371}","{'noise=0.0;missing=0.0': 1.0, 'noise=0.0;missing=0.2': 1.0, 'noise=0.1;missing=0.0': 0.9821428571428571, 'noise=0.1;missing=0.2': 0.9926108374384236, 'noise=0.2;missing=0.0': 0.9047619047619048, 'noise=0.2;missing=0.2': 0.8633004926108374}",0.8589743589743589,0.07692307692307693,7,7,28,2.392857142857143,0.4666666666666667,9,1.8611111111111112,3.8418209876543212,0.5344112769485904,4.400075624147598,"{2: 21, 3: 3, 4: 4}",28,0.0,0.4605907003233392
0.9465996168582375,0.8095238095238095,0.9465996168582375,"{0.0: 1.0, 0.1: 0.9771141215106732, 0.2: 0.8626847290640394}","{'noise=0.0;missing=0.0': 1.0, 'noise=0.0;missing=0.2': 1.0, 'noise=0.1;missing=0.0': 0.9702380952380952, 'noise=0.1;missing=0.2': 0.9839901477832511, 'noise=0.2;missing=0.0': 0.8571428571428571, 'noise=0.2;missing=0.2': 0.8682266009852216}",0.8205128205128205,0.05128205128205128,7,7,21,2.5238095238095237,0.35,5,1.4722222222222223,1.9158950617283952,0.5120545073375262,4.43303006808979,"{2: 14, 3: 3, 4: 4}",21,0.0,0.35034577087007635
0.9599753694581281,0.8392857142857143,0.9599753694581281,"{0.0: 1.0, 0.1: 0.9798508483853311, 0.2: 0.900075259989053}","{'noise=0.0;missing=0.0': 1.0, 'noise=0.0;missing=0.2': 1.0, 'noise=0.1;missing=0.0': 0.978174603174603, 'noise=0.1;missing=0.2': 0.981527093596059, 'noise=0.2;missing=0.0': 0.9146825396825397, 'noise=0.2;missing=0.2': 0.8854679802955665}",0.8461538461538461,0.08974358974358974,7,7,21,2.1904761904761907,0.35,5,1.2777777777777777,1.867283950617284,0.5628019323671497,4.2575004135020675,"{2: 18, 3: 2, 4: 1}",21,0.0,0.3480228542034097
0.9425857507754059,0.7976190476190477,0.9425857507754059,"{0.0: 1.0, 0.1: 0.9658251231527093, 0.2: 0.8619321291735085}","{'noise=0.0;missing=0.0': 1.0, 'noise=0.0;missing=0.2': 1.0, 'noise=0.1;missing=0.0': 0.9464285714285714, 'noise=0.1;missing=0.2': 0.9852216748768472, 'noise=0.2;missing=0.0': 0.8531746031746031, 'noise=0.2;missing=0.2': 0.8706896551724137}",0.8205128205128205,0.05128205128205128,7,7,19,2.0526315789473686,0.31666666666666665,6,1.0833333333333333,1.8541666666666667,0.6217948717948718,4.060416641661805,"{2: 18, 3: 1}",19,0.0,0.3153967470760234
0.9568623426382046,0.8333333333333334,0.9568623426382046,"{0.0: 1.0, 0.1: 0.9643199233716475, 0.2: 0.9062671045429667}","{'noise=0.0;missing=0.0': 1.0, 'noise=0.0;missing=0.2': 1.0, 'noise=0.1;missing=0.0': 0.9384920634920635, 'noise=0.1;missing=0.2': 0.9901477832512315, 'noise=0.2;missing=0.0': 0.9246031746031746, 'noise=0.2;missing=0.2': 0.8879310344827587}",0.782051282051282,0.08974358974358974,7,7,23,2.4782608695652173,0.38333333333333336,7,1.5833333333333333,2.9652777777777786,0.5765107212475633,4.228926470915257,"{2: 16, 3: 3, 4: 4}",23,0.0,0.3818710245571659
0.9592911877394636,0.8392857142857143,0.9592911877394636,"{0.0: 1.0, 0.1: 0.984571702244116, 0.2: 0.8933018609742748}","{'noise=0.0;missing=0.0': 1.0, 'noise=0.0;missing=0.2': 1.0, 'noise=0.1;missing=0.0': 0.990079365079365, 'noise=0.1;missing=0.2': 0.9790640394088671, 'noise=0.2;missing=0.0': 0.878968253968254, 'noise=0.2;missing=0.2': 0.9076354679802955}",0.8333333333333334,0.07692307692307693,7,7,19,2.4210526315789473,0.31666666666666665,5,1.2777777777777777,1.867283950617284,0.5700483091787439,4.24901433685939,"{2: 14, 3: 2, 4: 3}",19,0.0,0.3179574128221788
0.9626322751322751,0.8452380952380952,0.9626322751322751,"{0.0: 1.0, 0.1: 0.980603448275862, 0.2: 0.9072933771209633}","{'noise=0.0;missing=0.0': 1.0, 'noise=0.0;missing=0.2': 1.0, 'noise=0.1;missing=0.0': 0.9821428571428571, 'noise=0.1;missing=0.2': 0.9790640394088671, 'noise=0.2;missing=0.0': 0.9007936507936506, 'noise=0.2;missing=0.2': 0.9137931034482758}",0.8205128205128205,0.08974358974358974,7,7,21,2.4285714285714284,0.35,5,1.4166666666666667,2.2430555555555554,0.5648148148148148,4.280391646683438,"{2: 16, 3: 1, 4: 4}",21,0.0,0.3497389219576719
0.9600779967159279,0.8392857142857143,0.9600779967159279,"{0.0: 1.0, 0.1: 0.9627463054187192, 0.2: 0.9174876847290641}","{'noise=0.0;missing=0.0': 1.0, 'noise=0.0;missing=0.2': 1.0, 'noise=0.1;missing=0.0': 0.9464285714285714, 'noise=0.1;missing=0.2': 0.9790640394088671, 'noise=0.2;missing=0.0': 0.9285714285714286, 'noise=0.2;missing=0.2': 0.9064039408866994}",0.8205128205128205,0.07692307692307693,7,7,20,2.3,0.3333333333333333,8,1.2777777777777777,2.9228395061728403,0.6485507246376812,3.9304269013799633,"{2: 15, 3: 4, 4: 1}",20,0.0,0.3331260288065844
0.9564176245210728,0.8333333333333334,0.9564176245210728,"{0.0: 1.0, 0.1: 0.9796113847837986, 0.2: 0.8896414887794197}","{'noise=0.0;missing=0.0': 1.0, 'noise=0.0;missing=0.2': 1.0, 'noise=0.1;missing=0.0': 0.9801587301587301, 'noise=0.1;missing=0.2': 0.9790640394088669, 'noise=0.2;missing=0.0': 0.888888888888889, 'noise=0.2;missing=0.2': 0.8903940886699507}",0.8333333333333334,0.08974358974358974,7,7,25,2.4,0.4166666666666667,10,1.6666666666666667,3.9444444444444446,0.5787037037037037,4.217586488336998,"{2: 18, 3: 4, 4: 3}",25,0.0,0.4131574074074074
0.9653119868637111,0.8571428571428571,0.9653119868637111,"{0.0: 1.0, 0.1: 0.9886083743842364, 0.2: 0.9073275862068966}","{'noise=0.0;missing=0.0': 1.0, 'noise=0.0;missing=0.2': 1.0, 'noise=0.1;missing=0.0': 0.9821428571428571, 'noise=0.1;missing=0.2': 0.9950738916256158, 'noise=0.2;missing=0.0': 0.9107142857142857, 'noise=0.2;missing=0.2': 0.9039408866995073}",0.8461538461538461,0.07692307692307693,7,7,26,2.423076923076923,0.43333333333333335,7,1.75,3.298611111111111,0.5418871252204586,4.379737020101596,"{2: 19, 3: 3, 4: 4}",26,0.0,0.42904335826210827
0.9589034847655539,0.8511904761904762,0.9589034847655539,"{0.0: 1.0, 0.1: 0.9826559934318555, 0.2: 0.8940544608648057}","{'noise=0.0;missing=0.0': 1.0, 'noise=0.0;missing=0.2': 1.0, 'noise=0.1;missing=0.0': 0.9702380952380952, 'noise=0.1;missing=0.2': 0.9950738916256158, 'noise=0.2;missing=0.0': 0.9186507936507936, 'noise=0.2;missing=0.2': 0.8694581280788177}",0.8461538461538461,0.0641025641025641,7,7,18,2.2777777777777777,0.3,5,1.1388888888888888,1.8973765432098766,0.6172086720867209,4.083434176385706,"{2: 14, 3: 3, 4: 1}",18,0.0,0.3011341306584362
0.9538861521620141,0.8273809523809523,0.9538861521620141,"{0.0: 1.0, 0.1: 0.9771141215106732, 0.2: 0.8845443349753693}","{'noise=0.0;missing=0.0': 1.0, 'noise=0.0;missing=0.2': 1.0, 'noise=0.1;missing=0.0': 0.9702380952380951, 'noise=0.1;missing=0.2': 0.9839901477832511, 'noise=0.2;missing=0.0': 0.875, 'noise=0.2;missing=0.2': 0.894088669950739}",0.8589743589743589,0.07692307692307693,7,7,21,2.380952380952381,0.35,6,1.3888888888888888,2.182098765432099,0.5566666666666666,4.290881379939833,"{2: 16, 3: 2, 4: 3}",21,0.0,0.3493980746619635
0.9385376756066409,0.7797619047619048,0.9385376756066409,"{0.0: 1.0, 0.1: 0.9506362889983581, 0.2: 0.8649767378215654}","{'noise=0.0;missing=0.0': 1.0, 'noise=0.0;missing=0.2': 1.0, 'noise=0.1;missing=0.0': 0.9345238095238094, 'noise=0.1;missing=0.2': 0.9667487684729065, 'noise=0.2;missing=0.0': 0.8432539682539683, 'noise=0.2;missing=0.2': 0.8866995073891626}",0.782051282051282,0.05128205128205128,7,7,21,2.5714285714285716,0.35,5,1.5,1.75,0.4825102880658436,4.5070342061402435,"{2: 14, 3: 2, 4: 5}",21,0.0,0.3506488095238095
0.9521414887794198,0.8273809523809523,0.9521414887794198,"{0.0: 1.0, 0.1: 0.9876505199781062, 0.2: 0.8687739463601533}","{'noise=0.0;missing=0.0': 1.0, 'noise=0.0;missing=0.2': 1.0, 'noise=0.1;missing=0.0': 0.990079365079365, 'noise=0.1;missing=0.2': 0.9852216748768472, 'noise=0.2;missing=0.0': 0.8373015873015872, 'noise=0.2;missing=0.2': 0.9002463054187192}",0.8461538461538461,0.05128205128205128,7,7,17,2.3529411764705883,0.2833333333333333,4,1.1111111111111112,1.3765432098765433,0.5597222222222222,4.265311532225102,"{2: 13, 3: 2, 4: 2}",17,0.0,0.2857359598160252
0.9672276956759714,0.8630952380952381,0.9672276956759714,"{0.0: 1.0, 0.1: 0.9886083743842364, 0.2: 0.9130747126436781}","{'noise=0.0;missing=0.0': 1.0, 'noise=0.0;missing=0.2': 1.0, 'noise=0.1;missing=0.0': 0.9821428571428571, 'noise=0.1;missing=0.2': 0.9950738916256158, 'noise=0.2;missing=0.0': 0.8988095238095238, 'noise=0.2;missing=0.2': 0.9273399014778325}",0.8333333333333334,0.07692307692307693,7,7,23,2.5217391304347827,0.38333333333333336,6,1.6111111111111112,2.682098765432099,0.5459770114942529,4.345073995785254,"{2: 16, 3: 2, 4: 5}",23,0.0,0.382125760422258
0.9649698960043788,0.8571428571428571,0.9649698960043788,"{0.0: 1.0, 0.1: 0.9901135741652983, 0.2: 0.9047961138478379}","{'noise=0.0;missing=0.0': 1.0, 'noise=0.0;missing=0.2': 1.0, 'noise=0.1;missing=0.0': 0.990079365079365, 'noise=0.1;missing=0.2': 0.9901477832512315, 'noise=0.2;missing=0.0': 0.9265873015873015, 'noise=0.2;missing=0.2': 0.8830049261083743}",0.8333333333333334,0.08974358974358974,7,7,23,2.347826086956522,0.38333333333333336,7,1.5,2.9722222222222223,0.5997942386831275,4.157097225543211,"{2: 18, 3: 2, 4: 3}",23,0.0,0.380966384863124
0.9533958219303047,0.8214285714285714,0.9533958219303047,"{0.0: 1.0, 0.1: 0.9728037766830872, 0.2: 0.8873836891078272}","{'noise=0.0;missing=0.0': 1.0, 'noise=0.0;missing=0.2': 1.0, 'noise=0.1;missing=0.0': 0.9702380952380951, 'noise=0.1;missing=0.2': 0.9753694581280786, 'noise=0.2;missing=0.0': 0.8769841269841269, 'noise=0.2;missing=0.2': 0.897783251231527}",0.8589743589743589,0.07692307692307693,7,7,24,2.3333333333333335,0.4,6,1.5555555555555556,2.191358024691358,0.5089285714285714,4.449513850319966,"{2: 19, 3: 2, 4: 3}",24,0.0,0.3965689300411523
0.9604885057471266,0.8392857142857143,0.9604885057471266,"{0.0: 1.0, 0.1: 0.9627463054187192, 0.2: 0.9187192118226601}","{'noise=0.0;missing=0.0': 1.0, 'noise=0.0;missing=0.2': 1.0, 'noise=0.1;missing=0.0': 0.9464285714285714, 'noise=0.1;missing=0.2': 0.9790640394088671, 'noise=0.2;missing=0.0': 0.9285714285714286, 'noise=0.2;missing=0.2': 0.9088669950738916}",0.8205128205128205,0.07692307692307693,7,7,19,2.3157894736842106,0.31666666666666665,7,1.2222222222222223,2.5061728395061724,0.6439393939393939,3.955322312560387,"{2: 14, 3: 4, 4: 1}",19,0.0,0.3173329001516136
0.9482986681262543,0.8214285714285714,0.9482986681262543,"{0.0: 1.0, 0.1: 0.9625410509031198, 0.2: 0.8823549534756431}","{'noise=0.0;missing=0.0': 1.0, 'noise=0.0;missing=0.2': 1.0, 'noise=0.1;missing=0.0': 0.9583333333333334, 'noise=0.1;missing=0.2': 0.9667487684729065, 'noise=0.2;missing=0.0': 0.8829365079365079, 'noise=0.2;missing=0.2': 0.8817733990147782}",0.8461538461538461,0.0641025641025641,7,7,15,2.066666666666667,0.25,4,0.8611111111111112,1.0640432098765433,0.6155913978494624,4.026619294188054,"{2: 14, 3: 1}",15,0.0,0.25202919238683125
0.9423690932311624,0.7976190476190477,0.9423690932311624,"{0.0: 1.0, 0.1: 0.9689381499726328, 0.2: 0.8581691297208538}","{'noise=0.0;missing=0.0': 1.0, 'noise=0.0;missing=0.2': 1.0, 'noise=0.1;missing=0.0': 0.9563492063492064, 'noise=0.1;missing=0.2': 0.981527093596059, 'noise=0.2;missing=0.0': 0.8333333333333333, 'noise=0.2;missing=0.2': 0.8830049261083743}",0.7948717948717948,0.05128205128205128,7,7,18,2.388888888888889,0.3,6,1.1944444444444444,1.6566358024691357,0.5484496124031008,4.268719696310997,"{2: 14, 3: 1, 4: 3}",18,0.0,0.30186561213991764
0.9641146688560482,0.8630952380952381,0.9641146688560482,"{0.0: 1.0, 0.1: 0.9923371647509579, 0.2: 0.9000068418171866}","{'noise=0.0;missing=0.0': 1.0, 'noise=0.0;missing=0.2': 1.0, 'noise=0.1;missing=0.0': 0.9920634920634921, 'noise=0.1;missing=0.2': 0.9926108374384236, 'noise=0.2;missing=0.0': 0.8948412698412698, 'noise=0.2;missing=0.2': 0.9051724137931034}",0.8717948717948718,0.07692307692307693,7,7,20,2.45,0.3333333333333333,5,1.3611111111111112,2.064043209876543,0.5572562358276644,4.293708702213156,"{2: 15, 3: 1, 4: 4}",20,0.0,0.3340245627572016
0.9628375296478746,0.8571428571428571,0.9628375296478746,"{0.0: 1.0, 0.1: 0.9913451012588944, 0.2: 0.897167487684729}","{'noise=0.0;missing=0.0': 1.0, 'noise=0.0;missing=0.2': 1.0, 'noise=0.1;missing=0.0': 0.990079365079365, 'noise=0.1;missing=0.2': 0.9926108374384236, 'noise=0.2;missing=0.0': 0.8928571428571429, 'noise=0.2;missing=0.2': 0.9014778325123152}",0.8717948717948718,0.0641025641025641,7,7,22,2.3181818181818183,0.36666666666666664,5,1.4166666666666667,2.2430555555555554,0.5604575163398693,4.288045755027814,"{2: 17, 3: 3, 4: 2}",22,0.0,0.3648056607744108
0.9464171683999271,0.7976190476190477,0.9464171683999271,"{0.0: 1.0, 0.1: 0.9584359605911329, 0.2: 0.8808155446086481}","{'noise=0.0;missing=0.0': 1.0, 'noise=0.0;missing=0.2': 1.0, 'noise=0.1;missing=0.0': 0.9464285714285714, 'noise=0.1;missing=0.2': 0.9704433497536946, 'noise=0.2;missing=0.0': 0.865079365079365, 'noise=0.2;missing=0.2': 0.8965517241379309}",0.7564102564102564,0.07692307692307693,7,7,18,2.4444444444444446,0.3,5,1.2222222222222223,1.895061728395062,0.5909090909090909,4.166389505237727,"{2: 13, 3: 2, 4: 3}",18,0.0,0.3022911522633745
0.9666917533296845,0.8630952380952381,0.9666917533296845,"{0.0: 1.0, 0.1: 0.9886083743842364, 0.2: 0.9114668856048167}","{'noise=0.0;missing=0.0': 1.0, 'noise=0.0;missing=0.2': 1.0, 'noise=0.1;missing=0.0': 0.9821428571428571, 'noise=0.1;missing=0.2': 0.9950738916256158, 'noise=0.2;missing=0.0': 0.9325396825396826, 'noise=0.2;missing=0.2': 0.8903940886699507}",0.8461538461538461,0.07692307692307693,7,7,24,2.4166666666666665,0.4,7,1.6111111111111112,2.959876543209877,0.5593869731800766,4.3035848241203105,"{2: 18, 3: 2, 4: 4}",24,0.0,0.39727572016460905
0.9560527276044519,0.8333333333333334,0.9560527276044519,"{0.0: 1.0, 0.1: 0.9674671592775042, 0.2: 0.900691023535851}","{'noise=0.0;missing=0.0': 1.0, 'noise=0.0;missing=0.2': 1.0, 'noise=0.1;missing=0.0': 0.9583333333333334, 'noise=0.1;missing=0.2': 0.9766009852216749, 'noise=0.2;missing=0.0': 0.878968253968254, 'noise=0.2;missing=0.2': 0.9224137931034483}",0.8589743589743589,0.05128205128205128,7,7,19,2.263157894736842,0.31666666666666665,4,1.1944444444444444,1.3788580246913578,0.5239018087855297,4.379298475431078,"{2: 16, 3: 1, 4: 2}",19,0.0,0.31677951727312104
0.9515941434044881,0.8154761904761905,0.9515941434044881,"{0.0: 1.0, 0.1: 0.962883141762452, 0.2: 0.8918992884510126}","{'noise=0.0;missing=0.0': 1.0, 'noise=0.0;missing=0.2': 1.0, 'noise=0.1;missing=0.0': 0.9503968253968254, 'noise=0.1;missing=0.2': 0.9753694581280788, 'noise=0.2;missing=0.0': 0.865079365079365, 'noise=0.2;missing=0.2': 0.91871921182266}",0.8333333333333334,0.0641025641025641,7,7,20,2.25,0.3333333333333333,6,1.25,1.7986111111111112,0.5302469135802469,4.358085318359589,"{2: 17, 3: 1, 4: 2}",20,0.0,0.3325914351851852
0.9604086845466155,0.8452380952380952,0.9604086845466155,"{0.0: 1.0, 0.1: 0.9738984674329502, 0.2: 0.9073275862068966}","{'noise=0.0;missing=0.0': 1.0, 'noise=0.0;missing=0.2': 1.0, 'noise=0.1;missing=0.0': 0.9662698412698412, 'noise=0.1;missing=0.2': 0.981527093596059, 'noise=0.2;missing=0.0': 0.9107142857142857, 'noise=0.2;missing=0.2': 0.9039408866995073}",0.8076923076923077,0.07692307692307693,7,7,20,2.15,0.3333333333333333,6,1.1944444444444444,2.1566358024691357,0.6156330749354005,4.100228707989217,"{2: 17, 3: 3}",20,0.0,0.33195666152263376
0.9537265097609924,0.8333333333333334,0.9537265097609924,"{0.0: 1.0, 0.1: 0.9727353585112206, 0.2: 0.8884441707717569}","{'noise=0.0;missing=0.0': 1.0, 'noise=0.0;missing=0.2': 1.0, 'noise=0.1;missing=0.0': 0.9503968253968254, 'noise=0.1;missing=0.2': 0.9950738916256158, 'noise=0.2;missing=0.0': 0.8988095238095238, 'noise=0.2;missing=0.2': 0.8780788177339902}",0.8076923076923077,0.05128205128205128,7,7,19,2.263157894736842,0.31666666666666665,5,1.1944444444444444,1.9344135802469136,0.6027131782945736,4.138262941091536,"{2: 15, 3: 3, 4: 1}",19,0.0,0.3168721098657136
0.9636699507389163,0.8511904761904762,0.9636699507389163,"{0.0: 1.0, 0.1: 0.9886083743842364, 0.2: 0.9024014778325122}","{'noise=0.0;missing=0.0': 1.0, 'noise=0.0;missing=0.2': 1.0, 'noise=0.1;missing=0.0': 0.9821428571428571, 'noise=0.1;missing=0.2': 0.9950738916256158, 'noise=0.2;missing=0.0': 0.9107142857142857, 'noise=0.2;missing=0.2': 0.894088669950739}",0.8461538461538461,0.07692307692307693,7,7,27,2.4074074074074074,0.45,8,1.8055555555555556,3.712191358024692,0.55,4.357155029066493,"{2: 20, 3: 3, 4: 4}",27,0.0,0.44483680555555555
0.9555623973727423,0.8333333333333334,0.9555623973727423,"{0.0: 1.0, 0.1: 0.9837164750957853, 0.2: 0.8829707170224411}","{'noise=0.0;missing=0.0': 1.0, 'noise=0.0;missing=0.2': 1.0, 'noise=0.1;missing=0.0': 0.9920634920634921, 'noise=0.1;missing=0.2': 0.9753694581280786, 'noise=0.2;missing=0.0': 0.8829365079365079, 'noise=0.2;missing=0.2': 0.8830049261083743}",0.8589743589743589,0.07692307692307693,7,7,18,2.1666666666666665,0.3,5,1.0833333333333333,1.4097222222222223,0.5648148148148148,4.243628103911205,"{2: 16, 3: 1, 4: 1}",18,0.0,0.30028124999999994
0.9491538952745848,0.8214285714285714,0.9491538952745848,"{0.0: 1.0, 0.1: 0.9807060755336617, 0.2: 0.866755610290093}","{'noise=0.0;missing=0.0': 1.0, 'noise=0.0;missing=0.2': 1.0, 'noise=0.1;missing=0.0': 0.9761904761904762, 'noise=0.1;missing=0.2': 0.9852216748768472, 'noise=0.2;missing=0.0': 0.8234126984126984, 'noise=0.2;missing=0.2': 0.9100985221674877}",0.8589743589743589,0.05128205128205128,7,7,18,2.2777777777777777,0.3,4,1.1388888888888888,1.2862654320987652,0.5345528455284553,4.338663284842051,"{2: 15, 3: 1, 4: 2}",18,0.0,0.30103227880658434
0.9582193030468893,0.8511904761904762,0.9582193030468893,"{0.0: 1.0, 0.1: 0.9806718664477285, 0.2: 0.8939860426929391}","{'noise=0.0;missing=0.0': 1.0, 'noise=0.0;missing=0.2': 1.0, 'noise=0.1;missing=0.0': 0.9662698412698412, 'noise=0.1;missing=0.2': 0.9950738916256158, 'noise=0.2;missing=0.0': 0.8988095238095238, 'noise=0.2;missing=0.2': 0.8891625615763548}",0.8461538461538461,0.05128205128205128,7,7,21,2.3333333333333335,0.35,5,1.3611111111111112,2.397376543209876,0.6003401360544217,4.150452579587567,"{2: 16, 3: 3, 4: 2}",21,0.0,0.34910326646090534
0.9578430031016238,0.8392857142857143,0.9578430031016238,"{0.0: 1.0, 0.1: 0.978756157635468, 0.2: 0.8947728516694033}","{'noise=0.0;missing=0.0': 1.0, 'noise=0.0;missing=0.2': 1.0, 'noise=0.1;missing=0.0': 0.9821428571428571, 'noise=0.1;missing=0.2': 0.9753694581280788, 'noise=0.2;missing=0.0': 0.8769841269841269, 'noise=0.2;missing=0.2': 0.9125615763546797}",0.8589743589743589,0.05128205128205128,7,7,18,2.3333333333333335,0.3,5,1.1666666666666667,1.5833333333333333,0.5568783068783069,4.282098601752792,"{2: 14, 3: 2, 4: 2}",18,0.0,0.3014675925925926
0.9443076081007116,0.8095238095238095,0.9443076081007116,"{0.0: 1.0, 0.1: 0.9563149972632731, 0.2: 0.8766078270388614}","{'noise=0.0;missing=0.0': 1.0, 'noise=0.0;missing=0.2': 1.0, 'noise=0.1;missing=0.0': 0.9384920634920635, 'noise=0.1;missing=0.2': 0.9741379310344828, 'noise=0.2;missing=0.0': 0.8591269841269841, 'noise=0.2;missing=0.2': 0.8940886699507388}",0.7692307692307693,0.038461538461538464,7,7,17,2.0588235294117645,0.2833333333333333,6,0.9722222222222222,1.5825617283950617,0.6246031746031746,4.014438730983427,"{2: 16, 3: 1}",17,0.0,0.28372781257564755
0.9353904397007844,0.7797619047619048,0.9353904397007844,"{0.0: 1.0, 0.1: 0.9570333880678709, 0.2: 0.8491379310344828}","{'noise=0.0;missing=0.0': 1.0, 'noise=0.0;missing=0.2': 1.0, 'noise=0.1;missing=0.0': 0.9325396825396826, 'noise=0.1;missing=0.2': 0.981527093596059, 'noise=0.2;missing=0.0': 0.8214285714285714, 'noise=0.2;missing=0.2': 0.876847290640394}",0.7692307692307693,0.05128205128205128,7,7,19,2.1578947368421053,0.31666666666666665,8,1.1388888888888888,2.175154320987654,0.5806233062330624,4.149996516707671,"{2: 17, 3: 1, 4: 1}",19,0.0,0.31618123917045693
0.951616949461777,0.8214285714285714,0.951616949461777,"{0.0: 1.0, 0.1: 0.9870347564313082, 0.2: 0.8678160919540229}","{'noise=0.0;missing=0.0': 1.0, 'noise=0.0;missing=0.2': 1.0, 'noise=0.1;missing=0.0': 0.990079365079365, 'noise=0.1;missing=0.2': 0.9839901477832511, 'noise=0.2;missing=0.0': 0.8452380952380952, 'noise=0.2;missing=0.2': 0.8903940886699508}",0.8589743589743589,0.05128205128205128,7,7,19,2.263157894736842,0.31666666666666665,5,1.1944444444444444,1.7677469135802468,0.5729974160206718,4.228963744112237,"{2: 15, 3: 3, 4: 1}",19,0.0,0.31684433208793583
0.9612639116949462,0.8511904761904762,0.9612639116949462,"{0.0: 1.0, 0.1: 0.9830665024630542, 0.2: 0.9007252326217843}","{'noise=0.0;missing=0.0': 1.0, 'noise=0.0;missing=0.2': 1.0, 'noise=0.1;missing=0.0': 0.9821428571428571, 'noise=0.1;missing=0.2': 0.9839901477832512, 'noise=0.2;missing=0.0': 0.8888888888888887, 'noise=0.2;missing=0.2': 0.9125615763546797}",0.8589743589743589,0.05128205128205128,7,7,20,2.35,0.3333333333333333,5,1.3055555555555556,1.9899691358024691,0.5656028368794326,4.2729115972621585,"{2: 15, 3: 3, 4: 2}",20,0.0,0.33331777263374485
0.9581394818463784,0.8452380952380952,0.9581394818463784,"{0.0: 1.0, 0.1: 0.9758825944170771, 0.2: 0.8985358511220579}","{'noise=0.0;missing=0.0': 1.0, 'noise=0.0;missing=0.2': 1.0, 'noise=0.1;missing=0.0': 0.9702380952380951, 'noise=0.1;missing=0.2': 0.981527093596059, 'noise=0.2;missing=0.0': 0.8968253968253969, 'noise=0.2;missing=0.2': 0.9002463054187192}",0.8589743589743589,0.0641025641025641,7,7,20,2.3,0.3333333333333333,5,1.2777777777777777,2.0895061728395063,0.5942028985507246,4.170543891762937,"{2: 16, 3: 2, 4: 2}",20,0.0,0.33298713991769546
0.9636813537675606,0.8571428571428571,0.9636813537675606,"{0.0: 1.0, 0.1: 0.9925766283524905, 0.2: 0.8984674329501916}","{'noise=0.0;missing=0.0': 1.0, 'noise=0.0;missing=0.2': 1.0, 'noise=0.1;missing=0.0': 0.990079365079365, 'noise=0.1;missing=0.2': 0.9950738916256158, 'noise=0.2;missing=0.0': 0.9126984126984127, 'noise=0.2;missing=0.2': 0.8842364532019704}",0.8461538461538461,0.08974358974358974,7,7,22,2.409090909090909,0.36666666666666664,6,1.4722222222222223,2.6381172839506175,0.5780922431865828,4.246722464676068,"{2: 17, 3: 1, 4: 4}",22,0.0,0.36550281752712305
0.950499452654625,0.8214285714285714,0.950499452654625,"{0.0: 1.0, 0.1: 0.9876505199781062, 0.2: 0.8638478379857689}","{'noise=0.0;missing=0.0': 1.0, 'noise=0.0;missing=0.2': 1.0, 'noise=0.1;missing=0.0': 0.990079365079365, 'noise=0.1;missing=0.2': 0.9852216748768472, 'noise=0.2;missing=0.0': 0.8373015873015872, 'noise=0.2;missing=0.2': 0.8903940886699508}",0.8461538461538461,0.05128205128205128,7,7,19,2.3157894736842106,0.31666666666666665,5,1.2222222222222223,1.5617283950617282,0.5404040404040404,4.325924732707134,"{2: 15, 3: 2, 4: 2}",19,0.0,0.31717549274420614
0.9641260718846928,0.8571428571428571,0.9641260718846928,"{0.0: 1.0, 0.1: 0.9871373836891078, 0.2: 0.9052408319649698}","{'noise=0.0;missing=0.0': 1.0, 'noise=0.0;missing=0.2': 1.0, 'noise=0.1;missing=0.0': 0.9841269841269842, 'noise=0.1;missing=0.2': 0.9901477832512315, 'noise=0.2;missing=0.0': 0.9126984126984127, 'noise=0.2;missing=0.2': 0.897783251231527}",0.8589743589743589,0.08974358974358974,7,7,18,2.3333333333333335,0.3,6,1.1666666666666667,2.25,0.6507936507936508,3.951143017707789,"{2: 13, 3: 4, 4: 1}",18,0.0,0.3015787037037037
0.9446154898741106,0.8035714285714286,0.9446154898741106,"{0.0: 1.0, 0.1: 0.968527640941434, 0.2: 0.8653188286808976}","{'noise=0.0;missing=0.0': 1.0, 'noise=0.0;missing=0.2': 1.0, 'noise=0.1;missing=0.0': 0.9444444444444444, 'noise=0.1;missing=0.2': 0.9926108374384236, 'noise=0.2;missing=0.0': 0.871031746031746, 'noise=0.2;missing=0.2': 0.8596059113300492}",0.8333333333333334,0.05128205128205128,7,7,18,2.0555555555555554,0.3,7,1.0277777777777777,1.804783950617284,0.5983483483483484,4.096986893771378,"{2: 17, 3: 1}",18,0.0,0.29957548868312756
0.9555966064586754,0.8273809523809523,0.9555966064586754,"{0.0: 1.0, 0.1: 0.9640120415982485, 0.2: 0.9027777777777778}","{'noise=0.0;missing=0.0': 1.0, 'noise=0.0;missing=0.2': 1.0, 'noise=0.1;missing=0.0': 0.9563492063492064, 'noise=0.1;missing=0.2': 0.9716748768472906, 'noise=0.2;missing=0.0': 0.9126984126984128, 'noise=0.2;missing=0.2': 0.8928571428571427}",0.7948717948717948,0.07692307692307693,7,7,18,2.3333333333333335,0.3,5,1.1666666666666667,1.9722222222222223,0.6283068783068783,4.008056339745007,"{2: 13, 3: 4, 4: 1}",18,0.0,0.3015324074074074
0.9563834154351395,0.8392857142857143,0.9563834154351395,"{0.0: 1.0, 0.1: 0.9783798576902025, 0.2: 0.8907703886152162}","{'noise=0.0;missing=0.0': 1.0, 'noise=0.0;missing=0.2': 1.0, 'noise=0.1;missing=0.0': 0.9801587301587301, 'noise=0.1;missing=0.2': 0.9766009852216749, 'noise=0.2;missing=0.0': 0.8591269841269841, 'noise=0.2;missing=0.2': 0.9224137931034483}",0.8717948717948718,0.05128205128205128,7,7,20,2.25,0.3333333333333333,4,1.25,1.3541666666666667,0.5006172839506173,4.446974207248478,"{2: 17, 3: 1, 4: 2}",20,0.0,0.3325173611111111
0.9534984491881043,0.8273809523809523,0.9534984491881043,"{0.0: 1.0, 0.1: 0.9771141215106732, 0.2: 0.8833812260536398}","{'noise=0.0;missing=0.0': 1.0, 'noise=0.0;missing=0.2': 1.0, 'noise=0.1;missing=0.0': 0.9702380952380951, 'noise=0.1;missing=0.2': 0.9839901477832511, 'noise=0.2;missing=0.0': 0.859126984126984, 'noise=0.2;missing=0.2': 0.9076354679802955}",0.8461538461538461,0.07692307692307693,7,7,23,2.5217391304347827,0.38333333333333336,6,1.6111111111111112,2.5709876543209877,0.539272030651341,4.359811115996863,"{2: 16, 3: 2, 4: 5}",23,0.0,0.38210724190373946
0.9581736909323116,0.8452380952380952,0.9581736909323116,"{0.0: 1.0, 0.1: 0.982724411603722, 0.2: 0.8917966611932128}","{'noise=0.0;missing=0.0': 1.0, 'noise=0.0;missing=0.2': 1.0, 'noise=0.1;missing=0.0': 0.990079365079365, 'noise=0.1;missing=0.2': 0.9753694581280788, 'noise=0.2;missing=0.0': 0.871031746031746, 'noise=0.2;missing=0.2': 0.9125615763546797}",0.8589743589743589,0.05128205128205128,7,7,20,2.4,0.3333333333333333,6,1.3333333333333333,1.9444444444444444,0.5486111111111112,4.308208073322318,"{2: 15, 3: 2, 4: 3}",20,0.0,0.3336574074074074
0.9541826309067689,0.8333333333333334,0.9541826309067689,"{0.0: 1.0, 0.1: 0.9840585659551176, 0.2: 0.8784893267651889}","{'noise=0.0;missing=0.0': 1.0, 'noise=0.0;missing=0.2': 1.0, 'noise=0.1;missing=0.0': 0.9841269841269842, 'noise=0.1;missing=0.2': 0.9839901477832511, 'noise=0.2;missing=0.0': 0.8690476190476192, 'noise=0.2;missing=0.2': 0.8879310344827587}",0.8461538461538461,0.0641025641025641,7,7,14,2.2142857142857144,0.23333333333333334,3,0.8611111111111112,0.8973765432098768,0.5833333333333334,4.131300342505361,"{2: 12, 3: 1, 4: 1}",14,0.0,0.23719321355085246
0.9641488779419815,0.8511904761904762,0.9641488779419815,"{0.0: 1.0, 0.1: 0.9842980295566502, 0.2: 0.9081486042692939}","{'noise=0.0;missing=0.0': 1.0, 'noise=0.0;missing=0.2': 1.0, 'noise=0.1;missing=0.0': 0.9821428571428571, 'noise=0.1;missing=0.2': 0.9864532019704433, 'noise=0.2;missing=0.0': 0.8988095238095238, 'noise=0.2;missing=0.2': 0.9174876847290641}",0.8333333333333334,0.07692307692307693,7,7,24,2.4166666666666665,0.4,6,1.6111111111111112,2.515432098765432,0.5210727969348659,4.427054814788073,"{2: 18, 3: 2, 4: 4}",24,0.0,0.397201646090535
0.9619138843276774,0.8452380952380952,0.9619138843276774,"{0.0: 1.0, 0.1: 0.9793719211822659, 0.2: 0.9063697318007663}","{'noise=0.0;missing=0.0': 1.0, 'noise=0.0;missing=0.2': 1.0, 'noise=0.1;missing=0.0': 0.9821428571428571, 'noise=0.1;missing=0.2': 0.9766009852216749, 'noise=0.2;missing=0.0': 0.9186507936507936, 'noise=0.2;missing=0.2': 0.894088669950739}",0.8076923076923077,0.08974358974358974,7,7,25,2.36,0.4166666666666667,8,1.6388888888888888,3.5084876543209873,0.5927495291902072,4.189858253074939,"{2: 19, 3: 3, 4: 3}",25,0.0,0.4128069701646091
0.9402595329319468,0.7797619047619048,0.9402595329319468,"{0.0: 1.0, 0.1: 0.9459838533114395, 0.2: 0.8747947454844007}","{'noise=0.0;missing=0.0': 1.0, 'noise=0.0;missing=0.2': 1.0, 'noise=0.1;missing=0.0': 0.9424603174603174, 'noise=0.1;missing=0.2': 0.9495073891625616, 'noise=0.2;missing=0.0': 0.869047619047619, 'noise=0.2;missing=0.2': 0.8805418719211823}",0.7948717948717948,0.05128205128205128,7,7,19,2.1578947368421053,0.31666666666666665,6,1.1388888888888888,1.7307098765432098,0.5846883468834688,4.173909931130747,"{2: 17, 3: 1, 4: 1}",19,0.0,0.31610716509638287
0.9644795657726694,0.8630952380952381,0.9644795657726694,"{0.0: 1.0, 0.1: 0.9913451012588944, 0.2: 0.9020935960591132}","{'noise=0.0;missing=0.0': 1.0, 'noise=0.0;missing=0.2': 1.0, 'noise=0.1;missing=0.0': 0.990079365079365, 'noise=0.1;missing=0.2': 0.9926108374384236, 'noise=0.2;missing=0.0': 0.8928571428571429, 'noise=0.2;missing=0.2': 0.9113300492610837}",0.8717948717948718,0.0641025641025641,7,7,20,2.35,0.3333333333333333,5,1.3055555555555556,2.0455246913580245,0.5809692671394799,4.222052883952304,"{2: 15, 3: 3, 4: 2}",20,0.0,0.3333270318930041
0.9522669220945084,0.8273809523809523,0.9522669220945084,"{0.0: 1.0, 0.1: 0.9870347564313082, 0.2: 0.8697660098522169}","{'noise=0.0;missing=0.0': 1.0, 'noise=0.0;missing=0.2': 1.0, 'noise=0.1;missing=0.0': 0.990079365079365, 'noise=0.1;missing=0.2': 0.9839901477832511, 'noise=0.2;missing=0.0': 0.8392857142857143, 'noise=0.2;missing=0.2': 0.9002463054187192}",0.8589743589743589,0.05128205128205128,7,7,17,2.4705882352941178,0.2833333333333333,4,1.1666666666666667,1.527777777777778,0.5701058201058201,4.225185279715573,"{2: 12, 3: 2, 4: 3}",17,0.0,0.28657815904139433
0.965790914066776,0.8571428571428571,0.965790914066776,"{0.0: 1.0, 0.1: 0.9886083743842364, 0.2: 0.9087643678160919}","{'noise=0.0;missing=0.0': 1.0, 'noise=0.0;missing=0.2': 1.0, 'noise=0.1;missing=0.0': 0.9821428571428571, 'noise=0.1;missing=0.2': 0.9950738916256158, 'noise=0.2;missing=0.0': 0.8988095238095238, 'noise=0.2;missing=0.2': 0.9187192118226601}",0.8333333333333334,0.07692307692307693,7,7,24,2.5416666666666665,0.4,7,1.6944444444444444,3.2121913580246915,0.557832422586521,4.315240002415602,"{2: 16, 3: 3, 4: 5}",24,0.0,0.39818582818930043
0.9462689290275497,0.8154761904761905,0.9462689290275497,"{0.0: 1.0, 0.1: 0.956588669950739, 0.2: 0.8822181171319102}","{'noise=0.0;missing=0.0': 1.0, 'noise=0.0;missing=0.2': 1.0, 'noise=0.1;missing=0.0': 0.9464285714285714, 'noise=0.1;missing=0.2': 0.9667487684729065, 'noise=0.2;missing=0.0': 0.878968253968254, 'noise=0.2;missing=0.2': 0.8854679802955665}",0.8461538461538461,0.0641025641025641,7,7,14,2.0,0.23333333333333334,3,0.7777777777777778,0.8950617283950619,0.628968253968254,3.967720100474499,{2: 14},14,0.0,0.2357047325102881
0.9587552453931765,0.8452380952380952,0.9587552453931765,"{0.0: 1.0, 0.1: 0.9926108374384236, 0.2: 0.8836548987411056}","{'noise=0.0;missing=0.0': 1.0, 'noise=0.0;missing=0.2': 1.0, 'noise=0.1;missing=0.0': 1.0, 'noise=0.1;missing=0.2': 0.9852216748768472, 'noise=0.2;missing=0.0': 0.8670634920634921, 'noise=0.2;missing=0.2': 0.9002463054187192}",0.8589743589743589,0.05128205128205128,7,7,17,2.3529411764705883,0.2833333333333333,4,1.1111111111111112,1.3765432098765435,0.5597222222222222,4.265311532225102,"{2: 13, 3: 2, 4: 2}",17,0.0,0.2857359598160252
0.9620621237000547,0.8511904761904762,0.9620621237000547,"{0.0: 1.0, 0.1: 0.9892583470169678, 0.2: 0.8969280240831965}","{'noise=0.0;missing=0.0': 1.0, 'noise=0.0;missing=0.2': 1.0, 'noise=0.1;missing=0.0': 0.9920634920634921, 'noise=0.1;missing=0.2': 0.9864532019704433, 'noise=0.2;missing=0.0': 0.8948412698412699, 'noise=0.2;missing=0.2': 0.8990147783251231}",0.8333333333333334,0.0641025641025641,7,7,20,2.35,0.3333333333333333,7,1.3055555555555556,2.323302469135802,0.5644208037825059,4.261590980759191,"{2: 15, 3: 3, 4: 2}",20,0.0,0.3333733281893004
0.9579114212734903,0.8452380952380952,0.9579114212734903,"{0.0: 1.0, 0.1: 0.9857690202517789, 0.2: 0.8879652435686918}","{'noise=0.0;missing=0.0': 1.0, 'noise=0.0;missing=0.2': 1.0, 'noise=0.1;missing=0.0': 0.9801587301587301, 'noise=0.1;missing=0.2': 0.9913793103448276, 'noise=0.2;missing=0.0': 0.9027777777777778, 'noise=0.2;missing=0.2': 0.8731527093596059}",0.8461538461538461,0.038461538461538464,7,7,22,2.4545454545454546,0.36666666666666664,7,1.5,2.8055555555555554,0.5823045267489712,4.217191901429072,"{2: 16, 3: 2, 4: 4}",22,0.0,0.36584638047138046
0.9576491516146688,0.8392857142857143,0.9576491516146688,"{0.0: 1.0, 0.1: 0.9925766283524905, 0.2: 0.8803708264915162}","{'noise=0.0;missing=0.0': 1.0, 'noise=0.0;missing=0.2': 1.0, 'noise=0.1;missing=0.0': 0.990079365079365, 'noise=0.1;missing=0.2': 0.9950738916256158, 'noise=0.2;missing=0.0': 0.878968253968254, 'noise=0.2;missing=0.2': 0.8817733990147782}",0.8461538461538461,0.07692307692307693,7,7,24,2.5416666666666665,0.4,8,1.6944444444444444,3.767746913580247,0.5906193078324226,4.215504706692547,"{2: 16, 3: 3, 4: 5}",24,0.0,0.398278420781893
0.9640462506841817,0.8630952380952381,0.9640462506841817,"{0.0: 1.0, 0.1: 0.9824507389162562, 0.2: 0.9096880131362889}","{'noise=0.0;missing=0.0': 1.0, 'noise=0.0;missing=0.2': 1.0, 'noise=0.1;missing=0.0': 0.9821428571428571, 'noise=0.1;missing=0.2': 0.982758620689655, 'noise=0.2;missing=0.0': 0.9166666666666667, 'noise=0.2;missing=0.2': 0.9027093596059113}",0.8589743589743589,0.0641025641025641,7,7,21,2.3333333333333335,0.35,7,1.3611111111111112,2.5640432098765435,0.5935374149659864,4.180410355594924,"{2: 16, 3: 3, 4: 2}",21,0.0,0.34913104423868313
0.9423462871738734,0.8035714285714286,0.9423462871738734,"{0.0: 1.0, 0.1: 0.9625410509031198, 0.2: 0.8644978106185002}","{'noise=0.0;missing=0.0': 1.0, 'noise=0.0;missing=0.2': 1.0, 'noise=0.1;missing=0.0': 0.9583333333333334, 'noise=0.1;missing=0.2': 0.9667487684729065, 'noise=0.2;missing=0.0': 0.8472222222222222, 'noise=0.2;missing=0.2': 0.8817733990147782}",0.8333333333333334,0.0641025641025641,7,7,18,2.2222222222222223,0.3,5,1.1111111111111112,1.3765432098765433,0.5513888888888889,4.275070520364182,"{2: 15, 3: 2, 4: 1}",18,0.0,0.30066152263374485
0.9545247217661011,0.8333333333333334,0.9545247217661011,"{0.0: 1.0, 0.1: 0.982724411603722, 0.2: 0.8808497536945813}","{'noise=0.0;missing=0.0': 1.0, 'noise=0.0;missing=0.2': 1.0, 'noise=0.1;missing=0.0': 0.990079365079365, 'noise=0.1;missing=0.2': 0.9753694581280788, 'noise=0.2;missing=0.0': 0.875, 'noise=0.2;missing=0.2': 0.8866995073891626}",0.8589743589743589,0.05128205128205128,7,7,20,2.35,0.3333333333333333,4,1.3055555555555556,1.6566358024691359,0.5372340425531915,4.335775819440525,"{2: 16, 3: 1, 4: 3}",20,0.0,0.33326221707818926
0.9584131545338442,0.8452380952380952,0.9584131545338442,"{0.0: 1.0, 0.1: 0.9870347564313082, 0.2: 0.8882047071702244}","{'noise=0.0;missing=0.0': 1.0, 'noise=0.0;missing=0.2': 1.0, 'noise=0.1;missing=0.0': 0.990079365079365, 'noise=0.1;missing=0.2': 0.9839901477832511, 'noise=0.2;missing=0.0': 0.865079365079365, 'noise=0.2;missing=0.2': 0.9113300492610837}",0.8717948717948718,0.0641025641025641,7,7,20,2.35,0.3333333333333333,5,1.3055555555555556,1.9344135802469136,0.5703309692671394,4.248544639225422,"{2: 15, 3: 3, 4: 2}",20,0.0,0.3333085133744856
0.9603858784893269,0.8511904761904762,0.9603858784893269,"{0.0: 1.0, 0.1: 0.9880268199233717, 0.2: 0.8931308155446087}","{'noise=0.0;missing=0.0': 1.0, 'noise=0.0;missing=0.2': 1.0, 'noise=0.1;missing=0.0': 0.9920634920634921, 'noise=0.1;missing=0.2': 0.9839901477832511, 'noise=0.2;missing=0.0': 0.9007936507936508, 'noise=0.2;missing=0.2': 0.8854679802955665}",0.8461538461538461,0.05128205128205128,7,7,17,2.3529411764705883,0.2833333333333333,4,1.1111111111111112,1.3209876543209877,0.5583333333333333,4.246439344671016,"{2: 14, 4: 3}",17,0.0,0.2857267005567659
0.9644795657726694,0.8630952380952381,0.9644795657726694,"{0.0: 1.0, 0.1: 0.9913451012588944, 0.2: 0.9020935960591132}","{'noise=0.0;missing=0.0': 1.0, 'noise=0.0;missing=0.2': 1.0, 'noise=0.1;missing=0.0': 0.990079365079365, 'noise=0.1;missing=0.2': 0.9926108374384236, 'noise=0.2;missing=0.0': 0.8928571428571429, 'noise=0.2;missing=0.2': 0.9113300492610837}",0.8717948717948718,0.0641025641025641,7,7,20,2.45,0.3333333333333333,5,1.3611111111111112,2.064043209876543,0.5640589569160998,4.257495691788312,"{2: 14, 3: 3, 4: 3}",20,0.0,0.3340245627572016
0.9674671592775042,0.8630952380952381,0.9674671592775042,"{0.0: 1.0, 0.1: 0.9793719211822659, 0.2: 0.9230295566502463}","{'noise=0.0;missing=0.0': 1.0, 'noise=0.0;missing=0.2': 1.0, 'noise=0.1;missing=0.0': 0.9821428571428571, 'noise=0.1;missing=0.2': 0.9766009852216749, 'noise=0.2;missing=0.0': 0.9285714285714285, 'noise=0.2;missing=0.2': 0.9174876847290641}",0.8076923076923077,0.08974358974358974,7,7,22,2.3181818181818183,0.36666666666666664,5,1.4166666666666667,2.2430555555555554,0.568082788671024,4.255977676137623,"{2: 18, 3: 1, 4: 3}",22,0.0,0.3648056607744108
0.9677864440795476,0.875,0.9677864440795476,"{0.0: 1.0, 0.1: 0.9913451012588944, 0.2: 0.9120142309797482}","{'noise=0.0;missing=0.0': 1.0, 'noise=0.0;missing=0.2': 1.0, 'noise=0.1;missing=0.0': 0.990079365079365, 'noise=0.1;missing=0.2': 0.9926108374384236, 'noise=0.2;missing=0.0': 0.9126984126984127, 'noise=0.2;missing=0.2': 0.9113300492610837}",0.8846153846153846,0.0641025641025641,7,7,17,2.235294117647059,0.2833333333333333,4,1.0555555555555556,1.66358024691358,0.6330409356725146,3.997670276487613,"{2: 14, 3: 2, 4: 1}",17,0.0,0.2849668058581457
0.9641488779419815,0.8511904761904762,0.9641488779419815,"{0.0: 1.0, 0.1: 0.9842980295566502, 0.2: 0.9081486042692939}","{'noise=0.0;missing=0.0': 1.0, 'noise=0.0;missing=0.2': 1.0, 'noise=0.1;missing=0.0': 0.9821428571428571, 'noise=0.1;missing=0.2': 0.9864532019704433, 'noise=0.2;missing=0.0': 0.8988095238095238, 'noise=0.2;missing=0.2': 0.9174876847290641}",0.8333333333333334,0.07692307692307693,7,7,21,2.142857142857143,0.35,6,1.25,1.8541666666666667,0.558641975308642,4.280090318263435,"{2: 19, 3: 1, 4: 1}",21,0.0,0.34768998015873015
0.9675583835066593,0.875,0.9675583835066593,"{0.0: 1.0, 0.1: 0.9873768472906405, 0.2: 0.9152983032293377}","{'noise=0.0;missing=0.0': 1.0, 'noise=0.0;missing=0.2': 1.0, 'noise=0.1;missing=0.0': 0.9821428571428571, 'noise=0.1;missing=0.2': 0.9926108374384236, 'noise=0.2;missing=0.0': 0.9007936507936508, 'noise=0.2;missing=0.2': 0.9298029556650246}",0.8846153846153846,0.0641025641025641,7,7,21,2.380952380952381,0.35,6,1.3888888888888888,1.737654320987654,0.4922222222222222,4.473269689515108,"{2: 16, 3: 2, 4: 3}",21,0.0,0.3493240005878894
0.9615033752964789,0.8571428571428571,0.9615033752964789,"{0.0: 1.0, 0.1: 0.9913451012588944, 0.2: 0.8931650246305419}","{'noise=0.0;missing=0.0': 1.0, 'noise=0.0;missing=0.2': 1.0, 'noise=0.1;missing=0.0': 0.990079365079365, 'noise=0.1;missing=0.2': 0.9926108374384236, 'noise=0.2;missing=0.0': 0.875, 'noise=0.2;missing=0.2': 0.9113300492610837}",0.8717948717948718,0.0641025641025641,7,7,21,2.4285714285714284,0.35,6,1.4166666666666667,2.409722222222222,0.5778867102396514,4.228332391152975,"{2: 15, 3: 3, 4: 3}",21,0.0,0.3497666997354497
0.9586412151067324,0.8452380952380952,0.9586412151067324,"{0.0: 1.0, 0.1: 0.9880268199233717, 0.2: 0.8878968253968254}","{'noise=0.0;missing=0.0': 1.0, 'noise=0.0;missing=0.2': 1.0, 'noise=0.1;missing=0.0': 0.9920634920634921, 'noise=0.1;missing=0.2': 0.9839901477832511, 'noise=0.2;missing=0.0': 0.8829365079365079, 'noise=0.2;missing=0.2': 0.8928571428571429}",0.8589743589743589,0.07692307692307693,7,7,20,2.6,0.3333333333333333,5,1.4444444444444444,1.9691358024691357,0.5288461538461539,4.380647593466271,"{2: 13, 3: 2, 4: 5}",20,0.0,0.3350504115226337
0.9597359058565955,0.8392857142857143,0.9597359058565955,"{0.0: 1.0, 0.1: 0.978003557744937, 0.2: 0.9012041598248494}","{'noise=0.0;missing=0.0': 1.0, 'noise=0.0;missing=0.2': 1.0, 'noise=0.1;missing=0.0': 0.978174603174603, 'noise=0.1;missing=0.2': 0.977832512315271, 'noise=0.2;missing=0.0': 0.884920634920635, 'noise=0.2;missing=0.2': 0.917487684729064}",0.8076923076923077,0.0641025641025641,7,7,21,2.4761904761904763,0.35,5,1.4444444444444444,2.1913580246913575,0.5480769230769231,4.335175901608574,"{2: 15, 3: 2, 4: 4}",21,0.0,0.35006099353321574
0.9595648604269293,0.8392857142857143,0.9595648604269293,"{0.0: 1.0, 0.1: 0.9798508483853311, 0.2: 0.8988437328954569}","{'noise=0.0;missing=0.0': 1.0, 'noise=0.0;missing=0.2': 1.0, 'noise=0.1;missing=0.0': 0.978174603174603, 'noise=0.1;missing=0.2': 0.981527093596059, 'noise=0.2;missing=0.0': 0.9146825396825397, 'noise=0.2;missing=0.2': 0.8830049261083743}",0.8333333333333334,0.08974358974358974,7,7,21,2.3333333333333335,0.35,5,1.3611111111111112,2.2862654320987654,0.5912698412698413,4.1812643143697485,"{2: 17, 3: 1, 4: 3}",21,0.0,0.3490847479423868
0.965790914066776,0.8571428571428571,0.965790914066776,"{0.0: 1.0, 0.1: 0.9886083743842364, 0.2: 0.9087643678160919}","{'noise=0.0;missing=0.0': 1.0, 'noise=0.0;missing=0.2': 1.0, 'noise=0.1;missing=0.0': 0.9821428571428571, 'noise=0.1;missing=0.2': 0.9950738916256158, 'noise=0.2;missing=0.0': 0.8988095238095238, 'noise=0.2;missing=0.2': 0.9187192118226601}",0.8333333333333334,0.07692307692307693,7,7,23,2.4782608695652173,0.38333333333333336,7,1.5833333333333333,3.020833333333334,0.5638401559454191,4.292706681852096,"{2: 16, 3: 3, 4: 4}",23,0.0,0.38188028381642514
0.9560299215471628,0.8452380952380952,0.9560299215471628,"{0.0: 1.0, 0.1: 0.9758825944170771, 0.2: 0.8922071702244116}","{'noise=0.0;missing=0.0': 1.0, 'noise=0.0;missing=0.2': 1.0, 'noise=0.1;missing=0.0': 0.9702380952380951, 'noise=0.1;missing=0.2': 0.981527093596059, 'noise=0.2;missing=0.0': 0.882936507936508, 'noise=0.2;missing=0.2': 0.9014778325123152}",0.8589743589743589,0.05128205128205128,7,7,17,2.176470588235294,0.2833333333333333,5,1.0277777777777777,1.804783950617284,0.6554054054054054,3.92880260927073,"{2: 15, 3: 1, 4: 1}",17,0.0,0.2845818430767369
0.9551176792556104,0.8273809523809523,0.9551176792556104,"{0.0: 1.0, 0.1: 0.9876847290640394, 0.2: 0.8776683087027914}","{'noise=0.0;missing=0.0': 1.0, 'noise=0.0;missing=0.2': 1.0, 'noise=0.1;missing=0.0': 1.0, 'noise=0.1;missing=0.2': 0.9753694581280786, 'noise=0.2;missing=0.0': 0.880952380952381, 'noise=0.2;missing=0.2': 0.874384236453202}",0.8589743589743589,0.07692307692307693,7,7,19,2.1578947368421053,0.31666666666666665,5,1.1388888888888888,1.5640432098765433,0.5697831978319783,4.238666566058884,"{2: 17, 3: 1, 4: 1}",19,0.0,0.3160793873186051
0.9691091954022989,0.8690476190476191,0.9691091954022989,"{0.0: 1.0, 0.1: 0.9793719211822659, 0.2: 0.9279556650246304}","{'noise=0.0;missing=0.0': 1.0, 'noise=0.0;missing=0.2': 1.0, 'noise=0.1;missing=0.0': 0.9821428571428571, 'noise=0.1;missing=0.2': 0.9766009852216749, 'noise=0.2;missing=0.0': 0.9285714285714285, 'noise=0.2;missing=0.2': 0.9273399014778325}",0.8205128205128205,0.08974358974358974,7,7,19,2.263157894736842,0.31666666666666665,5,1.1944444444444444,1.8788580246913575,0.6027131782945736,4.126862359796814,"{2: 16, 3: 1, 4: 2}",19,0.0,0.31686285060645436
0.9660189746396645,0.8571428571428571,0.9660189746396645,"{0.0: 1.0, 0.1: 0.9849137931034483, 0.2: 0.9131431308155447}","{'noise=0.0;missing=0.0': 1.0, 'noise=0.0;missing=0.2': 1.0, 'noise=0.1;missing=0.0': 0.9821428571428571, 'noise=0.1;missing=0.2': 0.9876847290640394, 'noise=0.2;missing=0.0': 0.9186507936507936, 'noise=0.2;missing=0.2': 0.9076354679802955}",0.8333333333333334,0.07692307692307693,7,7,20,2.3,0.3333333333333333,6,1.2777777777777777,1.6450617283950617,0.5072463768115942,4.414441303694972,"{2: 16, 3: 2, 4: 2}",20,0.0,0.3329130658436214
0.9620507206714104,0.8571428571428571,0.9620507206714104,"{0.0: 1.0, 0.1: 0.9888820470717022, 0.2: 0.8972701149425288}","{'noise=0.0;missing=0.0': 1.0, 'noise=0.0;missing=0.2': 1.0, 'noise=0.1;missing=0.0': 0.990079365079365, 'noise=0.1;missing=0.2': 0.9876847290640394, 'noise=0.2;missing=0.0': 0.8869047619047619, 'noise=0.2;missing=0.2': 0.9076354679802955}",0.8717948717948718,0.05128205128205128,7,7,19,2.3157894736842106,0.31666666666666665,7,1.2222222222222223,2.450617283950617,0.6325757575757576,4.03508992629509,"{2: 14, 3: 4, 4: 1}",19,0.0,0.3173236408923543
0.9610244480934137,0.8511904761904762,0.9610244480934137,"{0.0: 1.0, 0.1: 0.985187465790914, 0.2: 0.8978858784893268}","{'noise=0.0;missing=0.0': 1.0, 'noise=0.0;missing=0.2': 1.0, 'noise=0.1;missing=0.0': 0.990079365079365, 'noise=0.1;missing=0.2': 0.980295566502463, 'noise=0.2;missing=0.0': 0.886904761904762, 'noise=0.2;missing=0.2': 0.9088669950738916}",0.8589743589743589,0.0641025641025641,7,7,19,2.4210526315789473,0.31666666666666665,5,1.2777777777777777,2.1450617283950617,0.5929951690821256,4.186954489636056,"{2: 13, 3: 4, 4: 2}",19,0.0,0.31800370911847514
0.9548668126254334,0.8392857142857143,0.9548668126254334,"{0.0: 1.0, 0.1: 0.9857690202517789, 0.2: 0.878831417624521}","{'noise=0.0;missing=0.0': 1.0, 'noise=0.0;missing=0.2': 1.0, 'noise=0.1;missing=0.0': 0.9801587301587301, 'noise=0.1;missing=0.2': 0.9913793103448276, 'noise=0.2;missing=0.0': 0.896825396825397, 'noise=0.2;missing=0.2': 0.8608374384236452}",0.8205128205128205,0.038461538461538464,7,7,20,2.45,0.3333333333333333,6,1.3611111111111112,2.2307098765432105,0.5731292517006803,4.23412330346736,"{2: 15, 3: 1, 4: 4}",20,0.0,0.3340523405349794
0.9558474730888523,0.8392857142857143,0.9558474730888523,"{0.0: 1.0, 0.1: 0.9890188834154351, 0.2: 0.878523535851122}","{'noise=0.0;missing=0.0': 1.0, 'noise=0.0;missing=0.2': 1.0, 'noise=0.1;missing=0.0': 0.9940476190476192, 'noise=0.1;missing=0.2': 0.9839901477832511, 'noise=0.2;missing=0.0': 0.878968253968254, 'noise=0.2;missing=0.2': 0.8780788177339902}",0.8461538461538461,0.0641025641025641,7,7,18,2.4444444444444446,0.3,4,1.2222222222222223,1.5617283950617282,0.5568181818181818,4.248426788747654,"{2: 14, 4: 4}",18,0.0,0.3022355967078189
0.9632366356504287,0.8630952380952381,0.9632366356504287,"{0.0: 1.0, 0.1: 0.9890188834154351, 0.2: 0.9006910235358511}","{'noise=0.0;missing=0.0': 1.0, 'noise=0.0;missing=0.2': 1.0, 'noise=0.1;missing=0.0': 0.9940476190476192, 'noise=0.1;missing=0.2': 0.9839901477832511, 'noise=0.2;missing=0.0': 0.9146825396825395, 'noise=0.2;missing=0.2': 0.8866995073891626}",0.8846153846153846,0.07692307692307693,7,7,14,2.0714285714285716,0.23333333333333334,3,0.8055555555555556,0.8788580246913581,0.6082375478927203,4.047299098426643,"{2: 13, 3: 1}",14,0.0,0.23619806363903587
0.9551975004561212,0.8333333333333334,0.9551975004561212,"{0.0: 1.0, 0.1: 0.9587780514504652, 0.2: 0.9068144499178982}","{'noise=0.0;missing=0.0': 1.0, 'noise=0.0;missing=0.2': 1.0, 'noise=0.1;missing=0.0': 0.9384920634920635, 'noise=0.1;missing=0.2': 0.9790640394088671, 'noise=0.2;missing=0.0': 0.9047619047619049, 'noise=0.2;missing=0.2': 0.9088669950738916}",0.7948717948717948,0.0641025641025641,7,7,17,2.235294117647059,0.2833333333333333,6,1.0555555555555556,1.8302469135802468,0.6374269005847953,3.9708400131019848,"{2: 14, 3: 2, 4: 1}",17,0.0,0.2849945836359235
0.9628375296478746,0.8571428571428571,0.9628375296478746,"{0.0: 1.0, 0.1: 0.9913451012588944, 0.2: 0.897167487684729}","{'noise=0.0;missing=0.0': 1.0, 'noise=0.0;missing=0.2': 1.0, 'noise=0.1;missing=0.0': 0.990079365079365, 'noise=0.1;missing=0.2': 0.9926108374384236, 'noise=0.2;missing=0.0': 0.8928571428571429, 'noise=0.2;missing=0.2': 0.9014778325123152}",0.8589743589743589,0.0641025641025641,7,7,23,2.391304347826087,0.38333333333333336,5,1.5277777777777777,2.3047839506172836,0.5429292929292929,4.331385059672761,"{2: 17, 3: 3, 4: 3}",23,0.0,0.3811570775183396
0.9666917533296845,0.8630952380952381,0.9666917533296845,"{0.0: 1.0, 0.1: 0.9886083743842364, 0.2: 0.9114668856048167}","{'noise=0.0;missing=0.0': 1.0, 'noise=0.0;missing=0.2': 1.0, 'noise=0.1;missing=0.0': 0.9821428571428571, 'noise=0.1;missing=0.2': 0.9950738916256158, 'noise=0.2;missing=0.0': 0.9325396825396826, 'noise=0.2;missing=0.2': 0.8903940886699507}",0.8461538461538461,0.07692307692307693,7,7,23,2.4347826086956523,0.38333333333333336,7,1.5555555555555556,2.8024691358024696,0.5575396825396826,4.304587459228655,"{2: 17, 3: 2, 4: 4}",23,0.0,0.38154195741635355
0.9461320926838168,0.7976190476190477,0.9461320926838168,"{0.0: 1.0, 0.1: 0.9481732348111659, 0.2: 0.8902230432402847}","{'noise=0.0;missing=0.0': 1.0, 'noise=0.0;missing=0.2': 1.0, 'noise=0.1;missing=0.0': 0.9345238095238095, 'noise=0.1;missing=0.2': 0.9618226600985221, 'noise=0.2;missing=0.0': 0.878968253968254, 'noise=0.2;missing=0.2': 0.9014778325123152}",0.7948717948717948,0.07692307692307693,7,7,17,2.3529411764705883,0.2833333333333333,4,1.1111111111111112,1.4876543209876543,0.5847222222222223,4.165311532225102,"{2: 13, 3: 2, 4: 2}",17,0.0,0.2857544783345437
0.9581394818463784,0.8452380952380952,0.9581394818463784,"{0.0: 1.0, 0.1: 0.9758825944170771, 0.2: 0.8985358511220579}","{'noise=0.0;missing=0.0': 1.0, 'noise=0.0;missing=0.2': 1.0, 'noise=0.1;missing=0.0': 0.9702380952380951, 'noise=0.1;missing=0.2': 0.981527093596059, 'noise=0.2;missing=0.0': 0.8968253968253969, 'noise=0.2;missing=0.2': 0.9002463054187192}",0.8589743589743589,0.0641025641025641,7,7,19,2.1052631578947367,0.31666666666666665,5,1.1111111111111112,1.7654320987654322,0.6138888888888889,4.093942707918269,"{2: 17, 3: 2}",19,0.0,0.3157474550573965
0.9607735814632367,0.8571428571428571,0.9607735814632367,"{0.0: 1.0, 0.1: 0.9829296661193213, 0.2: 0.8993910782703887}","{'noise=0.0;missing=0.0': 1.0, 'noise=0.0;missing=0.2': 1.0, 'noise=0.1;missing=0.0': 0.978174603174603, 'noise=0.1;missing=0.2': 0.9876847290640394, 'noise=0.2;missing=0.0': 0.8948412698412698, 'noise=0.2;missing=0.2': 0.9039408866995072}",0.8461538461538461,0.0641025641025641,7,7,22,2.3181818181818183,0.36666666666666664,5,1.4166666666666667,2.1875,0.5659041394335512,4.257935822610365,"{2: 18, 3: 1, 4: 3}",22,0.0,0.3647964015151515
0.9694398832329867,0.8809523809523809,0.9694398832329867,"{0.0: 1.0, 0.1: 0.9913451012588944, 0.2: 0.9169745484400657}","{'noise=0.0;missing=0.0': 1.0, 'noise=0.0;missing=0.2': 1.0, 'noise=0.1;missing=0.0': 0.990079365079365, 'noise=0.1;missing=0.2': 0.9926108374384236, 'noise=0.2;missing=0.0': 0.9226190476190476, 'noise=0.2;missing=0.2': 0.9113300492610837}",0.8846153846153846,0.0641025641025641,7,7,16,2.25,0.26666666666666666,4,1.0,1.4444444444444444,0.6234567901234568,4.016875695766564,"{2: 13, 3: 2, 4: 1}",16,0.0,0.26919907407407406
0.9649470899470901,0.8511904761904762,0.9649470899470901,"{0.0: 1.0, 0.1: 0.9888820470717022, 0.2: 0.9059592227695675}","{'noise=0.0;missing=0.0': 1.0, 'noise=0.0;missing=0.2': 1.0, 'noise=0.1;missing=0.0': 0.990079365079365, 'noise=0.1;missing=0.2': 0.9876847290640394, 'noise=0.2;missing=0.0': 0.9067460317460316, 'noise=0.2;missing=0.2': 0.9051724137931033}",0.8205128205128205,0.08974358974358974,7,7,22,2.409090909090909,0.36666666666666664,5,1.4722222222222223,2.36033950617284,0.5623689727463312,4.289451945930605,"{2: 17, 3: 1, 4: 4}",22,0.0,0.3654565212308268
0.948595146871009,0.8214285714285714,0.948595146871009,"{0.0: 1.0, 0.1: 0.9656882868089764, 0.2: 0.8800971538040504}","{'noise=0.0;missing=0.0': 1.0, 'noise=0.0;missing=0.2': 1.0, 'noise=0.1;missing=0.0': 0.9424603174603174, 'noise=0.1;missing=0.2': 0.9889162561576355, 'noise=0.2;missing=0.0': 0.8710317460317459, 'noise=0.2;missing=0.2': 0.8891625615763548}",0.782051282051282,0.038461538461538464,7,7,14,2.0,0.23333333333333334,4,0.7777777777777778,0.8950617283950617,0.6130952380952381,4.021640636343318,{2: 14},14,0.0,0.2357047325102881
0.9606253420908593,0.8571428571428571,0.9606253420908593,"{0.0: 1.0, 0.1: 0.9886425834701696, 0.2: 0.8932334428024082}","{'noise=0.0;missing=0.0': 1.0, 'noise=0.0;missing=0.2': 1.0, 'noise=0.1;missing=0.0': 0.9920634920634921, 'noise=0.1;missing=0.2': 0.9852216748768472, 'noise=0.2;missing=0.0': 0.8948412698412699, 'noise=0.2;missing=0.2': 0.8916256157635468}",0.8717948717948718,0.038461538461538464,7,7,19,2.3684210526315788,0.31666666666666665,7,1.25,2.298611111111111,0.5845679012345679,4.193933719517082,"{2: 14, 3: 3, 4: 2}",19,0.0,0.3176638036062378
0.9675583835066593,0.875,0.9675583835066593,"{0.0: 1.0, 0.1: 0.9873768472906405, 0.2: 0.9152983032293377}","{'noise=0.0;missing=0.0': 1.0, 'noise=0.0;missing=0.2': 1.0, 'noise=0.1;missing=0.0': 0.9821428571428571, 'noise=0.1;missing=0.2': 0.9926108374384236, 'noise=0.2;missing=0.0': 0.9007936507936508, 'noise=0.2;missing=0.2': 0.9298029556650246}",0.8846153846153846,0.0641025641025641,7,7,22,2.3636363636363638,0.36666666666666664,6,1.4444444444444444,1.91358024691358,0.5021367521367521,4.459491160199153,"{2: 17, 3: 2, 4: 3}",22,0.0,0.365066404788627
0.9641944900565589,0.8690476190476191,0.9641944900565589,"{0.0: 1.0, 0.1: 0.9837848932676518, 0.2: 0.9087985769020251}","{'noise=0.0;missing=0.0': 1.0, 'noise=0.0;missing=0.2': 1.0, 'noise=0.1;missing=0.0': 0.9761904761904763, 'noise=0.1;missing=0.2': 0.9913793103448276, 'noise=0.2;missing=0.0': 0.9087301587301588, 'noise=0.2;missing=0.2': 0.9088669950738916}",0.8333333333333334,0.038461538461538464,7,7,14,2.0714285714285716,0.23333333333333334,5,0.8055555555555556,1.1010802469135803,0.6254789272030651,3.9748899442849233,"{2: 13, 3: 1}",14,0.0,0.23623510067607292
0.9406928480204342,0.7976190476190477,0.9406928480204342,"{0.0: 1.0, 0.1: 0.9575807334428025, 0.2: 0.8644978106185002}","{'noise=0.0;missing=0.0': 1.0, 'noise=0.0;missing=0.2': 1.0, 'noise=0.1;missing=0.0': 0.9484126984126985, 'noise=0.1;missing=0.2': 0.9667487684729065, 'noise=0.2;missing=0.0': 0.8472222222222222, 'noise=0.2;missing=0.2': 0.8817733990147782}",0.8205128205128205,0.0641025641025641,7,7,17,2.2941176470588234,0.2833333333333333,5,1.0833333333333333,1.4097222222222223,0.5505698005698005,4.282340283509331,"{2: 14, 3: 1, 4: 2}",17,0.0,0.28533299291938996
0.9613551359241015,0.8571428571428571,0.9613551359241015,"{0.0: 1.0, 0.1: 0.98334017515052, 0.2: 0.9007252326217843}","{'noise=0.0;missing=0.0': 1.0, 'noise=0.0;missing=0.2': 1.0, 'noise=0.1;missing=0.0': 0.990079365079365, 'noise=0.1;missing=0.2': 0.9766009852216749, 'noise=0.2;missing=0.0': 0.888888888888889, 'noise=0.2;missing=0.2': 0.9125615763546797}",0.8717948717948718,0.05128205128205128,7,7,14,2.2142857142857144,0.23333333333333334,4,0.8611111111111112,1.2307098765432098,0.6532258064516129,3.913400745661378,"{2: 12, 3: 1, 4: 1}",14,0.0,0.23724876910640802
0.9598727422003284,0.8452380952380952,0.9598727422003284,"{0.0: 1.0, 0.1: 0.9810823754789271, 0.2: 0.898535851122058}","{'noise=0.0;missing=0.0': 1.0, 'noise=0.0;missing=0.2': 1.0, 'noise=0.1;missing=0.0': 0.9781746031746031, 'noise=0.1;missing=0.2': 0.9839901477832511, 'noise=0.2;missing=0.0': 0.8968253968253969, 'noise=0.2;missing=0.2': 0.9002463054187192}",0.8461538461538461,0.07692307692307693,7,7,16,2.25,0.26666666666666666,4,1.0,1.1111111111111112,0.558641975308642,4.239097917988786,"{2: 13, 3: 2, 4: 1}",16,0.0,0.2691435185185185
0.9604656996898375,0.8571428571428571,0.9604656996898375,"{0.0: 1.0, 0.1: 0.9890188834154351, 0.2: 0.8923782156540777}","{'noise=0.0;missing=0.0': 1.0, 'noise=0.0;missing=0.2': 1.0, 'noise=0.1;missing=0.0': 0.9940476190476192, 'noise=0.1;missing=0.2': 0.9839901477832511, 'noise=0.2;missing=0.0': 0.8968253968253969, 'noise=0.2;missing=0.2': 0.8879310344827587}",0.8717948717948718,0.0641025641025641,7,7,12,2.0,0.2,3,0.6666666666666666,0.7777777777777778,0.6643518518518519,3.8035088547976783,{2: 12},12,0.0,0.20401851851851852
0.9468390804597702,0.8154761904761905,0.9468390804597702,"{0.0: 1.0, 0.1: 0.956451833607006, 0.2: 0.8840654077723044}","{'noise=0.0;missing=0.0': 1.0, 'noise=0.0;missing=0.2': 1.0, 'noise=0.1;missing=0.0': 0.9424603174603174, 'noise=0.1;missing=0.2': 0.9704433497536946, 'noise=0.2;missing=0.0': 0.878968253968254, 'noise=0.2;missing=0.2': 0.8891625615763548}",0.7692307692307693,0.05128205128205128,7,7,16,2.25,0.26666666666666666,4,1.0,1.2777777777777777,0.5972222222222222,4.107017709595357,"{2: 14, 4: 2}",16,0.0,0.26917129629629627
0.9601578179164386,0.8511904761904762,0.9601578179164386,"{0.0: 1.0, 0.1: 0.978756157635468, 0.2: 0.9017172961138478}","{'noise=0.0;missing=0.0': 1.0, 'noise=0.0;missing=0.2': 1.0, 'noise=0.1;missing=0.0': 0.9821428571428571, 'noise=0.1;missing=0.2': 0.9753694581280788, 'noise=0.2;missing=0.0': 0.8908730158730158, 'noise=0.2;missing=0.2': 0.9125615763546797}",0.8717948717948718,0.05128205128205128,7,7,16,2.0625,0.26666666666666666,5,0.9166666666666666,1.4097222222222223,0.6439393939393939,3.957294029027326,"{2: 15, 3: 1}",16,0.0,0.2678912037037037
0.9396209633278599,0.7916666666666666,0.9396209633278599,"{0.0: 1.0, 0.1: 0.9536124794745484, 0.2: 0.8652504105090311}","{'noise=0.0;missing=0.0': 1.0, 'noise=0.0;missing=0.2': 1.0, 'noise=0.1;missing=0.0': 0.9404761904761905, 'noise=0.1;missing=0.2': 0.9667487684729065, 'noise=0.2;missing=0.0': 0.8511904761904762, 'noise=0.2;missing=0.2': 0.8793103448275862}",0.782051282051282,0.05128205128205128,7,7,19,2.3157894736842106,0.31666666666666665,4,1.2222222222222223,1.450617283950617,0.5391414141414141,4.311037868342279,"{2: 16, 4: 3}",19,0.0,0.3171569742256876
0.9564746396642948,0.8392857142857143,0.9564746396642948,"{0.0: 1.0, 0.1: 0.9963054187192117, 0.2: 0.8731185002736728}","{'noise=0.0;missing=0.0': 1.0, 'noise=0.0;missing=0.2': 1.0, 'noise=0.1;missing=0.0': 1.0, 'noise=0.1;missing=0.2': 0.9926108374384236, 'noise=0.2;missing=0.0': 0.8472222222222222, 'noise=0.2;missing=0.2': 0.8990147783251231}",0.8717948717948718,0.0641025641025641,7,7,20,2.35,0.3333333333333333,5,1.3055555555555556,2.0455246913580245,0.5809692671394799,4.222052883952304,"{2: 15, 3: 3, 4: 2}",20,0.0,0.3333270318930041
0.9728493887976646,0.8809523809523809,0.9728493887976646,"{0.0: 1.0, 0.1: 0.9886083743842364, 0.2: 0.9299397920087574}","{'noise=0.0;missing=0.0': 1.0, 'noise=0.0;missing=0.2': 1.0, 'noise=0.1;missing=0.0': 0.9821428571428571, 'noise=0.1;missing=0.2': 0.9950738916256158, 'noise=0.2;missing=0.0': 0.9325396825396826, 'noise=0.2;missing=0.2': 0.9273399014778325}",0.8461538461538461,0.07692307692307693,7,7,17,2.0588235294117645,0.2833333333333333,5,0.9722222222222222,1.415895061728395,0.6071428571428571,4.0902965033278145,"{2: 16, 3: 1}",17,0.0,0.28370003479786976
0.9521300857507753,0.8273809523809523,0.9521300857507753,"{0.0: 1.0, 0.1: 0.9674671592775042, 0.2: 0.888923097974822}","{'noise=0.0;missing=0.0': 1.0, 'noise=0.0;missing=0.2': 1.0, 'noise=0.1;missing=0.0': 0.9583333333333334, 'noise=0.1;missing=0.2': 0.9766009852216749, 'noise=0.2;missing=0.0': 0.8948412698412698, 'noise=0.2;missing=0.2': 0.8830049261083743}",0.8333333333333334,0.0641025641025641,7,7,22,2.272727272727273,0.36666666666666664,5,1.3888888888888888,2.0709876543209873,0.5611111111111111,4.265979129983102,"{2: 19, 4: 3}",22,0.0,0.3644613262252151
0.9547755883962781,0.8273809523809523,0.9547755883962781,"{0.0: 1.0, 0.1: 0.9537493158182814, 0.2: 0.9105774493705528}","{'noise=0.0;missing=0.0': 1.0, 'noise=0.0;missing=0.2': 1.0, 'noise=0.1;missing=0.0': 0.9444444444444444, 'noise=0.1;missing=0.2': 0.9630541871921182, 'noise=0.2;missing=0.0': 0.9246031746031746, 'noise=0.2;missing=0.2': 0.8965517241379309}",0.7692307692307693,0.0641025641025641,7,7,18,2.388888888888889,0.3,6,1.1944444444444444,1.6566358024691352,0.5484496124031008,4.268719696310997,"{2: 14, 3: 1, 4: 3}",18,0.0,0.30186561213991764
0.9584815727057107,0.8452380952380952,0.9584815727057107,"{0.0: 1.0, 0.1: 0.9890188834154351, 0.2: 0.8864258347016968}","{'noise=0.0;missing=0.0': 1.0, 'noise=0.0;missing=0.2': 1.0, 'noise=0.1;missing=0.0': 0.9940476190476192, 'noise=0.1;missing=0.2': 0.9839901477832511, 'noise=0.2;missing=0.0': 0.884920634920635, 'noise=0.2;missing=0.2': 0.8879310344827587}",0.8717948717948718,0.0641025641025641,7,7,15,2.1333333333333333,0.25,4,0.8888888888888888,1.2654320987654324,0.6475694444444444,3.9292292966721747,"{2: 13, 3: 2}",15,0.0,0.25252572016460906
0.9565886699507389,0.8452380952380952,0.9565886699507389,"{0.0: 1.0, 0.1: 0.9880268199233717, 0.2: 0.881739189928845}","{'noise=0.0;missing=0.0': 1.0, 'noise=0.0;missing=0.2': 1.0, 'noise=0.1;missing=0.0': 0.9920634920634921, 'noise=0.1;missing=0.2': 0.9839901477832511, 'noise=0.2;missing=0.0': 0.8829365079365079, 'noise=0.2;missing=0.2': 0.8805418719211823}",0.8717948717948718,0.038461538461538464,7,7,16,2.375,0.26666666666666666,6,1.0555555555555556,1.5524691358024691,0.5730994152046783,4.201231789474708,"{2: 12, 3: 2, 4: 2}",16,0.0,0.27008513374485593
0.9696223316912972,0.875,0.9696223316912972,"{0.0: 1.0, 0.1: 0.9892583470169678, 0.2: 0.9196086480569239}","{'noise=0.0;missing=0.0': 1.0, 'noise=0.0;missing=0.2': 1.0, 'noise=0.1;missing=0.0': 0.9920634920634921, 'noise=0.1;missing=0.2': 0.9864532019704433, 'noise=0.2;missing=0.0': 0.9365079365079365, 'noise=0.2;missing=0.2': 0.9027093596059113}",0.8589743589743589,0.0641025641025641,7,7,15,2.066666666666667,0.25,5,0.8611111111111112,1.1751543209876547,0.6137992831541219,4.039211536948157,"{2: 14, 3: 1}",15,0.0,0.2520477109053498
0.9403165480751687,0.7976190476190477,0.9403165480751687,"{0.0: 1.0, 0.1: 0.956588669950739, 0.2: 0.8643609742747673}","{'noise=0.0;missing=0.0': 1.0, 'noise=0.0;missing=0.2': 1.0, 'noise=0.1;missing=0.0': 0.9464285714285714, 'noise=0.1;missing=0.2': 0.9667487684729065, 'noise=0.2;missing=0.0': 0.8432539682539683, 'noise=0.2;missing=0.2': 0.8854679802955665}",0.8333333333333334,0.0641025641025641,7,7,16,2.1875,0.26666666666666666,4,0.9722222222222222,1.0270061728395063,0.55,4.250571945454581,"{2: 14, 3: 1, 4: 1}",16,0.0,0.26869547325102877
0.9646620142309797,0.8571428571428571,0.9646620142309797,"{0.0: 1.0, 0.1: 0.9794745484400657, 0.2: 0.9145114942528735}","{'noise=0.0;missing=0.0': 1.0, 'noise=0.0;missing=0.2': 1.0, 'noise=0.1;missing=0.0': 0.9761904761904762, 'noise=0.1;missing=0.2': 0.9827586206896551, 'noise=0.2;missing=0.0': 0.9226190476190476, 'noise=0.2;missing=0.2': 0.9064039408866994}",0.8205128205128205,0.07692307692307693,7,7,21,2.1904761904761907,0.35,6,1.2777777777777777,2.3672839506172836,0.6183574879227053,4.085758358504457,"{2: 18, 3: 2, 4: 1}",21,0.0,0.34810618753674305
0.953407224958949,0.8333333333333334,0.953407224958949,"{0.0: 1.0, 0.1: 0.9778667214012041, 0.2: 0.8823549534756431}","{'noise=0.0;missing=0.0': 1.0, 'noise=0.0;missing=0.2': 1.0, 'noise=0.1;missing=0.0': 0.9742063492063492, 'noise=0.1;missing=0.2': 0.981527093596059, 'noise=0.2;missing=0.0': 0.8829365079365079, 'noise=0.2;missing=0.2': 0.8817733990147782}",0.8589743589743589,0.0641025641025641,7,7,13,2.0,0.21666666666666667,3,0.7222222222222222,0.8117283950617283,0.6388888888888888,3.902174814211728,{2: 13},13,0.0,0.21985751028806585
0.9581394818463784,0.8452380952380952,0.9581394818463784,"{0.0: 1.0, 0.1: 0.9758825944170771, 0.2: 0.8985358511220579}","{'noise=0.0;missing=0.0': 1.0, 'noise=0.0;missing=0.2': 1.0, 'noise=0.1;missing=0.0': 0.9702380952380951, 'noise=0.1;missing=0.2': 0.981527093596059, 'noise=0.2;missing=0.0': 0.8968253968253969, 'noise=0.2;missing=0.2': 0.9002463054187192}",0.8589743589743589,0.0641025641025641,7,7,17,2.176470588235294,0.2833333333333333,4,1.0277777777777777,1.4714506172839508,0.6163663663663663,4.0671651897778585,"{2: 15, 3: 1, 4: 1}",17,0.0,0.2845262875211813
0.9586184090494436,0.8392857142857143,0.9586184090494436,"{0.0: 1.0, 0.1: 0.9753352490421455, 0.2: 0.9005199781061849}","{'noise=0.0;missing=0.0': 1.0, 'noise=0.0;missing=0.2': 1.0, 'noise=0.1;missing=0.0': 0.990079365079365, 'noise=0.1;missing=0.2': 0.960591133004926, 'noise=0.2;missing=0.0': 0.9007936507936508, 'noise=0.2;missing=0.2': 0.9002463054187191}",0.7948717948717948,0.0641025641025641,7,7,20,2.25,0.3333333333333333,5,1.25,2.076388888888889,0.6018518518518519,4.12554324176603,"{2: 17, 3: 1, 4: 2}",20,0.0,0.33263773148148146
0.9669882320744391,0.8690476190476191,0.9669882320744391,"{0.0: 1.0, 0.1: 0.9850506294471811, 0.2: 0.9159140667761356}","{'noise=0.0;missing=0.0': 1.0, 'noise=0.0;missing=0.2': 1.0, 'noise=0.1;missing=0.0': 0.986111111111111, 'noise=0.1;missing=0.2': 0.9839901477832511, 'noise=0.2;missing=0.0': 0.9365079365079365, 'noise=0.2;missing=0.2': 0.8953201970443349}",0.8846153846153846,0.07692307692307693,7,7,16,2.125,0.26666666666666666,5,0.9444444444444444,1.2746913580246912,0.6013071895424836,4.07674143017386,"{2: 14, 3: 2}",16,0.0,0.2683027263374485
0.9694398832329867,0.8809523809523809,0.9694398832329867,"{0.0: 1.0, 0.1: 0.9913451012588944, 0.2: 0.9169745484400657}","{'noise=0.0;missing=0.0': 1.0, 'noise=0.0;missing=0.2': 1.0, 'noise=0.1;missing=0.0': 0.990079365079365, 'noise=0.1;missing=0.2': 0.9926108374384236, 'noise=0.2;missing=0.0': 0.9226190476190476, 'noise=0.2;missing=0.2': 0.9113300492610837}",0.8846153846153846,0.0641025641025641,7,7,17,2.1176470588235294,0.2833333333333333,4,1.0,1.3333333333333333,0.6003086419753086,4.093400348604439,"{2: 15, 3: 2}",17,0.0,0.2840947712418301
0.9658707352672871,0.8690476190476191,0.9658707352672871,"{0.0: 1.0, 0.1: 0.9775246305418719, 0.2: 0.920087575259989}","{'noise=0.0;missing=0.0': 1.0, 'noise=0.0;missing=0.2': 1.0, 'noise=0.1;missing=0.0': 0.9821428571428571, 'noise=0.1;missing=0.2': 0.9729064039408867, 'noise=0.2;missing=0.0': 0.9325396825396826, 'noise=0.2;missing=0.2': 0.9076354679802956}",0.8333333333333334,0.0641025641025641,7,7,17,2.235294117647059,0.2833333333333333,4,1.0555555555555556,1.4969135802469138,0.6096491228070176,4.083067973799101,"{2: 15, 4: 2}",17,0.0,0.284939028080368
0.973054643313264,0.8809523809523809,0.973054643313264,"{0.0: 1.0, 0.1: 0.9886083743842364, 0.2: 0.9305555555555556}","{'noise=0.0;missing=0.0': 1.0, 'noise=0.0;missing=0.2': 1.0, 'noise=0.1;missing=0.0': 0.9821428571428571, 'noise=0.1;missing=0.2': 0.9950738916256158, 'noise=0.2;missing=0.0': 0.9325396825396826, 'noise=0.2;missing=0.2': 0.9285714285714286}",0.8589743589743589,0.07692307692307693,7,7,19,2.3157894736842106,0.31666666666666665,6,1.2222222222222223,1.6172839506172838,0.5202020202020202,4.362507470762516,"{2: 15, 3: 2, 4: 2}",19,0.0,0.3171847520034654
0.959804324028462,0.8511904761904762,0.959804324028462,"{0.0: 1.0, 0.1: 0.9890188834154351, 0.2: 0.8903940886699507}","{'noise=0.0;missing=0.0': 1.0, 'noise=0.0;missing=0.2': 1.0, 'noise=0.1;missing=0.0': 0.9940476190476192, 'noise=0.1;missing=0.2': 0.9839901477832511, 'noise=0.2;missing=0.0': 0.8928571428571429, 'noise=0.2;missing=0.2': 0.8879310344827587}",0.8717948717948718,0.0641025641025641,7,7,14,2.142857142857143,0.23333333333333334,4,0.8333333333333334,1.0833333333333333,0.6351851851851852,3.948394345536403,"{2: 12, 3: 2}",14,0.0,0.2367281746031746
0.9686302681992338,0.875,0.9686302681992338,"{0.0: 1.0, 0.1: 0.9814244663382594, 0.2: 0.9244663382594417}","{'noise=0.0;missing=0.0': 1.0, 'noise=0.0;missing=0.2': 1.0, 'noise=0.1;missing=0.0': 0.9702380952380951, 'noise=0.1;missing=0.2': 0.9926108374384236, 'noise=0.2;missing=0.0': 0.9166666666666667, 'noise=0.2;missing=0.2': 0.9322660098522167}",0.8333333333333334,0.05128205128205128,7,7,15,2.2,0.25,5,0.9166666666666666,1.4652777777777777,0.6473063973063973,3.9424387261281426,"{2: 13, 3: 1, 4: 1}",15,0.0,0.2530219907407407
0.9605911330049259,0.8571428571428571,0.9605911330049259,"{0.0: 1.0, 0.1: 0.9890188834154351, 0.2: 0.892754515599343}","{'noise=0.0;missing=0.0': 1.0, 'noise=0.0;missing=0.2': 1.0, 'noise=0.1;missing=0.0': 0.9940476190476192, 'noise=0.1;missing=0.2': 0.9839901477832511, 'noise=0.2;missing=0.0': 0.8988095238095237, 'noise=0.2;missing=0.2': 0.8866995073891626}",0.8717948717948718,0.07692307692307693,7,7,14,2.0714285714285716,0.23333333333333334,3,0.8055555555555556,0.9899691358024693,0.6369731800766284,3.9523029776623853,"{2: 13, 3: 1}",14,0.0,0.2362165821575544
0.9597245028279511,0.8511904761904762,0.9597245028279511,"{0.0: 1.0, 0.1: 0.9870347564313082, 0.2: 0.8921387520525451}","{'noise=0.0;missing=0.0': 1.0, 'noise=0.0;missing=0.2': 1.0, 'noise=0.1;missing=0.0': 0.990079365079365, 'noise=0.1;missing=0.2': 0.9839901477832511, 'noise=0.2;missing=0.0': 0.863095238095238, 'noise=0.2;missing=0.2': 0.9211822660098522}",0.8846153846153846,0.0641025641025641,7,7,19,2.3684210526315788,0.31666666666666665,4,1.25,1.2430555555555556,0.4759259259259259,4.508193929518778,"{2: 15, 3: 1, 4: 3}",19,0.0,0.3174878776803119
0.9462689290275497,0.8154761904761905,0.9462689290275497,"{0.0: 1.0, 0.1: 0.956588669950739, 0.2: 0.8822181171319102}","{'noise=0.0;missing=0.0': 1.0, 'noise=0.0;missing=0.2': 1.0, 'noise=0.1;missing=0.0': 0.9464285714285714, 'noise=0.1;missing=0.2': 0.9667487684729065, 'noise=0.2;missing=0.0': 0.878968253968254, 'noise=0.2;missing=0.2': 0.8854679802955665}",0.8461538461538461,0.0641025641025641,7,7,13,2.1538461538461537,0.21666666666666667,3,0.7777777777777778,1.006172839506173,0.6567460317460317,3.869331261111518,"{2: 12, 4: 1}",13,0.0,0.22095829376384932
0.9642172961138478,0.8630952380952381,0.9642172961138478,"{0.0: 1.0, 0.1: 0.9880268199233717, 0.2: 0.9046250684181718}","{'noise=0.0;missing=0.0': 1.0, 'noise=0.0;missing=0.2': 1.0, 'noise=0.1;missing=0.0': 0.9920634920634921, 'noise=0.1;missing=0.2': 0.9839901477832511, 'noise=0.2;missing=0.0': 0.9126984126984128, 'noise=0.2;missing=0.2': 0.8965517241379309}",0.8461538461538461,0.05128205128205128,7,7,15,2.066666666666667,0.25,5,0.8611111111111112,1.1751543209876545,0.6137992831541219,4.039211536948157,"{2: 14, 3: 1}",15,0.0,0.2520477109053498
0.9604656996898375,0.8571428571428571,0.9604656996898375,"{0.0: 1.0, 0.1: 0.9890188834154351, 0.2: 0.8923782156540777}","{'noise=0.0;missing=0.0': 1.0, 'noise=0.0;missing=0.2': 1.0, 'noise=0.1;missing=0.0': 0.9940476190476192, 'noise=0.1;missing=0.2': 0.9839901477832511, 'noise=0.2;missing=0.0': 0.8968253968253969, 'noise=0.2;missing=0.2': 0.8879310344827587}",0.8717948717948718,0.0641025641025641,7,7,13,2.076923076923077,0.21666666666666667,3,0.75,0.9097222222222222,0.6491769547325102,3.884155094595804,"{2: 12, 3: 1}",13,0.0,0.22040803062678063
0.9650269111476009,0.8690476190476191,0.9650269111476009,"{0.0: 1.0, 0.1: 0.9870347564313082, 0.2: 0.9080459770114943}","{'noise=0.0;missing=0.0': 1.0, 'noise=0.0;missing=0.2': 1.0, 'noise=0.1;missing=0.0': 0.990079365079365, 'noise=0.1;missing=0.2': 0.9839901477832511, 'noise=0.2;missing=0.0': 0.9047619047619045, 'noise=0.2;missing=0.2': 0.9113300492610837}",0.8846153846153846,0.0641025641025641,7,7,14,2.142857142857143,0.23333333333333334,4,0.8333333333333334,1.0833333333333333,0.6314814814814815,3.9898980954642873,"{2: 13, 4: 1}",14,0.0,0.2367281746031746
0.9641374749133369,0.8630952380952381,0.9641374749133369,"{0.0: 1.0, 0.1: 0.9913451012588944, 0.2: 0.9010673234811166}","{'noise=0.0;missing=0.0': 1.0, 'noise=0.0;missing=0.2': 1.0, 'noise=0.1;missing=0.0': 0.990079365079365, 'noise=0.1;missing=0.2': 0.9926108374384236, 'noise=0.2;missing=0.0': 0.880952380952381, 'noise=0.2;missing=0.2': 0.9211822660098522}",0.8846153846153846,0.0641025641025641,7,7,21,2.380952380952381,0.35,5,1.3888888888888888,1.6820987654320987,0.49777777777777776,4.471272380112911,"{2: 16, 3: 2, 4: 3}",21,0.0,0.34931474132863016
0.9632366356504287,0.8630952380952381,0.9632366356504287,"{0.0: 1.0, 0.1: 0.9890188834154351, 0.2: 0.9006910235358511}","{'noise=0.0;missing=0.0': 1.0, 'noise=0.0;missing=0.2': 1.0, 'noise=0.1;missing=0.0': 0.9940476190476192, 'noise=0.1;missing=0.2': 0.9839901477832511, 'noise=0.2;missing=0.0': 0.9146825396825395, 'noise=0.2;missing=0.2': 0.8866995073891626}",0.8846153846153846,0.07692307692307693,7,7,13,2.0,0.21666666666666667,3,0.7222222222222222,0.7561728395061729,0.6217948717948718,3.979097891134805,{2: 13},13,0.0,0.2198482510288066
0.9613551359241015,0.8571428571428571,0.9613551359241015,"{0.0: 1.0, 0.1: 0.98334017515052, 0.2: 0.9007252326217843}","{'noise=0.0;missing=0.0': 1.0, 'noise=0.0;missing=0.2': 1.0, 'noise=0.1;missing=0.0': 0.990079365079365, 'noise=0.1;missing=0.2': 0.9766009852216749, 'noise=0.2;missing=0.0': 0.888888888888889, 'noise=0.2;missing=0.2': 0.9125615763546797}",0.8717948717948718,0.05128205128205128,7,7,15,2.066666666666667,0.25,4,0.8611111111111112,1.119598765432099,0.6281362007168458,4.0022680844408445,"{2: 14, 3: 1}",15,0.0,0.2520384516460905
0.9735221674876848,0.8928571428571429,0.9735221674876848,"{0.0: 1.0, 0.1: 0.9873768472906405, 0.2: 0.9331896551724138}","{'noise=0.0;missing=0.0': 1.0, 'noise=0.0;missing=0.2': 1.0, 'noise=0.1;missing=0.0': 0.9821428571428571, 'noise=0.1;missing=0.2': 0.9926108374384236, 'noise=0.2;missing=0.0': 0.9464285714285713, 'noise=0.2;missing=0.2': 0.9199507389162561}",0.8846153846153846,0.0641025641025641,7,7,17,2.235294117647059,0.2833333333333333,5,1.0555555555555556,1.6080246913580245,0.6154970760233918,4.0605744745287495,"{2: 14, 3: 2, 4: 1}",17,0.0,0.28495754659888645
0.9602034300310162,0.8630952380952381,0.9602034300310162,"{0.0: 1.0, 0.1: 0.9808087027914614, 0.2: 0.8998015873015872}","{'noise=0.0;missing=0.0': 1.0, 'noise=0.0;missing=0.2': 1.0, 'noise=0.1;missing=0.0': 0.9702380952380951, 'noise=0.1;missing=0.2': 0.9913793103448276, 'noise=0.2;missing=0.0': 0.9067460317460316, 'noise=0.2;missing=0.2': 0.8928571428571427}",0.8461538461538461,0.05128205128205128,7,7,13,2.076923076923077,0.21666666666666667,5,0.75,1.1319444444444444,0.6676954732510288,3.8063822994065495,"{2: 12, 3: 1}",13,0.0,0.22044506766381766
0.9503968253968254,0.8273809523809523,0.9503968253968254,"{0.0: 1.0, 0.1: 0.9659619594964423, 0.2: 0.885228516694034}","{'noise=0.0;missing=0.0': 1.0, 'noise=0.0;missing=0.2': 1.0, 'noise=0.1;missing=0.0': 0.9503968253968255, 'noise=0.1;missing=0.2': 0.981527093596059, 'noise=0.2;missing=0.0': 0.8948412698412698, 'noise=0.2;missing=0.2': 0.875615763546798}",0.8333333333333334,0.05128205128205128,7,7,14,2.0,0.23333333333333334,4,0.7777777777777778,1.006172839506173,0.6448412698412699,3.9232517969803373,{2: 14},14,0.0,0.2357232510288066
0.9660189746396642,0.8690476190476191,0.9660189746396642,"{0.0: 1.0, 0.1: 0.9919950738916256, 0.2: 0.9060618500273672}","{'noise=0.0;missing=0.0': 1.0, 'noise=0.0;missing=0.2': 1.0, 'noise=0.1;missing=0.0': 1.0, 'noise=0.1;missing=0.2': 0.9839901477832511, 'noise=0.2;missing=0.0': 0.9007936507936508, 'noise=0.2;missing=0.2': 0.9113300492610837}",0.8589743589743589,0.05128205128205128,7,7,12,2.0,0.2,3,0.6666666666666666,0.7222222222222223,0.6458333333333334,3.886842188131012,{2: 12},12,0.0,0.20400925925925928
0.959496442255063,0.8452380952380952,0.959496442255063,"{0.0: 1.0, 0.1: 0.9901135741652983, 0.2: 0.8883757525998905}","{'noise=0.0;missing=0.0': 1.0, 'noise=0.0;missing=0.2': 1.0, 'noise=0.1;missing=0.0': 0.990079365079365, 'noise=0.1;missing=0.2': 0.9901477832512315, 'noise=0.2;missing=0.0': 0.878968253968254, 'noise=0.2;missing=0.2': 0.897783251231527}",0.8205128205128205,0.07692307692307693,7,7,19,2.3157894736842106,0.31666666666666665,6,1.2222222222222223,2.450617283950617,0.6464646464646465,3.9845713234195452,"{2: 14, 3: 4, 4: 1}",19,0.0,0.3173236408923543
0.9588122605363985,0.8511904761904762,0.9588122605363985,"{0.0: 1.0, 0.1: 0.9840585659551176, 0.2: 0.8923782156540777}","{'noise=0.0;missing=0.0': 1.0, 'noise=0.0;missing=0.2': 1.0, 'noise=0.1;missing=0.0': 0.9841269841269842, 'noise=0.1;missing=0.2': 0.9839901477832511, 'noise=0.2;missing=0.0': 0.8968253968253969, 'noise=0.2;missing=0.2': 0.8879310344827587}",0.8589743589743589,0.0641025641025641,7,7,12,2.25,0.2,3,0.75,1.0208333333333333,0.6759259259259259,3.782122224145306,"{2: 10, 3: 1, 4: 1}",12,0.0,0.2057951388888889
0.9607963875205255,0.8511904761904762,0.9607963875205255,"{0.0: 1.0, 0.1: 0.9840585659551176, 0.2: 0.8983305966064586}","{'noise=0.0;missing=0.0': 1.0, 'noise=0.0;missing=0.2': 1.0, 'noise=0.1;missing=0.0': 0.9841269841269842, 'noise=0.1;missing=0.2': 0.9839901477832511, 'noise=0.2;missing=0.0': 0.9087301587301588, 'noise=0.2;missing=0.2': 0.8879310344827587}",0.8589743589743589,0.05128205128205128,7,7,13,2.3076923076923075,0.21666666666666667,4,0.8333333333333334,1.25,0.6611111111111111,3.8817276788697366,"{2: 10, 3: 2, 4: 1}",13,0.0,0.2220673076923077
0.9650269111476009,0.8690476190476191,0.9650269111476009,"{0.0: 1.0, 0.1: 0.9870347564313082, 0.2: 0.9080459770114943}","{'noise=0.0;missing=0.0': 1.0, 'noise=0.0;missing=0.2': 1.0, 'noise=0.1;missing=0.0': 0.990079365079365, 'noise=0.1;missing=0.2': 0.9839901477832511, 'noise=0.2;missing=0.0': 0.9047619047619045, 'noise=0.2;missing=0.2': 0.9113300492610837}",0.8846153846153846,0.0641025641025641,7,7,15,2.0,0.25,4,0.8333333333333334,0.9722222222222222,0.6018518518518519,4.081727678869736,{2: 15},15,0.0,0.25155092592592593
0.9705345739828498,0.875,0.9705345739828498,"{0.0: 1.0, 0.1: 0.9886083743842364, 0.2: 0.922995347564313}","{'noise=0.0;missing=0.0': 1.0, 'noise=0.0;missing=0.2': 1.0, 'noise=0.1;missing=0.0': 0.9821428571428571, 'noise=0.1;missing=0.2': 0.9950738916256158, 'noise=0.2;missing=0.0': 0.9186507936507936, 'noise=0.2;missing=0.2': 0.9273399014778325}",0.8461538461538461,0.07692307692307693,7,7,17,2.0588235294117645,0.2833333333333333,5,0.9722222222222222,1.527006172839506,0.6325396825396825,4.011585431837431,"{2: 16, 3: 1}",17,0.0,0.2837185533163883
0.958150884875023,0.8452380952380952,0.958150884875023,"{0.0: 1.0, 0.1: 0.9840585659551176, 0.2: 0.8903940886699507}","{'noise=0.0;missing=0.0': 1.0, 'noise=0.0;missing=0.2': 1.0, 'noise=0.1;missing=0.0': 0.9841269841269842, 'noise=0.1;missing=0.2': 0.9839901477832511, 'noise=0.2;missing=0.0': 0.8928571428571429, 'noise=0.2;missing=0.2': 0.8879310344827587}",0.8589743589743589,0.05128205128205128,7,7,11,2.1818181818181817,0.18333333333333332,4,0.6666666666666666,1.0,0.7106481481481481,3.636842188131012,"{2: 10, 4: 1}",11,0.0,0.18948484848484848
0.9695539135194308,0.8809523809523809,0.9695539135194308,"{0.0: 1.0, 0.1: 0.9873768472906405, 0.2: 0.9212848932676518}","{'noise=0.0;missing=0.0': 1.0, 'noise=0.0;missing=0.2': 1.0, 'noise=0.1;missing=0.0': 0.9821428571428571, 'noise=0.1;missing=0.2': 0.9926108374384236, 'noise=0.2;missing=0.0': 0.9226190476190476, 'noise=0.2;missing=0.2': 0.9199507389162561}",0.8846153846153846,0.0641025641025641,7,7,16,2.1875,0.26666666666666666,4,0.9722222222222222,1.3603395061728394,0.6182539682539683,4.057575159678482,"{2: 14, 3: 1, 4: 1}",16,0.0,0.2687510288065843
0.9676724137931035,0.8809523809523809,0.9676724137931035,"{0.0: 1.0, 0.1: 0.9770457033388068, 0.2: 0.9259715380405035}","{'noise=0.0;missing=0.0': 1.0, 'noise=0.0;missing=0.2': 1.0, 'noise=0.1;missing=0.0': 0.986111111111111, 'noise=0.1;missing=0.2': 0.9679802955665024, 'noise=0.2;missing=0.0': 0.9603174603174603, 'noise=0.2;missing=0.2': 0.8916256157635468}",0.8846153846153846,0.0641025641025641,7,7,14,2.0,0.23333333333333334,4,0.7777777777777778,0.9506172839506175,0.625,3.9946803684089085,{2: 14},14,0.0,0.23571399176954735
0.9544563035942346,0.8333333333333334,0.9544563035942346,"{0.0: 1.0, 0.1: 0.9778667214012041, 0.2: 0.8855021893814997}","{'noise=0.0;missing=0.0': 1.0, 'noise=0.0;missing=0.2': 1.0, 'noise=0.1;missing=0.0': 0.9742063492063492, 'noise=0.1;missing=0.2': 0.981527093596059, 'noise=0.2;missing=0.0': 0.9027777777777778, 'noise=0.2;missing=0.2': 0.8682266009852215}",0.8461538461538461,0.0641025641025641,7,7,14,2.0,0.23333333333333334,3,0.7777777777777778,0.8395061728395062,0.6130952380952381,3.9946803684089085,{2: 14},14,0.0,0.23569547325102883
0.961902481299033,0.8630952380952381,0.961902481299033,"{0.0: 1.0, 0.1: 0.9771141215106732, 0.2: 0.9085933223864258}","{'noise=0.0;missing=0.0': 1.0, 'noise=0.0;missing=0.2': 1.0, 'noise=0.1;missing=0.0': 0.9702380952380951, 'noise=0.1;missing=0.2': 0.9839901477832511, 'noise=0.2;missing=0.0': 0.9206349206349207, 'noise=0.2;missing=0.2': 0.8965517241379309}",0.8589743589743589,0.0641025641025641,7,7,14,2.0714285714285716,0.23333333333333334,4,0.8055555555555556,1.0455246913580245,0.6408045977011494,3.9353986674667625,"{2: 13, 3: 1}",14,0.0,0.23622584141681366
0.9714126071884692,0.875,0.9714126071884692,"{0.0: 1.0, 0.1: 0.9886083743842364, 0.2: 0.9256294471811712}","{'noise=0.0;missing=0.0': 1.0, 'noise=0.0;missing=0.2': 1.0, 'noise=0.1;missing=0.0': 0.9821428571428571, 'noise=0.1;missing=0.2': 0.9950738916256158, 'noise=0.2;missing=0.0': 0.9325396825396826, 'noise=0.2;missing=0.2': 0.9187192118226601}",0.8461538461538461,0.07692307692307693,7,7,18,2.111111111111111,0.3,6,1.0555555555555556,1.7746913580246915,0.618421052631579,4.063202513215852,"{2: 16, 3: 2}",18,0.0,0.2999562757201646
0.9664636927567962,0.8690476190476191,0.9664636927567962,"{0.0: 1.0, 0.1: 0.9883689107827038, 0.2: 0.9110221674876847}","{'noise=0.0;missing=0.0': 1.0, 'noise=0.0;missing=0.2': 1.0, 'noise=0.1;missing=0.0': 0.9841269841269842, 'noise=0.1;missing=0.2': 0.9926108374384236, 'noise=0.2;missing=0.0': 0.9107142857142857, 'noise=0.2;missing=0.2': 0.9113300492610837}",0.8846153846153846,0.07692307692307693,7,7,17,2.1176470588235294,0.2833333333333333,4,1.0,1.4444444444444444,0.6234567901234568,4.016875695766564,"{2: 15, 3: 2}",17,0.0,0.2841132897603486
0.9709222769567598,0.875,0.9709222769567598,"{0.0: 1.0, 0.1: 0.9886083743842364, 0.2: 0.9241584564860427}","{'noise=0.0;missing=0.0': 1.0, 'noise=0.0;missing=0.2': 1.0, 'noise=0.1;missing=0.0': 0.9821428571428571, 'noise=0.1;missing=0.2': 0.9950738916256158, 'noise=0.2;missing=0.0': 0.9345238095238095, 'noise=0.2;missing=0.2': 0.9137931034482759}",0.8589743589743589,0.07692307692307693,7,7,18,2.2222222222222223,0.3,6,1.1111111111111112,1.9876543209876543,0.6361111111111111,4.008694969562842,"{2: 15, 3: 2, 4: 1}",18,0.0,0.3007633744855967
0.9621077358146324,0.8630952380952381,0.9621077358146324,"{0.0: 1.0, 0.1: 0.9890188834154351, 0.2: 0.8973043240284619}","{'noise=0.0;missing=0.0': 1.0, 'noise=0.0;missing=0.2': 1.0, 'noise=0.1;missing=0.0': 0.9940476190476192, 'noise=0.1;missing=0.2': 0.9839901477832511, 'noise=0.2;missing=0.0': 0.8968253968253969, 'noise=0.2;missing=0.2': 0.897783251231527}",0.8717948717948718,0.0641025641025641,7,7,12,2.0833333333333335,0.2,3,0.6944444444444444,0.8233024691358024,0.6588888888888889,3.8136606896881853,"{2: 11, 3: 1}",12,0.0,0.2046048096707819
0.969280240831965,0.875,0.969280240831965,"{0.0: 1.0, 0.1: 0.9892583470169678, 0.2: 0.9185823754789271}","{'noise=0.0;missing=0.0': 1.0, 'noise=0.0;missing=0.2': 1.0, 'noise=0.1;missing=0.0': 0.9920634920634921, 'noise=0.1;missing=0.2': 0.9864532019704433, 'noise=0.2;missing=0.0': 0.9246031746031746, 'noise=0.2;missing=0.2': 0.9125615763546798}",0.8461538461538461,0.0641025641025641,7,7,14,2.0714285714285716,0.23333333333333334,5,0.8055555555555556,1.1566358024691359,0.6369731800766284,3.948859340762045,"{2: 13, 3: 1}",14,0.0,0.23624435993533216
0.967991698595147,0.8630952380952381,0.967991698595147,"{0.0: 1.0, 0.1: 0.9925766283524905, 0.2: 0.9113984674329502}","{'noise=0.0;missing=0.0': 1.0, 'noise=0.0;missing=0.2': 1.0, 'noise=0.1;missing=0.0': 0.990079365079365, 'noise=0.1;missing=0.2': 0.9950738916256158, 'noise=0.2;missing=0.0': 0.9126984126984127, 'noise=0.2;missing=0.2': 0.9100985221674877}",0.8461538461538461,0.07692307692307693,7,7,16,2.25,0.26666666666666666,5,1.0,1.6111111111111112,0.6404320987654321,3.972163460365542,"{2: 13, 3: 2, 4: 1}",16,0.0,0.2692268518518518
0.958880678708265,0.8571428571428571,0.958880678708265,"{0.0: 1.0, 0.1: 0.9808087027914614, 0.2: 0.8958333333333333}","{'noise=0.0;missing=0.0': 1.0, 'noise=0.0;missing=0.2': 1.0, 'noise=0.1;missing=0.0': 0.9702380952380951, 'noise=0.1;missing=0.2': 0.9913793103448276, 'noise=0.2;missing=0.0': 0.8988095238095237, 'noise=0.2;missing=0.2': 0.8928571428571427}",0.8461538461538461,0.05128205128205128,7,7,14,2.142857142857143,0.23333333333333334,6,0.8333333333333334,1.416666666666667,0.6537037037037037,3.856564762130954,"{2: 12, 3: 2}",14,0.0,0.23678373015873017
0.9663496624703521,0.875,0.9663496624703521,"{0.0: 1.0, 0.1: 0.9770457033388068, 0.2: 0.9220032840722495}","{'noise=0.0;missing=0.0': 1.0, 'noise=0.0;missing=0.2': 1.0, 'noise=0.1;missing=0.0': 0.986111111111111, 'noise=0.1;missing=0.2': 0.9679802955665024, 'noise=0.2;missing=0.0': 0.9523809523809524, 'noise=0.2;missing=0.2': 0.8916256157635468}",0.8846153846153846,0.0641025641025641,7,7,14,2.0714285714285716,0.23333333333333334,4,0.8055555555555556,0.9344135802469137,0.6024904214559387,4.073329701949522,"{2: 13, 3: 1}",14,0.0,0.23620732289829513
0.9650269111476009,0.8690476190476191,0.9650269111476009,"{0.0: 1.0, 0.1: 0.9870347564313082, 0.2: 0.9080459770114943}","{'noise=0.0;missing=0.0': 1.0, 'noise=0.0;missing=0.2': 1.0, 'noise=0.1;missing=0.0': 0.990079365079365, 'noise=0.1;missing=0.2': 0.9839901477832511, 'noise=0.2;missing=0.0': 0.9047619047619045, 'noise=0.2;missing=0.2': 0.9113300492610837}",0.8846153846153846,0.0641025641025641,7,7,15,2.2,0.25,4,0.9166666666666666,1.2430555555555558,0.6287878787878788,4.0060710131011685,"{2: 13, 3: 1, 4: 1}",15,0.0,0.2529849537037037
0.9647418354314907,0.8630952380952381,0.9647418354314907,"{0.0: 1.0, 0.1: 0.9873768472906405, 0.2: 0.9068486590038314}","{'noise=0.0;missing=0.0': 1.0, 'noise=0.0;missing=0.2': 1.0, 'noise=0.1;missing=0.0': 0.9821428571428571, 'noise=0.1;missing=0.2': 0.9926108374384236, 'noise=0.2;missing=0.0': 0.9146825396825397, 'noise=0.2;missing=0.2': 0.8990147783251231}",0.8461538461538461,0.0641025641025641,7,7,20,2.1,0.3333333333333333,6,1.1666666666666667,1.9166666666666667,0.5952380952380952,4.14792069643375,"{2: 18, 3: 2}",20,0.0,0.3315694444444444
0.9632024265644955,0.8571428571428571,0.9632024265644955,"{0.0: 1.0, 0.1: 0.982724411603722, 0.2: 0.9068828680897647}","{'noise=0.0;missing=0.0': 1.0, 'noise=0.0;missing=0.2': 1.0, 'noise=0.1;missing=0.0': 0.990079365079365, 'noise=0.1;missing=0.2': 0.9753694581280788, 'noise=0.2;missing=0.0': 0.888888888888889, 'noise=0.2;missing=0.2': 0.9248768472906403}",0.8333333333333334,0.05128205128205128,7,7,15,2.0,0.25,4,0.8333333333333334,1.1944444444444444,0.6574074074074074,3.8980685120588383,{2: 15},15,0.0,0.251587962962963
0.961902481299033,0.8630952380952381,0.961902481299033,"{0.0: 1.0, 0.1: 0.9771141215106732, 0.2: 0.9085933223864258}","{'noise=0.0;missing=0.0': 1.0, 'noise=0.0;missing=0.2': 1.0, 'noise=0.1;missing=0.0': 0.9702380952380951, 'noise=0.1;missing=0.2': 0.9839901477832511, 'noise=0.2;missing=0.0': 0.9206349206349207, 'noise=0.2;missing=0.2': 0.8965517241379309}",0.8589743589743589,0.0641025641025641,7,7,13,2.0,0.21666666666666667,3,0.7222222222222222,0.8672839506172839,0.6538461538461539,3.873140679513133,{2: 13},13,0.0,0.21986676954732512
0.9614805692391899,0.8571428571428571,0.9614805692391899,"{0.0: 1.0, 0.1: 0.982724411603722, 0.2: 0.9017172961138478}","{'noise=0.0;missing=0.0': 1.0, 'noise=0.0;missing=0.2': 1.0, 'noise=0.1;missing=0.0': 0.990079365079365, 'noise=0.1;missing=0.2': 0.9753694581280788, 'noise=0.2;missing=0.0': 0.8908730158730158, 'noise=0.2;missing=0.2': 0.9125615763546797}",0.8846153846153846,0.05128205128205128,7,7,13,2.1538461538461537,0.21666666666666667,4,0.7777777777777778,1.1728395061728394,0.6805555555555556,3.797902689682947,"{2: 12, 4: 1}",13,0.0,0.2209860715416271
0.9582763181901113,0.8511904761904762,0.9582763181901113,"{0.0: 1.0, 0.1: 0.9837848932676518, 0.2: 0.8910440613026819}","{'noise=0.0;missing=0.0': 1.0, 'noise=0.0;missing=0.2': 1.0, 'noise=0.1;missing=0.0': 0.9761904761904763, 'noise=0.1;missing=0.2': 0.9913793103448276, 'noise=0.2;missing=0.0': 0.9027777777777778, 'noise=0.2;missing=0.2': 0.8793103448275861}",0.8461538461538461,0.038461538461538464,7,7,11,2.1818181818181817,0.18333333333333332,4,0.6666666666666666,1.111111111111111,0.7222222222222222,3.584962500721156,"{2: 10, 4: 1}",11,0.0,0.18950336700336698
0.9692118226600984,0.8809523809523809,0.9692118226600984,"{0.0: 1.0, 0.1: 0.9873768472906405, 0.2: 0.920258620689655}","{'noise=0.0;missing=0.0': 1.0, 'noise=0.0;missing=0.2': 1.0, 'noise=0.1;missing=0.0': 0.9821428571428571, 'noise=0.1;missing=0.2': 0.9926108374384236, 'noise=0.2;missing=0.0': 0.9107142857142857, 'noise=0.2;missing=0.2': 0.9298029556650246}",0.8974358974358975,0.0641025641025641,7,7,18,2.2777777777777777,0.3,4,1.1388888888888888,1.1751543209876543,0.5033875338753387,4.412310846028731,"{2: 15, 3: 1, 4: 2}",18,0.0,0.3010137602880658
0.9684364167122788,0.875,0.9684364167122788,"{0.0: 1.0, 0.1: 0.9873768472906403, 0.2: 0.9179324028461959}","{'noise=0.0;missing=0.0': 1.0, 'noise=0.0;missing=0.2': 1.0, 'noise=0.1;missing=0.0': 0.9821428571428571, 'noise=0.1;missing=0.2': 0.9926108374384236, 'noise=0.2;missing=0.0': 0.9146825396825398, 'noise=0.2;missing=0.2': 0.9211822660098522}",0.8461538461538461,0.05128205128205128,7,7,14,2.2142857142857144,0.23333333333333334,4,0.8611111111111112,1.2307098765432098,0.6406810035842294,3.9621031651557956,"{2: 12, 3: 1, 4: 1}",14,0.0,0.23724876910640802
0.9686758803138115,0.875,0.9686758803138115,"{0.0: 1.0, 0.1: 0.9862821565407772, 0.2: 0.9197454844006568}","{'noise=0.0;missing=0.0': 1.0, 'noise=0.0;missing=0.2': 1.0, 'noise=0.1;missing=0.0': 0.986111111111111, 'noise=0.1;missing=0.2': 0.9864532019704433, 'noise=0.2;missing=0.0': 0.9404761904761905, 'noise=0.2;missing=0.2': 0.8990147783251231}",0.8589743589743589,0.07692307692307693,7,7,13,2.230769230769231,0.21666666666666667,5,0.8055555555555556,1.2121913580246915,0.6561302681992337,3.8798938235206655,"{2: 11, 3: 1, 4: 1}",13,0.0,0.22152681821779044
0.9658479292099984,0.8571428571428571,0.9658479292099984,"{0.0: 1.0, 0.1: 0.9888820470717022, 0.2: 0.9086617405582922}","{'noise=0.0;missing=0.0': 1.0, 'noise=0.0;missing=0.2': 1.0, 'noise=0.1;missing=0.0': 0.990079365079365, 'noise=0.1;missing=0.2': 0.9876847290640394, 'noise=0.2;missing=0.0': 0.9047619047619048, 'noise=0.2;missing=0.2': 0.9125615763546797}",0.8333333333333334,0.07692307692307693,7,7,16,2.25,0.26666666666666666,4,1.0,1.5555555555555556,0.6373456790123457,3.982289237493327,"{2: 13, 3: 2, 4: 1}",16,0.0,0.26921759259259254
0.964445356686736,0.8690476190476191,0.964445356686736,"{0.0: 1.0, 0.1: 0.9870347564313082, 0.2: 0.9063013136288998}","{'noise=0.0;missing=0.0': 1.0, 'noise=0.0;missing=0.2': 1.0, 'noise=0.1;missing=0.0': 0.990079365079365, 'noise=0.1;missing=0.2': 0.9839901477832511, 'noise=0.2;missing=0.0': 0.8988095238095237, 'noise=0.2;missing=0.2': 0.9137931034482758}",0.8589743589743589,0.05128205128205128,7,7,16,2.0625,0.26666666666666666,4,0.9166666666666666,1.354166666666667,0.6439393939393939,3.930609649595924,"{2: 15, 3: 1}",16,0.0,0.2678819444444444
0.9686986863711001,0.8809523809523809,0.9686986863711001,"{0.0: 1.0, 0.1: 0.980124521072797, 0.2: 0.9259715380405035}","{'noise=0.0;missing=0.0': 1.0, 'noise=0.0;missing=0.2': 1.0, 'noise=0.1;missing=0.0': 0.986111111111111, 'noise=0.1;missing=0.2': 0.9741379310344828, 'noise=0.2;missing=0.0': 0.9603174603174603, 'noise=0.2;missing=0.2': 0.8916256157635468}",0.8846153846153846,0.0641025641025641,7,7,13,2.1538461538461537,0.21666666666666667,4,0.7777777777777778,1.006172839506173,0.6448412698412699,3.9232517969803373,"{2: 12, 4: 1}",13,0.0,0.22095829376384932
0.9714126071884692,0.875,0.9714126071884692,"{0.0: 1.0, 0.1: 0.9886083743842364, 0.2: 0.9256294471811712}","{'noise=0.0;missing=0.0': 1.0, 'noise=0.0;missing=0.2': 1.0, 'noise=0.1;missing=0.0': 0.9821428571428571, 'noise=0.1;missing=0.2': 0.9950738916256158, 'noise=0.2;missing=0.0': 0.9325396825396826, 'noise=0.2;missing=0.2': 0.9187192118226601}",0.8461538461538461,0.07692307692307693,7,7,17,2.235294117647059,0.2833333333333333,6,1.0555555555555556,1.8302469135802468,0.631578947368421,4.0105709342684825,"{2: 14, 3: 2, 4: 1}",17,0.0,0.2849945836359235
0.9599297573435505,0.8511904761904762,0.9599297573435505,"{0.0: 1.0, 0.1: 0.9919950738916256, 0.2: 0.8877941981390257}","{'noise=0.0;missing=0.0': 1.0, 'noise=0.0;missing=0.2': 1.0, 'noise=0.1;missing=0.0': 1.0, 'noise=0.1;missing=0.2': 0.9839901477832511, 'noise=0.2;missing=0.0': 0.8888888888888887, 'noise=0.2;missing=0.2': 0.8866995073891626}",0.8717948717948718,0.0641025641025641,7,7,14,2.0,0.23333333333333334,3,0.7777777777777778,0.8395061728395062,0.6111111111111112,4.039148671903071,{2: 14},14,0.0,0.23569547325102883
0.9630199781061849,0.8571428571428571,0.9630199781061849,"{0.0: 1.0, 0.1: 0.9840585659551176, 0.2: 0.9050013683634373}","{'noise=0.0;missing=0.0': 1.0, 'noise=0.0;missing=0.2': 1.0, 'noise=0.1;missing=0.0': 0.9841269841269842, 'noise=0.1;missing=0.2': 0.9839901477832511, 'noise=0.2;missing=0.0': 0.9146825396825397, 'noise=0.2;missing=0.2': 0.8953201970443349}",0.8589743589743589,0.0641025641025641,7,7,14,2.2857142857142856,0.23333333333333334,4,0.8888888888888888,1.154320987654321,0.6232638888888888,4.015319531114783,"{2: 11, 3: 2, 4: 1}",14,0.0,0.23773206937095828
0.9595078452837074,0.8571428571428571,0.9595078452837074,"{0.0: 1.0, 0.1: 0.9860426929392447, 0.2: 0.8924808429118773}","{'noise=0.0;missing=0.0': 1.0, 'noise=0.0;missing=0.2': 1.0, 'noise=0.1;missing=0.0': 0.988095238095238, 'noise=0.1;missing=0.2': 0.9839901477832511, 'noise=0.2;missing=0.0': 0.8908730158730158, 'noise=0.2;missing=0.2': 0.8940886699507388}",0.8589743589743589,0.038461538461538464,7,7,13,2.076923076923077,0.21666666666666667,3,0.75,0.8541666666666666,0.6327160493827161,3.9582291686698783,"{2: 12, 3: 1}",13,0.0,0.22039877136752137
0.9728493887976646,0.8809523809523809,0.9728493887976646,"{0.0: 1.0, 0.1: 0.9886083743842364, 0.2: 0.9299397920087574}","{'noise=0.0;missing=0.0': 1.0, 'noise=0.0;missing=0.2': 1.0, 'noise=0.1;missing=0.0': 0.9821428571428571, 'noise=0.1;missing=0.2': 0.9950738916256158, 'noise=0.2;missing=0.0': 0.9325396825396826, 'noise=0.2;missing=0.2': 0.9273399014778325}",0.8461538461538461,0.07692307692307693,7,7,16,2.1875,0.26666666666666666,5,0.9722222222222222,1.4714506172839505,0.623015873015873,4.0331536461849575,"{2: 14, 3: 1, 4: 1}",16,0.0,0.26876954732510283
0.961902481299033,0.8630952380952381,0.961902481299033,"{0.0: 1.0, 0.1: 0.9771141215106732, 0.2: 0.9085933223864258}","{'noise=0.0;missing=0.0': 1.0, 'noise=0.0;missing=0.2': 1.0, 'noise=0.1;missing=0.0': 0.9702380952380951, 'noise=0.1;missing=0.2': 0.9839901477832511, 'noise=0.2;missing=0.0': 0.9206349206349207, 'noise=0.2;missing=0.2': 0.8965517241379309}",0.8589743589743589,0.0641025641025641,7,7,14,2.0714285714285716,0.23333333333333334,4,0.8055555555555556,1.0455246913580245,0.6408045977011494,3.9353986674667625,"{2: 13, 3: 1}",14,0.0,0.23622584141681366
0.959804324028462,0.8511904761904762,0.959804324028462,"{0.0: 1.0, 0.1: 0.9840585659551176, 0.2: 0.8953544061302682}","{'noise=0.0;missing=0.0': 1.0, 'noise=0.0;missing=0.2': 1.0, 'noise=0.1;missing=0.0': 0.9841269841269842, 'noise=0.1;missing=0.2': 0.9839901477832511, 'noise=0.2;missing=0.0': 0.9027777777777778, 'noise=0.2;missing=0.2': 0.8879310344827587}",0.8589743589743589,0.05128205128205128,7,7,12,2.25,0.2,4,0.75,1.1319444444444444,0.6923868312757202,3.7360069464476564,"{2: 10, 3: 1, 4: 1}",12,0.0,0.2058136574074074
0.9715266374749133,0.8809523809523809,0.9715266374749133,"{0.0: 1.0, 0.1: 0.9886083743842364, 0.2: 0.9259715380405036}","{'noise=0.0;missing=0.0': 1.0, 'noise=0.0;missing=0.2': 1.0, 'noise=0.1;missing=0.0': 0.9821428571428571, 'noise=0.1;missing=0.2': 0.9950738916256158, 'noise=0.2;missing=0.0': 0.9246031746031746, 'noise=0.2;missing=0.2': 0.9273399014778325}",0.8461538461538461,0.0641025641025641,7,7,18,2.0555555555555554,0.3,5,1.0277777777777777,1.4714506172839505,0.5983483483483484,4.1185201770721855,"{2: 17, 3: 1}",18,0.0,0.29951993312757197
0.9650269111476009,0.8690476190476191,0.9650269111476009,"{0.0: 1.0, 0.1: 0.9870347564313082, 0.2: 0.9080459770114943}","{'noise=0.0;missing=0.0': 1.0, 'noise=0.0;missing=0.2': 1.0, 'noise=0.1;missing=0.0': 0.990079365079365, 'noise=0.1;missing=0.2': 0.9839901477832511, 'noise=0.2;missing=0.0': 0.9047619047619045, 'noise=0.2;missing=0.2': 0.9113300492610837}",0.8846153846153846,0.0641025641025641,7,7,15,2.2,0.25,4,0.9166666666666666,1.2430555555555558,0.6287878787878788,4.0060710131011685,"{2: 13, 3: 1, 4: 1}",15,0.0,0.2529849537037037
0.9571588213829594,0.8452380952380952,0.9571588213829594,"{0.0: 1.0, 0.1: 0.9840585659551176, 0.2: 0.8874178981937603}","{'noise=0.0;missing=0.0': 1.0, 'noise=0.0;missing=0.2': 1.0, 'noise=0.1;missing=0.0': 0.9841269841269842, 'noise=0.1;missing=0.2': 0.9839901477832511, 'noise=0.2;missing=0.0': 0.8869047619047619, 'noise=0.2;missing=0.2': 0.8879310344827587}",0.8589743589743589,0.0641025641025641,7,7,11,2.272727272727273,0.18333333333333332,3,0.6944444444444444,0.8233024691358024,0.6588888888888889,3.8136606896881853,"{2: 9, 3: 1, 4: 1}",11,0.0,0.19008671202768426
0.9673759350483488,0.875,0.9673759350483488,"{0.0: 1.0, 0.1: 0.980124521072797, 0.2: 0.9220032840722495}","{'noise=0.0;missing=0.0': 1.0, 'noise=0.0;missing=0.2': 1.0, 'noise=0.1;missing=0.0': 0.986111111111111, 'noise=0.1;missing=0.2': 0.9741379310344828, 'noise=0.2;missing=0.0': 0.9523809523809524, 'noise=0.2;missing=0.2': 0.8916256157635468}",0.8846153846153846,0.0641025641025641,7,7,12,2.1666666666666665,0.2,3,0.7222222222222222,0.8117283950617284,0.6346153846153846,3.95006375643621,"{2: 11, 4: 1}",12,0.0,0.20518158436213993
0.9588122605363985,0.8511904761904762,0.9588122605363985,"{0.0: 1.0, 0.1: 0.9890188834154351, 0.2: 0.8874178981937603}","{'noise=0.0;missing=0.0': 1.0, 'noise=0.0;missing=0.2': 1.0, 'noise=0.1;missing=0.0': 0.9940476190476192, 'noise=0.1;missing=0.2': 0.9839901477832511, 'noise=0.2;missing=0.0': 0.8869047619047619, 'noise=0.2;missing=0.2': 0.8879310344827587}",0.8717948717948718,0.0641025641025641,7,7,12,2.0833333333333335,0.2,3,0.6944444444444444,0.7677469135802467,0.6433333333333333,3.893660689688186,"{2: 11, 3: 1}",12,0.0,0.20459555041152264
0.9650269111476009,0.8690476190476191,0.9650269111476009,"{0.0: 1.0, 0.1: 0.9870347564313082, 0.2: 0.9080459770114943}","{'noise=0.0;missing=0.0': 1.0, 'noise=0.0;missing=0.2': 1.0, 'noise=0.1;missing=0.0': 0.990079365079365, 'noise=0.1;missing=0.2': 0.9839901477832511, 'noise=0.2;missing=0.0': 0.9047619047619045, 'noise=0.2;missing=0.2': 0.9113300492610837}",0.8846153846153846,0.0641025641025641,7,7,15,2.1333333333333333,0.25,4,0.8888888888888888,1.154320987654321,0.6163194444444444,4.054229296672174,"{2: 14, 4: 1}",15,0.0,0.25250720164609053
0.966657544243751,0.8690476190476191,0.966657544243751,"{0.0: 1.0, 0.1: 0.9806034482758621, 0.2: 0.9193691844553913}","{'noise=0.0;missing=0.0': 1.0, 'noise=0.0;missing=0.2': 1.0, 'noise=0.1;missing=0.0': 0.9821428571428571, 'noise=0.1;missing=0.2': 0.9790640394088671, 'noise=0.2;missing=0.0': 0.9384920634920634, 'noise=0.2;missing=0.2': 0.9002463054187192}",0.8589743589743589,0.07692307692307693,7,7,16,2.0625,0.26666666666666666,5,0.9166666666666666,1.298611111111111,0.6018518518518519,4.086526226193701,"{2: 15, 3: 1}",16,0.0,0.26787268518518514
0.9669882320744391,0.8690476190476191,0.9669882320744391,"{0.0: 1.0, 0.1: 0.9850506294471811, 0.2: 0.9159140667761356}","{'noise=0.0;missing=0.0': 1.0, 'noise=0.0;missing=0.2': 1.0, 'noise=0.1;missing=0.0': 0.986111111111111, 'noise=0.1;missing=0.2': 0.9839901477832511, 'noise=0.2;missing=0.0': 0.9365079365079365, 'noise=0.2;missing=0.2': 0.8953201970443349}",0.8846153846153846,0.07692307692307693,7,7,16,2.125,0.26666666666666666,5,0.9444444444444444,1.2746913580246912,0.6013071895424836,4.07674143017386,"{2: 14, 3: 2}",16,0.0,0.2683027263374485
0.9695539135194308,0.8809523809523809,0.9695539135194308,"{0.0: 1.0, 0.1: 0.9873768472906405, 0.2: 0.9212848932676518}","{'noise=0.0;missing=0.0': 1.0, 'noise=0.0;missing=0.2': 1.0, 'noise=0.1;missing=0.0': 0.9821428571428571, 'noise=0.1;missing=0.2': 0.9926108374384236, 'noise=0.2;missing=0.0': 0.9226190476190476, 'noise=0.2;missing=0.2': 0.9199507389162561}",0.8846153846153846,0.0641025641025641,7,7,18,2.0555555555555554,0.3,5,1.0277777777777777,1.4714506172839505,0.5983483483483484,4.1185201770721855,"{2: 17, 3: 1}",18,0.0,0.29951993312757197
0.9696223316912972,0.875,0.9696223316912972,"{0.0: 1.0, 0.1: 0.9892583470169678, 0.2: 0.9196086480569239}","{'noise=0.0;missing=0.0': 1.0, 'noise=0.0;missing=0.2': 1.0, 'noise=0.1;missing=0.0': 0.9920634920634921, 'noise=0.1;missing=0.2': 0.9864532019704433, 'noise=0.2;missing=0.0': 0.9365079365079365, 'noise=0.2;missing=0.2': 0.9027093596059113}",0.8589743589743589,0.0641025641025641,7,7,14,2.0714285714285716,0.23333333333333334,5,0.8055555555555556,1.1566358024691359,0.6369731800766284,3.948859340762045,"{2: 13, 3: 1}",14,0.0,0.23624435993533216
0.9676838168217479,0.875,0.9676838168217479,"{0.0: 1.0, 0.1: 0.9824507389162562, 0.2: 0.9206007115489874}","{'noise=0.0;missing=0.0': 1.0, 'noise=0.0;missing=0.2': 1.0, 'noise=0.1;missing=0.0': 0.9821428571428571, 'noise=0.1;missing=0.2': 0.982758620689655, 'noise=0.2;missing=0.0': 0.9384920634920634, 'noise=0.2;missing=0.2': 0.9027093596059113}",0.8717948717948718,0.0641025641025641,7,7,15,2.1333333333333333,0.25,4,0.8888888888888888,1.2098765432098768,0.6197916666666666,4.038909765557392,"{2: 14, 4: 1}",15,0.0,0.2525164609053498
0.9694398832329867,0.8809523809523809,0.9694398832329867,"{0.0: 1.0, 0.1: 0.9913451012588944, 0.2: 0.9169745484400657}","{'noise=0.0;missing=0.0': 1.0, 'noise=0.0;missing=0.2': 1.0, 'noise=0.1;missing=0.0': 0.990079365079365, 'noise=0.1;missing=0.2': 0.9926108374384236, 'noise=0.2;missing=0.0': 0.9226190476190476, 'noise=0.2;missing=0.2': 0.9113300492610837}",0.8846153846153846,0.0641025641025641,7,7,17,2.1176470588235294,0.2833333333333333,4,1.0,1.3333333333333333,0.6003086419753086,4.093400348604439,"{2: 15, 3: 2}",17,0.0,0.2840947712418301
0.9623814085020981,0.8571428571428571,0.9623814085020981,"{0.0: 1.0, 0.1: 0.9810823754789272, 0.2: 0.9060618500273672}","{'noise=0.0;missing=0.0': 1.0, 'noise=0.0;missing=0.2': 1.0, 'noise=0.1;missing=0.0': 0.978174603174603, 'noise=0.1;missing=0.2': 0.9839901477832511, 'noise=0.2;missing=0.0': 0.9007936507936508, 'noise=0.2;missing=0.2': 0.9113300492610837}",0.8333333333333334,0.05128205128205128,7,7,11,2.1818181818181817,0.18333333333333332,3,0.6666666666666666,0.7777777777777778,0.6643518518518519,3.8035088547976783,"{2: 10, 4: 1}",11,0.0,0.18944781144781142
0.9706143951833607,0.8869047619047619,0.9706143951833607,"{0.0: 1.0, 0.1: 0.9873768472906405, 0.2: 0.9244663382594417}","{'noise=0.0;missing=0.0': 1.0, 'noise=0.0;missing=0.2': 1.0, 'noise=0.1;missing=0.0': 0.9821428571428571, 'noise=0.1;missing=0.2': 0.9926108374384236, 'noise=0.2;missing=0.0': 0.9166666666666666, 'noise=0.2;missing=0.2': 0.9322660098522167}",0.8717948717948718,0.05128205128205128,7,7,19,2.263157894736842,0.31666666666666665,4,1.1944444444444444,1.2677469135802468,0.5058139534883721,4.414409522043332,"{2: 16, 3: 1, 4: 2}",19,0.0,0.3167609987546025
0.9712187557015144,0.875,0.9712187557015144,"{0.0: 1.0, 0.1: 0.9886083743842364, 0.2: 0.9250478927203065}","{'noise=0.0;missing=0.0': 1.0, 'noise=0.0;missing=0.2': 1.0, 'noise=0.1;missing=0.0': 0.9821428571428571, 'noise=0.1;missing=0.2': 0.9950738916256158, 'noise=0.2;missing=0.0': 0.9424603174603173, 'noise=0.2;missing=0.2': 0.9076354679802956}",0.8589743589743589,0.07692307692307693,7,7,16,2.25,0.26666666666666666,5,1.0,1.5555555555555556,0.6280864197530864,4.027719015921097,"{2: 13, 3: 2, 4: 1}",16,0.0,0.26921759259259254
0.9588122605363985,0.8511904761904762,0.9588122605363985,"{0.0: 1.0, 0.1: 0.9840585659551176, 0.2: 0.8923782156540777}","{'noise=0.0;missing=0.0': 1.0, 'noise=0.0;missing=0.2': 1.0, 'noise=0.1;missing=0.0': 0.9841269841269842, 'noise=0.1;missing=0.2': 0.9839901477832511, 'noise=0.2;missing=0.0': 0.8968253968253969, 'noise=0.2;missing=0.2': 0.8879310344827587}",0.8589743589743589,0.0641025641025641,7,7,11,2.1818181818181817,0.18333333333333332,3,0.6666666666666666,0.8888888888888888,0.6944444444444444,3.6887218755408675,"{2: 10, 4: 1}",11,0.0,0.18946632996632995
0.9673417259624156,0.875,0.9673417259624156,"{0.0: 1.0, 0.1: 0.9824507389162562, 0.2: 0.9195744389709907}","{'noise=0.0;missing=0.0': 1.0, 'noise=0.0;missing=0.2': 1.0, 'noise=0.1;missing=0.0': 0.9821428571428571, 'noise=0.1;missing=0.2': 0.982758620689655, 'noise=0.2;missing=0.0': 0.9265873015873015, 'noise=0.2;missing=0.2': 0.9125615763546797}",0.8846153846153846,0.0641025641025641,7,7,18,2.2777777777777777,0.3,5,1.1388888888888888,1.341820987654321,0.5182926829268293,4.373051322261979,"{2: 15, 3: 1, 4: 2}",18,0.0,0.3010415380658436
0.962712096332786,0.8511904761904762,0.962712096332786,"{0.0: 1.0, 0.1: 0.9753694581280788, 0.2: 0.9127668308702791}","{'noise=0.0;missing=0.0': 1.0, 'noise=0.0;missing=0.2': 1.0, 'noise=0.1;missing=0.0': 0.9642857142857143, 'noise=0.1;missing=0.2': 0.9864532019704433, 'noise=0.2;missing=0.0': 0.9166666666666667, 'noise=0.2;missing=0.2': 0.9088669950738916}",0.8076923076923077,0.0641025641025641,7,7,13,2.230769230769231,0.21666666666666667,5,0.8055555555555556,1.156635802469136,0.6369731800766284,3.948859340762045,"{2: 11, 3: 1, 4: 1}",13,0.0,0.2215175589585312
0.9683109833971902,0.875,0.9683109833971902,"{0.0: 1.0, 0.1: 0.9850506294471811, 0.2: 0.9198823207443897}","{'noise=0.0;missing=0.0': 1.0, 'noise=0.0;missing=0.2': 1.0, 'noise=0.1;missing=0.0': 0.986111111111111, 'noise=0.1;missing=0.2': 0.9839901477832511, 'noise=0.2;missing=0.0': 0.9444444444444445, 'noise=0.2;missing=0.2': 0.8953201970443349}",0.8846153846153846,0.07692307692307693,7,7,14,2.0,0.23333333333333334,3,0.7777777777777778,0.8395061728395063,0.6111111111111112,4.039148671903071,{2: 14},14,0.0,0.23569547325102883
0.9635559204524721,0.8690476190476191,0.9635559204524721,"{0.0: 1.0, 0.1: 0.9870347564313082, 0.2: 0.9036330049261083}","{'noise=0.0;missing=0.0': 1.0, 'noise=0.0;missing=0.2': 1.0, 'noise=0.1;missing=0.0': 0.990079365079365, 'noise=0.1;missing=0.2': 0.9839901477832511, 'noise=0.2;missing=0.0': 0.9107142857142857, 'noise=0.2;missing=0.2': 0.8965517241379309}",0.8717948717948718,0.05128205128205128,7,7,16,2.0625,0.26666666666666666,3,0.9166666666666666,1.1875000000000002,0.6220538720538721,4.020926316000352,"{2: 15, 3: 1}",16,0.0,0.26785416666666667
0.9696223316912972,0.875,0.9696223316912972,"{0.0: 1.0, 0.1: 0.9892583470169678, 0.2: 0.9196086480569239}","{'noise=0.0;missing=0.0': 1.0, 'noise=0.0;missing=0.2': 1.0, 'noise=0.1;missing=0.0': 0.9920634920634921, 'noise=0.1;missing=0.2': 0.9864532019704433, 'noise=0.2;missing=0.0': 0.9365079365079365, 'noise=0.2;missing=0.2': 0.9027093596059113}",0.8589743589743589,0.0641025641025641,7,7,14,2.142857142857143,0.23333333333333334,4,0.8333333333333334,0.9166666666666666,0.5888888888888889,4.106890595608519,"{2: 13, 4: 1}",14,0.0,0.23670039682539684
0.9693258529465426,0.8809523809523809,0.9693258529465426,"{0.0: 1.0, 0.1: 0.9824507389162562, 0.2: 0.9255268199233716}","{'noise=0.0;missing=0.0': 1.0, 'noise=0.0;missing=0.2': 1.0, 'noise=0.1;missing=0.0': 0.9821428571428571, 'noise=0.1;missing=0.2': 0.982758620689655, 'noise=0.2;missing=0.0': 0.9384920634920634, 'noise=0.2;missing=0.2': 0.9125615763546797}",0.8846153846153846,0.0641025641025641,7,7,17,2.3529411764705883,0.2833333333333333,5,1.1111111111111112,1.5987654320987654,0.5680555555555555,4.222573883611435,"{2: 13, 3: 2, 4: 2}",17,0.0,0.28577299685306223
0.9744914249224594,0.8869047619047619,0.9744914249224594,"{0.0: 1.0, 0.1: 0.9886083743842364, 0.2: 0.9348659003831418}","{'noise=0.0;missing=0.0': 1.0, 'noise=0.0;missing=0.2': 1.0, 'noise=0.1;missing=0.0': 0.9821428571428571, 'noise=0.1;missing=0.2': 0.9950738916256158, 'noise=0.2;missing=0.0': 0.9325396825396826, 'noise=0.2;missing=0.2': 0.9371921182266009}",0.8589743589743589,0.07692307692307693,7,7,18,2.1666666666666665,0.3,5,1.0833333333333333,1.4652777777777777,0.5434472934472935,4.279779630429591,"{2: 16, 3: 1, 4: 1}",18,0.0,0.3002905092592592
0.9695539135194308,0.8809523809523809,0.9695539135194308,"{0.0: 1.0, 0.1: 0.9873768472906405, 0.2: 0.9212848932676518}","{'noise=0.0;missing=0.0': 1.0, 'noise=0.0;missing=0.2': 1.0, 'noise=0.1;missing=0.0': 0.9821428571428571, 'noise=0.1;missing=0.2': 0.9926108374384236, 'noise=0.2;missing=0.0': 0.9226190476190476, 'noise=0.2;missing=0.2': 0.9199507389162561}",0.8846153846153846,0.0641025641025641,7,7,17,2.176470588235294,0.2833333333333333,4,1.0277777777777777,1.1936728395061729,0.5653153153153153,4.229327351940021,"{2: 15, 3: 1, 4: 1}",17,0.0,0.28447999122488504
0.9602034300310162,0.8630952380952381,0.9602034300310162,"{0.0: 1.0, 0.1: 0.9808087027914614, 0.2: 0.8998015873015872}","{'noise=0.0;missing=0.0': 1.0, 'noise=0.0;missing=0.2': 1.0, 'noise=0.1;missing=0.0': 0.9702380952380951, 'noise=0.1;missing=0.2': 0.9913793103448276, 'noise=0.2;missing=0.0': 0.9067460317460316, 'noise=0.2;missing=0.2': 0.8928571428571427}",0.8461538461538461,0.05128205128205128,7,7,11,2.1818181818181817,0.18333333333333332,4,0.6666666666666666,1.0000000000000002,0.7106481481481481,3.636842188131012,"{2: 10, 4: 1}",11,0.0,0.18948484848484848
0.9744914249224594,0.8869047619047619,0.9744914249224594,"{0.0: 1.0, 0.1: 0.9886083743842364, 0.2: 0.9348659003831418}","{'noise=0.0;missing=0.0': 1.0, 'noise=0.0;missing=0.2': 1.0, 'noise=0.1;missing=0.0': 0.9821428571428571, 'noise=0.1;missing=0.2': 0.9950738916256158, 'noise=0.2;missing=0.0': 0.9325396825396826, 'noise=0.2;missing=0.2': 0.9371921182266009}",0.8589743589743589,0.07692307692307693,7,7,19,2.263157894736842,0.31666666666666665,5,1.1944444444444444,1.5455246913580245,0.5239018087855297,4.357098046538445,"{2: 16, 3: 1, 4: 2}",19,0.0,0.31680729505089883
0.9686986863711001,0.875,0.9686986863711001,"{0.0: 1.0, 0.1: 0.9813560481663931, 0.2: 0.9247400109469074}","{'noise=0.0;missing=0.0': 1.0, 'noise=0.0;missing=0.2': 1.0, 'noise=0.1;missing=0.0': 0.986111111111111, 'noise=0.1;missing=0.2': 0.9766009852216749, 'noise=0.2;missing=0.0': 0.9603174603174603, 'noise=0.2;missing=0.2': 0.8891625615763548}",0.8717948717948718,0.07692307692307693,7,7,13,2.076923076923077,0.21666666666666667,5,0.75,1.0763888888888888,0.6347736625514403,3.9265716511782727,"{2: 12, 3: 1}",13,0.0,0.22043580840455843
0.9679460864805692,0.8630952380952381,0.9679460864805692,"{0.0: 1.0, 0.1: 0.9849137931034483, 0.2: 0.9189244663382594}","{'noise=0.0;missing=0.0': 1.0, 'noise=0.0;missing=0.2': 1.0, 'noise=0.1;missing=0.0': 0.9821428571428571, 'noise=0.1;missing=0.2': 0.9876847290640394, 'noise=0.2;missing=0.0': 0.9166666666666666, 'noise=0.2;missing=0.2': 0.9211822660098522}",0.8333333333333334,0.07692307692307693,7,7,17,2.235294117647059,0.2833333333333333,5,1.0555555555555556,1.7191358024691357,0.6286549707602339,4.02780835616463,"{2: 14, 3: 2, 4: 1}",17,0.0,0.284976065117405
0.9650269111476009,0.8690476190476191,0.9650269111476009,"{0.0: 1.0, 0.1: 0.9870347564313082, 0.2: 0.9080459770114943}","{'noise=0.0;missing=0.0': 1.0, 'noise=0.0;missing=0.2': 1.0, 'noise=0.1;missing=0.0': 0.990079365079365, 'noise=0.1;missing=0.2': 0.9839901477832511, 'noise=0.2;missing=0.0': 0.9047619047619045, 'noise=0.2;missing=0.2': 0.9113300492610837}",0.8846153846153846,0.0641025641025641,7,7,14,2.142857142857143,0.23333333333333334,4,0.8333333333333334,1.0833333333333333,0.6314814814814815,3.9898980954642873,"{2: 13, 4: 1}",14,0.0,0.2367281746031746
0.9620507206714104,0.8511904761904762,0.9620507206714104,"{0.0: 1.0, 0.1: 0.9840585659551176, 0.2: 0.9020935960591133}","{'noise=0.0;missing=0.0': 1.0, 'noise=0.0;missing=0.2': 1.0, 'noise=0.1;missing=0.0': 0.9841269841269842, 'noise=0.1;missing=0.2': 0.9839901477832511, 'noise=0.2;missing=0.0': 0.8928571428571429, 'noise=0.2;missing=0.2': 0.9113300492610837}",0.8333333333333334,0.05128205128205128,7,7,12,2.0,0.2,3,0.6666666666666666,0.7777777777777778,0.6643518518518519,3.8035088547976783,{2: 12},12,0.0,0.20401851851851852
0.9588350665936871,0.8452380952380952,0.9588350665936871,"{0.0: 1.0, 0.1: 0.977832512315271, 0.2: 0.898672687465791}","{'noise=0.0;missing=0.0': 1.0, 'noise=0.0;missing=0.2': 1.0, 'noise=0.1;missing=0.0': 0.9642857142857143, 'noise=0.1;missing=0.2': 0.9913793103448276, 'noise=0.2;missing=0.0': 0.9007936507936508, 'noise=0.2;missing=0.2': 0.8965517241379309}",0.8076923076923077,0.038461538461538464,7,7,12,2.1666666666666665,0.2,4,0.7222222222222222,1.0339506172839503,0.6858974358974359,3.748328660365574,"{2: 11, 4: 1}",12,0.0,0.20521862139917696
0.9692118226600984,0.8809523809523809,0.9692118226600984,"{0.0: 1.0, 0.1: 0.9873768472906405, 0.2: 0.920258620689655}","{'noise=0.0;missing=0.0': 1.0, 'noise=0.0;missing=0.2': 1.0, 'noise=0.1;missing=0.0': 0.9821428571428571, 'noise=0.1;missing=0.2': 0.9926108374384236, 'noise=0.2;missing=0.0': 0.9107142857142857, 'noise=0.2;missing=0.2': 0.9298029556650246}",0.8974358974358975,0.0641025641025641,7,7,17,2.176470588235294,0.2833333333333333,4,1.0277777777777777,1.0825617283950617,0.5217717717717718,4.344588500764086,"{2: 15, 3: 1, 4: 1}",17,0.0,0.2844614727063665
0.9635673234811166,0.8571428571428571,0.9635673234811166,"{0.0: 1.0, 0.1: 0.9890188834154351, 0.2: 0.9016830870279147}","{'noise=0.0;missing=0.0': 1.0, 'noise=0.0;missing=0.2': 1.0, 'noise=0.1;missing=0.0': 0.9940476190476192, 'noise=0.1;missing=0.2': 0.9839901477832511, 'noise=0.2;missing=0.0': 0.9166666666666667, 'noise=0.2;missing=0.2': 0.8866995073891626}",0.8846153846153846,0.07692307692307693,7,7,15,2.1333333333333333,0.25,4,0.8888888888888888,1.0987654320987656,0.609375,4.038909765557392,"{2: 13, 3: 2}",15,0.0,0.25249794238683126
0.9607507754059478,0.8630952380952381,0.9607507754059478,"{0.0: 1.0, 0.1: 0.9927134646962232, 0.2: 0.8895388615216201}","{'noise=0.0;missing=0.0': 1.0, 'noise=0.0;missing=0.2': 1.0, 'noise=0.1;missing=0.0': 0.9940476190476192, 'noise=0.1;missing=0.2': 0.9913793103448276, 'noise=0.2;missing=0.0': 0.8948412698412698, 'noise=0.2;missing=0.2': 0.8842364532019704}",0.8589743589743589,0.05128205128205128,7,7,11,2.0,0.18333333333333332,3,0.6111111111111112,0.7376543209876544,0.6893939393939394,3.6978458230844122,{2: 11},11,0.0,0.18817849794238684
0.9744914249224594,0.8869047619047619,0.9744914249224594,"{0.0: 1.0, 0.1: 0.9886083743842364, 0.2: 0.9348659003831418}","{'noise=0.0;missing=0.0': 1.0, 'noise=0.0;missing=0.2': 1.0, 'noise=0.1;missing=0.0': 0.9821428571428571, 'noise=0.1;missing=0.2': 0.9950738916256158, 'noise=0.2;missing=0.0': 0.9325396825396826, 'noise=0.2;missing=0.2': 0.9371921182266009}",0.8589743589743589,0.07692307692307693,7,7,18,2.2777777777777777,0.3,5,1.1388888888888888,1.2862654320987654,0.5060975609756098,4.391463212558649,"{2: 15, 3: 1, 4: 2}",18,0.0,0.30103227880658434
0.9580140485312899,0.8392857142857143,0.9580140485312899,"{0.0: 1.0, 0.1: 0.9781061850027368, 0.2: 0.8959359605911329}","{'noise=0.0;missing=0.0': 1.0, 'noise=0.0;missing=0.2': 1.0, 'noise=0.1;missing=0.0': 0.9722222222222222, 'noise=0.1;missing=0.2': 0.9839901477832511, 'noise=0.2;missing=0.0': 0.8928571428571429, 'noise=0.2;missing=0.2': 0.8990147783251231}",0.8205128205128205,0.05128205128205128,7,7,11,2.1818181818181817,0.18333333333333332,3,0.6666666666666666,0.8888888888888888,0.6944444444444444,3.6887218755408675,"{2: 10, 4: 1}",11,0.0,0.18946632996632995
0.9692118226600984,0.8809523809523809,0.9692118226600984,"{0.0: 1.0, 0.1: 0.9873768472906405, 0.2: 0.920258620689655}","{'noise=0.0;missing=0.0': 1.0, 'noise=0.0;missing=0.2': 1.0, 'noise=0.1;missing=0.0': 0.9821428571428571, 'noise=0.1;missing=0.2': 0.9926108374384236, 'noise=0.2;missing=0.0': 0.9107142857142857, 'noise=0.2;missing=0.2': 0.9298029556650246}",0.8974358974358975,0.0641025641025641,7,7,16,2.3125,0.26666666666666666,4,1.0277777777777777,1.193672839506173,0.5518018018018018,4.270132081786694,"{2: 13, 3: 1, 4: 2}",16,0.0,0.26959130658436214
0.960112205801861,0.8452380952380952,0.960112205801861,"{0.0: 1.0, 0.1: 0.9741379310344828, 0.2: 0.9061986863711002}","{'noise=0.0;missing=0.0': 1.0, 'noise=0.0;missing=0.2': 1.0, 'noise=0.1;missing=0.0': 0.9642857142857143, 'noise=0.1;missing=0.2': 0.9839901477832511, 'noise=0.2;missing=0.0': 0.9047619047619049, 'noise=0.2;missing=0.2': 0.9076354679802955}",0.8205128205128205,0.05128205128205128,7,7,12,2.1666666666666665,0.2,3,0.7222222222222222,0.9783950617283951,0.6816239316239316,3.767183467891461,"{2: 11, 4: 1}",12,0.0,0.20520936213991772
0.9714126071884692,0.875,0.9714126071884692,"{0.0: 1.0, 0.1: 0.9886083743842364, 0.2: 0.9256294471811712}","{'noise=0.0;missing=0.0': 1.0, 'noise=0.0;missing=0.2': 1.0, 'noise=0.1;missing=0.0': 0.9821428571428571, 'noise=0.1;missing=0.2': 0.9950738916256158, 'noise=0.2;missing=0.0': 0.9325396825396826, 'noise=0.2;missing=0.2': 0.9187192118226601}",0.8461538461538461,0.07692307692307693,7,7,17,2.235294117647059,0.2833333333333333,6,1.0555555555555556,1.8302469135802468,0.631578947368421,4.0105709342684825,"{2: 14, 3: 2, 4: 1}",17,0.0,0.2849945836359235
0.9582763181901113,0.8511904761904762,0.9582763181901113,"{0.0: 1.0, 0.1: 0.9837848932676518, 0.2: 0.8910440613026819}","{'noise=0.0;missing=0.0': 1.0, 'noise=0.0;missing=0.2': 1.0, 'noise=0.1;missing=0.0': 0.9761904761904763, 'noise=0.1;missing=0.2': 0.9913793103448276, 'noise=0.2;missing=0.0': 0.9027777777777778, 'noise=0.2;missing=0.2': 0.8793103448275861}",0.8461538461538461,0.038461538461538464,7,7,13,2.1538461538461537,0.21666666666666667,4,0.7777777777777778,1.228395061728395,0.6845238095238095,3.780394654123195,"{2: 12, 4: 1}",13,0.0,0.22099533080088637
0.9561781609195404,0.8452380952380952,0.9561781609195404,"{0.0: 1.0, 0.1: 0.9877531472359059, 0.2: 0.8807813355227149}","{'noise=0.0;missing=0.0': 1.0, 'noise=0.0;missing=0.2': 1.0, 'noise=0.1;missing=0.0': 0.9841269841269842, 'noise=0.1;missing=0.2': 0.9913793103448276, 'noise=0.2;missing=0.0': 0.8908730158730158, 'noise=0.2;missing=0.2': 0.8706896551724137}",0.8461538461538461,0.038461538461538464,7,7,10,2.2,0.16666666666666666,4,0.6111111111111112,0.9598765432098766,0.7348484848484849,3.5160276412662306,"{2: 9, 4: 1}",10,0.0,0.1737710905349794
0.9622331691297207,0.8571428571428571,0.9622331691297207,"{0.0: 1.0, 0.1: 0.9800903119868637, 0.2: 0.9066091954022989}","{'noise=0.0;missing=0.0': 1.0, 'noise=0.0;missing=0.2': 1.0, 'noise=0.1;missing=0.0': 0.9761904761904763, 'noise=0.1;missing=0.2': 0.9839901477832511, 'noise=0.2;missing=0.0': 0.9166666666666666, 'noise=0.2;missing=0.2': 0.8965517241379309}",0.8589743589743589,0.05128205128205128,7,7,12,2.1666666666666665,0.2,4,0.7222222222222222,1.0895061728395061,0.6965811965811965,3.7192945256669794,"{2: 11, 4: 1}",12,0.0,0.20522788065843622
0.9614349571246124,0.8571428571428571,0.9614349571246124,"{0.0: 1.0, 0.1: 0.9956896551724138, 0.2: 0.888615216201423}","{'noise=0.0;missing=0.0': 1.0, 'noise=0.0;missing=0.2': 1.0, 'noise=0.1;missing=0.0': 1.0, 'noise=0.1;missing=0.2': 0.9913793103448276, 'noise=0.2;missing=0.0': 0.8769841269841271, 'noise=0.2;missing=0.2': 0.9002463054187192}",0.8461538461538461,0.038461538461538464,7,7,13,2.1538461538461537,0.21666666666666667,3,0.7777777777777778,0.7839506172839507,0.5892857142857143,4.110577243331642,"{2: 12, 4: 1}",13,0.0,0.2209212567268123
0.9690977923736545,0.8809523809523809,0.9690977923736545,"{0.0: 1.0, 0.1: 0.9913451012588944, 0.2: 0.9159482758620688}","{'noise=0.0;missing=0.0': 1.0, 'noise=0.0;missing=0.2': 1.0, 'noise=0.1;missing=0.0': 0.990079365079365, 'noise=0.1;missing=0.2': 0.9926108374384236, 'noise=0.2;missing=0.0': 0.9107142857142856, 'noise=0.2;missing=0.2': 0.9211822660098522}",0.8974358974358975,0.0641025641025641,7,7,18,2.3333333333333335,0.3,4,1.1666666666666667,1.1944444444444444,0.49867724867724866,4.421962958441535,"{2: 14, 3: 2, 4: 2}",18,0.0,0.3014027777777778
