average_recovery_accuracy,exact_match_accuracy,noise_robustness,accuracy_by_noise,accuracy_by_noise_and_missing,close_pattern_discrimination,close_pattern_confusion_rate,close_pair_count,close_pattern_distance,hyperedge_count,average_hyperedge_size,density,max_vertex_degree,mean_vertex_degree,vertex_degree_variance,degree_gini,degree_entropy,hyperedge_size_histogram,selected_hyperedges,constraint_penalty,complexity_objective
0.968105728881591,0.8809523809523809,0.968105728881591,"{0.0: 1.0, 0.1: 0.9734879584017515, 0.2: 0.9308292282430213}","{'noise=0.0;missing=0.0': 1.0, 'noise=0.0;missing=0.2': 1.0, 'noise=0.1;missing=0.0': 0.9543650793650793, 'noise=0.1;missing=0.2': 0.9926108374384236, 'noise=0.2;missing=0.0': 0.9404761904761906, 'noise=0.2;missing=0.2': 0.9211822660098522}",0.9,0.016666666666666666,5,7,30,2.4,0.5,9,2.0,4.055555555555555,0.4992283950617284,4.506206862842838,"{2: 22, 3: 4, 4: 4}",30,0.0,0.49234259259259255
0.948036398467433,0.8273809523809523,0.948036398467433,"{0.0: 1.0, 0.1: 0.9649356869184456, 0.2: 0.8791735084838532}","{'noise=0.0;missing=0.0': 1.0, 'noise=0.0;missing=0.2': 1.0, 'noise=0.1;missing=0.0': 0.9384920634920635, 'noise=0.1;missing=0.2': 0.9913793103448276, 'noise=0.2;missing=0.0': 0.8531746031746031, 'noise=0.2;missing=0.2': 0.9051724137931034}",0.9,0.03333333333333333,5,7,26,2.423076923076923,0.43333333333333335,9,1.75,3.3541666666666665,0.5074955908289241,4.456430121466185,"{2: 18, 3: 5, 4: 3}",26,0.0,0.42905261752136753
0.9646962233169131,0.875,0.9646962233169131,"{0.0: 1.0, 0.1: 0.9723932676518884, 0.2: 0.9216954022988506}","{'noise=0.0;missing=0.0': 1.0, 'noise=0.0;missing=0.2': 1.0, 'noise=0.1;missing=0.0': 0.9583333333333334, 'noise=0.1;missing=0.2': 0.9864532019704433, 'noise=0.2;missing=0.0': 0.9345238095238095, 'noise=0.2;missing=0.2': 0.9088669950738916}",0.8666666666666667,0.03333333333333333,5,7,31,2.3548387096774195,0.5166666666666667,7,2.0277777777777777,3.1381172839506166,0.4661339421613394,4.598660477805756,"{2: 23, 3: 5, 4: 3}",31,1.0,0.5077093994756405
0.9536694946177704,0.8452380952380952,0.9536694946177704,"{0.0: 1.0, 0.1: 0.9676039956212369, 0.2: 0.8934044882320744}","{'noise=0.0;missing=0.0': 1.0, 'noise=0.0;missing=0.2': 1.0, 'noise=0.1;missing=0.0': 0.9623015873015872, 'noise=0.1;missing=0.2': 0.9729064039408867, 'noise=0.2;missing=0.0': 0.8730158730158731, 'noise=0.2;missing=0.2': 0.9137931034482759}",0.8166666666666667,0.03333333333333333,5,7,34,2.3823529411764706,0.5666666666666667,7,2.25,3.5208333333333335,0.4619341563786008,4.59416987428885,"{2: 23, 3: 9, 4: 2}",34,4.0,0.5554642565359478
0.9562921912059843,0.8452380952380952,0.9562921912059843,"{0.0: 1.0, 0.1: 0.9740010946907498, 0.2: 0.894875478927203}","{'noise=0.0;missing=0.0': 1.0, 'noise=0.0;missing=0.2': 1.0, 'noise=0.1;missing=0.0': 0.9603174603174603, 'noise=0.1;missing=0.2': 0.9876847290640394, 'noise=0.2;missing=0.0': 0.871031746031746, 'noise=0.2;missing=0.2': 0.9187192118226601}",0.8666666666666667,0.05,5,7,25,2.36,0.4166666666666667,9,1.6388888888888888,4.008487654320986,0.582391713747646,4.233486694342387,"{2: 17, 3: 7, 4: 1}",25,0.0,0.4128903034979424
0.9598841452289728,0.8630952380952381,0.9598841452289728,"{0.0: 1.0, 0.1: 0.9783456486042693, 0.2: 0.9013067870826491}","{'noise=0.0;missing=0.0': 1.0, 'noise=0.0;missing=0.2': 1.0, 'noise=0.1;missing=0.0': 0.9702380952380951, 'noise=0.1;missing=0.2': 0.9864532019704433, 'noise=0.2;missing=0.0': 0.878968253968254, 'noise=0.2;missing=0.2': 0.9236453201970444}",0.8833333333333333,0.05,5,7,30,2.433333333333333,0.5,11,2.0277777777777777,4.693672839506173,0.508751902587519,4.448875103473611,"{2: 20, 3: 7, 4: 3}",30,0.0,0.4926804269547325
0.9494161649334062,0.8273809523809523,0.9494161649334062,"{0.0: 1.0, 0.1: 0.9744458128078818, 0.2: 0.8738026819923371}","{'noise=0.0;missing=0.0': 1.0, 'noise=0.0;missing=0.2': 1.0, 'noise=0.1;missing=0.0': 0.9821428571428571, 'noise=0.1;missing=0.2': 0.9667487684729065, 'noise=0.2;missing=0.0': 0.8670634920634921, 'noise=0.2;missing=0.2': 0.8805418719211823}",0.8333333333333334,0.016666666666666666,5,7,31,2.4193548387096775,0.5166666666666667,10,2.0833333333333335,3.687499999999999,0.45222222222222225,4.592254364875275,"{2: 21, 3: 7, 4: 3}",31,1.0,0.5082489919354839
0.9599867724867724,0.8511904761904762,0.9599867724867724,"{0.0: 1.0, 0.1: 0.9688013136288999, 0.2: 0.9111590038314176}","{'noise=0.0;missing=0.0': 1.0, 'noise=0.0;missing=0.2': 1.0, 'noise=0.1;missing=0.0': 0.9523809523809524, 'noise=0.1;missing=0.2': 0.9852216748768472, 'noise=0.2;missing=0.0': 0.9146825396825397, 'noise=0.2;missing=0.2': 0.9076354679802956}",0.85,0.05,5,7,33,2.393939393939394,0.55,13,2.1944444444444446,6.101080246913582,0.5158227848101266,4.444290825958047,"{2: 23, 3: 7, 4: 3}",33,3.0,0.540141425832398
0.9609332238642584,0.875,0.9609332238642584,"{0.0: 1.0, 0.1: 0.9897372742200329, 0.2: 0.8930623973727422}","{'noise=0.0;missing=0.0': 1.0, 'noise=0.0;missing=0.2': 1.0, 'noise=0.1;missing=0.0': 0.988095238095238, 'noise=0.1;missing=0.2': 0.9913793103448276, 'noise=0.2;missing=0.0': 0.8809523809523808, 'noise=0.2;missing=0.2': 0.9051724137931034}",0.9,0.0,5,7,27,2.5185185185185186,0.45,8,1.8888888888888888,3.487654320987654,0.49754901960784315,4.504393128136449,"{2: 16, 3: 8, 4: 3}",27,0.0,0.44557098765432096
0.953407224958949,0.8511904761904762,0.953407224958949,"{0.0: 1.0, 0.1: 0.9713327859879585, 0.2: 0.888888888888889}","{'noise=0.0;missing=0.0': 1.0, 'noise=0.0;missing=0.2': 1.0, 'noise=0.1;missing=0.0': 0.9722222222222222, 'noise=0.1;missing=0.2': 0.9704433497536947, 'noise=0.2;missing=0.0': 0.8492063492063491, 'noise=0.2;missing=0.2': 0.9285714285714286}",0.8833333333333333,0.016666666666666666,5,7,26,2.5384615384615383,0.43333333333333335,8,1.8333333333333333,2.972222222222222,0.4764309764309764,4.532660217679404,"{2: 16, 3: 6, 4: 4}",26,0.0,0.4297902421652422
0.9538405400474365,0.8452380952380952,0.9538405400474365,"{0.0: 1.0, 0.1: 0.9731800766283525, 0.2: 0.8883415435139573}","{'noise=0.0;missing=0.0': 1.0, 'noise=0.0;missing=0.2': 1.0, 'noise=0.1;missing=0.0': 0.9722222222222222, 'noise=0.1;missing=0.2': 0.9741379310344828, 'noise=0.2;missing=0.0': 0.869047619047619, 'noise=0.2;missing=0.2': 0.9076354679802956}",0.9,0.03333333333333333,5,7,30,2.466666666666667,0.5,8,2.0555555555555554,3.219135802469136,0.45795795795795796,4.609404338684248,"{2: 20, 3: 6, 4: 4}",30,0.0,0.49266615226337446
0.9564974457215837,0.8511904761904762,0.9564974457215837,"{0.0: 1.0, 0.1: 0.9704091406677613, 0.2: 0.8990831964969895}","{'noise=0.0;missing=0.0': 1.0, 'noise=0.0;missing=0.2': 1.0, 'noise=0.1;missing=0.0': 0.9543650793650793, 'noise=0.1;missing=0.2': 0.9864532019704433, 'noise=0.2;missing=0.0': 0.8769841269841269, 'noise=0.2;missing=0.2': 0.9211822660098523}",0.8166666666666667,0.05,5,7,31,2.3548387096774195,0.5166666666666667,6,2.0277777777777777,3.193672839506173,0.4920091324200913,4.494992032676024,"{2: 22, 3: 7, 4: 2}",31,1.0,0.5077186587348997
0.9620849297573437,0.8690476190476191,0.9620849297573437,"{0.0: 1.0, 0.1: 0.9840243568691845, 0.2: 0.9022304324028462}","{'noise=0.0;missing=0.0': 1.0, 'noise=0.0;missing=0.2': 1.0, 'noise=0.1;missing=0.0': 0.9742063492063492, 'noise=0.1;missing=0.2': 0.9938423645320197, 'noise=0.2;missing=0.0': 0.8968253968253969, 'noise=0.2;missing=0.2': 0.9076354679802956}",0.8333333333333334,0.05,5,7,27,2.2962962962962963,0.45,8,1.7222222222222223,2.589506172839507,0.46774193548387094,4.544775697721485,"{2: 21, 3: 4, 4: 2}",27,0.0,0.44387808641975307
0.9589947089947092,0.8571428571428571,0.9589947089947092,"{0.0: 1.0, 0.1: 0.9768404488232074, 0.2: 0.9001436781609194}","{'noise=0.0;missing=0.0': 1.0, 'noise=0.0;missing=0.2': 1.0, 'noise=0.1;missing=0.0': 0.9623015873015872, 'noise=0.1;missing=0.2': 0.9913793103448276, 'noise=0.2;missing=0.0': 0.8988095238095237, 'noise=0.2;missing=0.2': 0.9014778325123153}",0.8666666666666667,0.05,5,7,37,2.4324324324324325,0.6166666666666667,11,2.5,6.138888888888889,0.49753086419753084,4.528996354783697,"{2: 25, 3: 8, 4: 4}",37,7.0,0.6037483733733734
0.955391351943076,0.8511904761904762,0.955391351943076,"{0.0: 1.0, 0.1: 0.9708880678708265, 0.2: 0.8952859879584018}","{'noise=0.0;missing=0.0': 1.0, 'noise=0.0;missing=0.2': 1.0, 'noise=0.1;missing=0.0': 0.9503968253968254, 'noise=0.1;missing=0.2': 0.9913793103448276, 'noise=0.2;missing=0.0': 0.8829365079365079, 'noise=0.2;missing=0.2': 0.9076354679802956}",0.8833333333333333,0.0,5,7,30,2.4,0.5,10,2.0,4.833333333333333,0.5285493827160493,4.3905759189637745,"{2: 20, 3: 8, 4: 2}",30,0.0,0.4924722222222222
0.949940704251049,0.8392857142857143,0.949940704251049,"{0.0: 1.0, 0.1: 0.9731116584564861, 0.2: 0.8767104542966612}","{'noise=0.0;missing=0.0': 1.0, 'noise=0.0;missing=0.2': 1.0, 'noise=0.1;missing=0.0': 0.9523809523809523, 'noise=0.1;missing=0.2': 0.9938423645320197, 'noise=0.2;missing=0.0': 0.8531746031746031, 'noise=0.2;missing=0.2': 0.9002463054187194}",0.8166666666666667,0.016666666666666666,5,7,31,2.3225806451612905,0.5166666666666667,9,2.0,3.611111111111111,0.48996913580246915,4.515304391065804,"{2: 24, 3: 4, 4: 3}",31,1.0,0.5075642174432496
0.9543650793650793,0.8392857142857143,0.9543650793650793,"{0.0: 1.0, 0.1: 0.9598727422003284, 0.2: 0.9032224958949097}","{'noise=0.0;missing=0.0': 1.0, 'noise=0.0;missing=0.2': 1.0, 'noise=0.1;missing=0.0': 0.9345238095238094, 'noise=0.1;missing=0.2': 0.9852216748768472, 'noise=0.2;missing=0.0': 0.8988095238095237, 'noise=0.2;missing=0.2': 0.9076354679802956}",0.8666666666666667,0.016666666666666666,5,7,33,2.4545454545454546,0.55,8,2.25,4.631944444444445,0.5113168724279835,4.4793163682644055,"{2: 21, 3: 9, 4: 3}",33,3.0,0.5403174452861953
0.9634875022806058,0.875,0.9634875022806058,"{0.0: 1.0, 0.1: 0.9799534756431308, 0.2: 0.9105090311986864}","{'noise=0.0;missing=0.0': 1.0, 'noise=0.0;missing=0.2': 1.0, 'noise=0.1;missing=0.0': 0.9722222222222222, 'noise=0.1;missing=0.2': 0.9876847290640394, 'noise=0.2;missing=0.0': 0.9047619047619048, 'noise=0.2;missing=0.2': 0.916256157635468}",0.8833333333333333,0.03333333333333333,5,7,29,2.5172413793103448,0.48333333333333334,8,2.0277777777777777,3.0825617283950617,0.4509132420091324,4.605595237075299,"{2: 18, 3: 7, 4: 4}",29,0.0,0.4771612698666099
0.9627006933041415,0.875,0.9627006933041415,"{0.0: 1.0, 0.1: 0.986111111111111, 0.2: 0.9019909688013136}","{'noise=0.0;missing=0.0': 1.0, 'noise=0.0;missing=0.2': 1.0, 'noise=0.1;missing=0.0': 0.9722222222222222, 'noise=0.1;missing=0.2': 1.0, 'noise=0.2;missing=0.0': 0.8988095238095237, 'noise=0.2;missing=0.2': 0.9051724137931034}",0.8666666666666667,0.0,5,7,26,2.3846153846153846,0.43333333333333335,6,1.7222222222222223,1.9783950617283956,0.4292114695340502,4.661632350912397,"{2: 20, 3: 2, 4: 4}",26,0.0,0.4285562282367838
0.9523353402663747,0.8452380952380952,0.9523353402663747,"{0.0: 1.0, 0.1: 0.9790640394088671, 0.2: 0.8779419813902573}","{'noise=0.0;missing=0.0': 1.0, 'noise=0.0;missing=0.2': 1.0, 'noise=0.1;missing=0.0': 0.9642857142857143, 'noise=0.1;missing=0.2': 0.9938423645320197, 'noise=0.2;missing=0.0': 0.8531746031746031, 'noise=0.2;missing=0.2': 0.9027093596059113}",0.8666666666666667,0.0,5,7,33,2.393939393939394,0.55,8,2.1944444444444446,4.101080246913581,0.479957805907173,4.55183609002637,"{2: 23, 3: 7, 4: 3}",33,3.0,0.5398080924990647
0.9627349023900749,0.875,0.9627349023900749,"{0.0: 1.0, 0.1: 0.979816639299398, 0.2: 0.9083880678708266}","{'noise=0.0;missing=0.0': 1.0, 'noise=0.0;missing=0.2': 1.0, 'noise=0.1;missing=0.0': 0.9682539682539683, 'noise=0.1;missing=0.2': 0.9913793103448276, 'noise=0.2;missing=0.0': 0.8968253968253969, 'noise=0.2;missing=0.2': 0.9199507389162561}",0.9,0.016666666666666666,5,7,29,2.413793103448276,0.48333333333333334,9,1.9444444444444444,4.1080246913580245,0.5341269841269841,4.402966018492748,"{2: 21, 3: 4, 4: 4}",29,0.0,0.47661378955583933
0.9654602262360883,0.8869047619047619,0.9654602262360883,"{0.0: 1.0, 0.1: 0.9811507936507936, 0.2: 0.9152298850574712}","{'noise=0.0;missing=0.0': 1.0, 'noise=0.0;missing=0.2': 1.0, 'noise=0.1;missing=0.0': 0.9623015873015872, 'noise=0.1;missing=0.2': 1.0, 'noise=0.2;missing=0.0': 0.9166666666666666, 'noise=0.2;missing=0.2': 0.9137931034482758}",0.8833333333333333,0.0,5,7,28,2.3214285714285716,0.4666666666666667,6,1.8055555555555556,2.323302469135802,0.45256410256410257,4.610850798230694,"{2: 22, 3: 3, 4: 3}",28,0.0,0.4598415821575544
0.9590973362525087,0.8571428571428571,0.9590973362525087,"{0.0: 1.0, 0.1: 0.9648330596606459, 0.2: 0.9124589490968802}","{'noise=0.0;missing=0.0': 1.0, 'noise=0.0;missing=0.2': 1.0, 'noise=0.1;missing=0.0': 0.9444444444444444, 'noise=0.1;missing=0.2': 0.9852216748768472, 'noise=0.2;missing=0.0': 0.8988095238095237, 'noise=0.2;missing=0.2': 0.9261083743842364}",0.85,0.016666666666666666,5,7,30,2.4,0.5,8,2.0,3.4444444444444446,0.4799382716049383,4.5595314333579475,"{2: 21, 3: 6, 4: 3}",30,0.0,0.4922407407407407
0.9644567597153805,0.8690476190476191,0.9644567597153805,"{0.0: 1.0, 0.1: 0.9772509578544062, 0.2: 0.9161193212917352}","{'noise=0.0;missing=0.0': 1.0, 'noise=0.0;missing=0.2': 1.0, 'noise=0.1;missing=0.0': 0.9742063492063492, 'noise=0.1;missing=0.2': 0.980295566502463, 'noise=0.2;missing=0.0': 0.9246031746031746, 'noise=0.2;missing=0.2': 0.9076354679802956}",0.8333333333333334,0.05,5,7,32,2.375,0.5333333333333333,11,2.111111111111111,4.432098765432099,0.4824561403508772,4.524932766146332,"{2: 23, 3: 6, 4: 3}",32,2.0,0.5238984053497941
0.9557562488596971,0.8511904761904762,0.9557562488596971,"{0.0: 1.0, 0.1: 0.9831349206349207, 0.2: 0.8841338259441708}","{'noise=0.0;missing=0.0': 1.0, 'noise=0.0;missing=0.2': 1.0, 'noise=0.1;missing=0.0': 0.9662698412698413, 'noise=0.1;missing=0.2': 1.0, 'noise=0.2;missing=0.0': 0.863095238095238, 'noise=0.2;missing=0.2': 0.9051724137931034}",0.9,0.03333333333333333,5,7,24,2.4166666666666665,0.4,9,1.6111111111111112,3.1820987654320994,0.5440613026819924,4.335502330924156,"{2: 16, 3: 6, 4: 2}",24,0.0,0.39731275720164605
0.9620051085568326,0.875,0.9620051085568326,"{0.0: 1.0, 0.1: 0.9830322933771211, 0.2: 0.9029830322933771}","{'noise=0.0;missing=0.0': 1.0, 'noise=0.0;missing=0.2': 1.0, 'noise=0.1;missing=0.0': 0.9722222222222222, 'noise=0.1;missing=0.2': 0.9938423645320197, 'noise=0.2;missing=0.0': 0.9007936507936508, 'noise=0.2;missing=0.2': 0.9051724137931034}",0.8666666666666667,0.016666666666666666,5,7,28,2.392857142857143,0.4666666666666667,6,1.8611111111111112,2.5084876543209877,0.44983416252072966,4.627229071145712,"{2: 21, 3: 3, 4: 4}",28,0.0,0.46036847810111703
0.9604885057471264,0.8571428571428571,0.9604885057471264,"{0.0: 1.0, 0.1: 0.9762588943623427, 0.2: 0.9052066228790367}","{'noise=0.0;missing=0.0': 1.0, 'noise=0.0;missing=0.2': 1.0, 'noise=0.1;missing=0.0': 0.9722222222222222, 'noise=0.1;missing=0.2': 0.980295566502463, 'noise=0.2;missing=0.0': 0.9027777777777777, 'noise=0.2;missing=0.2': 0.9076354679802956}",0.8833333333333333,0.03333333333333333,5,7,26,2.3846153846153846,0.43333333333333335,8,1.7222222222222223,3.867283950617283,0.5752688172043011,4.272249940427296,"{2: 18, 3: 6, 4: 2}",26,0.0,0.4288710430515986
0.9589034847655539,0.8630952380952381,0.9589034847655539,"{0.0: 1.0, 0.1: 0.9835796387520526, 0.2: 0.8931308155446087}","{'noise=0.0;missing=0.0': 1.0, 'noise=0.0;missing=0.2': 1.0, 'noise=0.1;missing=0.0': 0.988095238095238, 'noise=0.1;missing=0.2': 0.9790640394088671, 'noise=0.2;missing=0.0': 0.865079365079365, 'noise=0.2;missing=0.2': 0.9211822660098522}",0.8833333333333333,0.016666666666666666,5,7,28,2.5,0.4666666666666667,8,1.9444444444444444,3.6080246913580245,0.5,4.505729581348616,"{2: 17, 3: 8, 4: 3}",28,0.0,0.46129578189300413
0.9621761539864989,0.8630952380952381,0.9621761539864989,"{0.0: 1.0, 0.1: 0.9803297755883963, 0.2: 0.9061986863711002}","{'noise=0.0;missing=0.0': 1.0, 'noise=0.0;missing=0.2': 1.0, 'noise=0.1;missing=0.0': 0.9742063492063492, 'noise=0.1;missing=0.2': 0.9864532019704433, 'noise=0.2;missing=0.0': 0.9047619047619048, 'noise=0.2;missing=0.2': 0.9076354679802956}",0.8333333333333334,0.06666666666666667,5,7,30,2.3666666666666667,0.5,9,1.9722222222222223,3.3047839506172836,0.4612676056338028,4.574908562770526,"{2: 22, 3: 5, 4: 3}",30,0.0,0.491985982510288
0.959838533114395,0.8690476190476191,0.959838533114395,"{0.0: 1.0, 0.1: 0.9841269841269842, 0.2: 0.8953886152162014}","{'noise=0.0;missing=0.0': 1.0, 'noise=0.0;missing=0.2': 1.0, 'noise=0.1;missing=0.0': 0.9682539682539683, 'noise=0.1;missing=0.2': 1.0, 'noise=0.2;missing=0.0': 0.8769841269841269, 'noise=0.2;missing=0.2': 0.9137931034482758}",0.9,0.03333333333333333,5,7,25,2.36,0.4166666666666667,8,1.6388888888888888,2.841820987654321,0.5042372881355932,4.449942625413014,"{2: 18, 3: 5, 4: 2}",25,0.0,0.412695859053498
0.9657681080094873,0.8809523809523809,0.9657681080094873,"{0.0: 1.0, 0.1: 0.986384783798577, 0.2: 0.910919540229885}","{'noise=0.0;missing=0.0': 1.0, 'noise=0.0;missing=0.2': 1.0, 'noise=0.1;missing=0.0': 0.9801587301587301, 'noise=0.1;missing=0.2': 0.9926108374384236, 'noise=0.2;missing=0.0': 0.9166666666666666, 'noise=0.2;missing=0.2': 0.9051724137931034}",0.9,0.016666666666666666,5,7,28,2.5,0.4666666666666667,8,1.9444444444444444,3.8858024691358017,0.5079365079365079,4.478914625011675,"{2: 17, 3: 8, 4: 3}",28,0.0,0.46134207818930045
0.9552431125706988,0.8511904761904762,0.9552431125706988,"{0.0: 1.0, 0.1: 0.977832512315271, 0.2: 0.8878968253968255}","{'noise=0.0;missing=0.0': 1.0, 'noise=0.0;missing=0.2': 1.0, 'noise=0.1;missing=0.0': 0.9642857142857143, 'noise=0.1;missing=0.2': 0.9913793103448276, 'noise=0.2;missing=0.0': 0.8829365079365079, 'noise=0.2;missing=0.2': 0.892857142857143}",0.8666666666666667,0.016666666666666666,5,7,33,2.3333333333333335,0.55,9,2.138888888888889,4.786265432098767,0.5292207792207793,4.421706996807697,"{2: 24, 3: 7, 4: 2}",33,3.0,0.5395014146090534
0.9572158365261814,0.8630952380952381,0.9572158365261814,"{0.0: 1.0, 0.1: 0.9820402298850575, 0.2: 0.8896072796934867}","{'noise=0.0;missing=0.0': 1.0, 'noise=0.0;missing=0.2': 1.0, 'noise=0.1;missing=0.0': 0.9702380952380951, 'noise=0.1;missing=0.2': 0.9938423645320197, 'noise=0.2;missing=0.0': 0.878968253968254, 'noise=0.2;missing=0.2': 0.9002463054187194}",0.8666666666666667,0.016666666666666666,5,7,29,2.3793103448275863,0.48333333333333334,8,1.9166666666666667,3.131944444444444,0.4746376811594203,4.559338181566847,"{2: 22, 3: 3, 4: 4}",29,0.0,0.4762116459131545
0.9445698777595329,0.8333333333333334,0.9445698777595329,"{0.0: 1.0, 0.1: 0.9756431308155447, 0.2: 0.8580665024630543}","{'noise=0.0;missing=0.0': 1.0, 'noise=0.0;missing=0.2': 1.0, 'noise=0.1;missing=0.0': 0.9722222222222222, 'noise=0.1;missing=0.2': 0.9790640394088671, 'noise=0.2;missing=0.0': 0.8035714285714286, 'noise=0.2;missing=0.2': 0.9125615763546798}",0.8833333333333333,0.0,5,7,25,2.56,0.4166666666666667,8,1.7777777777777777,2.8950617283950613,0.4817708333333333,4.5198585007312415,"{2: 15, 3: 6, 4: 4}",25,0.0,0.414093621399177
0.9580824667031562,0.8571428571428571,0.9580824667031562,"{0.0: 1.0, 0.1: 0.9706828133552271, 0.2: 0.9035645867542419}","{'noise=0.0;missing=0.0': 1.0, 'noise=0.0;missing=0.2': 1.0, 'noise=0.1;missing=0.0': 0.9623015873015872, 'noise=0.1;missing=0.2': 0.9790640394088671, 'noise=0.2;missing=0.0': 0.8908730158730159, 'noise=0.2;missing=0.2': 0.916256157635468}",0.8833333333333333,0.03333333333333333,5,7,31,2.5161290322580645,0.5166666666666667,8,2.1666666666666665,3.361111111111111,0.448005698005698,4.614841160864837,"{2: 20, 3: 6, 4: 5}",31,1.0,0.5088666367980884
0.968778507571611,0.8809523809523809,0.968778507571611,"{0.0: 1.0, 0.1: 0.9794403393541325, 0.2: 0.9268951833607006}","{'noise=0.0;missing=0.0': 1.0, 'noise=0.0;missing=0.2': 1.0, 'noise=0.1;missing=0.0': 0.9662698412698413, 'noise=0.1;missing=0.2': 0.9926108374384236, 'noise=0.2;missing=0.0': 0.9424603174603174, 'noise=0.2;missing=0.2': 0.9113300492610836}",0.8666666666666667,0.05,5,7,29,2.3448275862068964,0.48333333333333334,6,1.8888888888888888,2.3765432098765427,0.4411764705882353,4.646091246127622,"{2: 22, 3: 4, 4: 3}",29,0.0,0.4758462821058606
0.9649242838898011,0.875,0.9649242838898011,"{0.0: 1.0, 0.1: 0.976464148877942, 0.2: 0.9183087027914615}","{'noise=0.0;missing=0.0': 1.0, 'noise=0.0;missing=0.2': 1.0, 'noise=0.1;missing=0.0': 0.9603174603174603, 'noise=0.1;missing=0.2': 0.9926108374384236, 'noise=0.2;missing=0.0': 0.9166666666666666, 'noise=0.2;missing=0.2': 0.9199507389162562}",0.9166666666666666,0.016666666666666666,5,7,29,2.3793103448275863,0.48333333333333334,9,1.9166666666666667,4.187499999999999,0.5269726247987118,4.419126992571088,"{2: 21, 3: 5, 4: 3}",29,0.0,0.4763875718390805
0.9548440065681444,0.8571428571428571,0.9548440065681444,"{0.0: 1.0, 0.1: 0.981048166392994, 0.2: 0.8834838533114395}","{'noise=0.0;missing=0.0': 1.0, 'noise=0.0;missing=0.2': 1.0, 'noise=0.1;missing=0.0': 0.9682539682539683, 'noise=0.1;missing=0.2': 0.9938423645320197, 'noise=0.2;missing=0.0': 0.8531746031746031, 'noise=0.2;missing=0.2': 0.9137931034482758}",0.8833333333333333,0.05,5,7,27,2.3703703703703702,0.45,10,1.7777777777777777,3.8950617283950613,0.5286458333333334,4.390723149067329,"{2: 19, 3: 6, 4: 2}",27,0.0,0.4446100823045267
0.953407224958949,0.8511904761904762,0.953407224958949,"{0.0: 1.0, 0.1: 0.9713327859879585, 0.2: 0.888888888888889}","{'noise=0.0;missing=0.0': 1.0, 'noise=0.0;missing=0.2': 1.0, 'noise=0.1;missing=0.0': 0.9722222222222222, 'noise=0.1;missing=0.2': 0.9704433497536947, 'noise=0.2;missing=0.0': 0.8492063492063491, 'noise=0.2;missing=0.2': 0.9285714285714286}",0.8833333333333333,0.016666666666666666,5,7,26,2.5,0.43333333333333335,7,1.8055555555555556,2.5455246913580245,0.45,4.615815167409678,"{2: 16, 3: 7, 4: 3}",26,0.0,0.4294520318930041
0.9609332238642584,0.875,0.9609332238642584,"{0.0: 1.0, 0.1: 0.9897372742200329, 0.2: 0.8930623973727422}","{'noise=0.0;missing=0.0': 1.0, 'noise=0.0;missing=0.2': 1.0, 'noise=0.1;missing=0.0': 0.988095238095238, 'noise=0.1;missing=0.2': 0.9913793103448276, 'noise=0.2;missing=0.0': 0.8809523809523808, 'noise=0.2;missing=0.2': 0.9051724137931034}",0.9,0.0,5,7,27,2.5555555555555554,0.45,9,1.9166666666666667,3.743055555555555,0.5092592592592593,4.45232255859215,"{2: 16, 3: 7, 4: 4}",27,0.0,0.4458707561728395
0.9601806239737275,0.8571428571428571,0.9601806239737275,"{0.0: 1.0, 0.1: 0.9809455391351943, 0.2: 0.8995963327859879}","{'noise=0.0;missing=0.0': 1.0, 'noise=0.0;missing=0.2': 1.0, 'noise=0.1;missing=0.0': 0.9742063492063492, 'noise=0.1;missing=0.2': 0.9876847290640394, 'noise=0.2;missing=0.0': 0.8829365079365078, 'noise=0.2;missing=0.2': 0.916256157635468}",0.8666666666666667,0.05,5,7,22,2.3181818181818183,0.36666666666666664,7,1.4166666666666667,2.5763888888888884,0.5528322440087146,4.307216461472665,"{2: 16, 3: 5, 4: 1}",22,0.0,0.3648612163299663
0.9641374749133369,0.8809523809523809,0.9641374749133369,"{0.0: 1.0, 0.1: 0.9890873015873015, 0.2: 0.9033251231527094}","{'noise=0.0;missing=0.0': 1.0, 'noise=0.0;missing=0.2': 1.0, 'noise=0.1;missing=0.0': 0.9781746031746031, 'noise=0.1;missing=0.2': 1.0, 'noise=0.2;missing=0.0': 0.8928571428571427, 'noise=0.2;missing=0.2': 0.9137931034482758}",0.9,0.03333333333333333,5,7,25,2.4,0.4166666666666667,8,1.6666666666666667,2.833333333333333,0.462037037037037,4.549791896188175,"{2: 17, 3: 6, 4: 2}",25,0.0,0.41297222222222224
0.9527800583835067,0.8571428571428571,0.9527800583835067,"{0.0: 1.0, 0.1: 0.9857690202517789, 0.2: 0.872571154898741}","{'noise=0.0;missing=0.0': 1.0, 'noise=0.0;missing=0.2': 1.0, 'noise=0.1;missing=0.0': 0.9801587301587301, 'noise=0.1;missing=0.2': 0.9913793103448276, 'noise=0.2;missing=0.0': 0.8313492063492063, 'noise=0.2;missing=0.2': 0.9137931034482758}",0.9,0.0,5,7,27,2.5185185185185186,0.45,8,1.8888888888888888,3.0987654320987654,0.47467320261437906,4.556007466435376,"{2: 17, 3: 6, 4: 4}",27,0.0,0.44550617283950616
0.9667829775588397,0.875,0.9667829775588397,"{0.0: 1.0, 0.1: 0.9734879584017515, 0.2: 0.9268609742747673}","{'noise=0.0;missing=0.0': 1.0, 'noise=0.0;missing=0.2': 1.0, 'noise=0.1;missing=0.0': 0.9543650793650793, 'noise=0.1;missing=0.2': 0.9926108374384236, 'noise=0.2;missing=0.0': 0.9325396825396826, 'noise=0.2;missing=0.2': 0.9211822660098522}",0.9,0.03333333333333333,5,7,26,2.3846153846153846,0.43333333333333335,9,1.7222222222222223,3.9783950617283943,0.5815412186379928,4.245915616866956,"{2: 19, 3: 4, 4: 3}",26,0.0,0.42888956157011715
0.9647874475460683,0.875,0.9647874475460683,"{0.0: 1.0, 0.1: 0.9760878489326766, 0.2: 0.9182744937055283}","{'noise=0.0;missing=0.0': 1.0, 'noise=0.0;missing=0.2': 1.0, 'noise=0.1;missing=0.0': 0.9583333333333333, 'noise=0.1;missing=0.2': 0.9938423645320197, 'noise=0.2;missing=0.0': 0.9067460317460316, 'noise=0.2;missing=0.2': 0.9298029556650247}",0.9166666666666666,0.03333333333333333,5,7,24,2.4166666666666665,0.4,7,1.6111111111111112,2.6265432098765435,0.5239463601532567,4.396413754900554,"{2: 17, 3: 4, 4: 3}",24,0.0,0.39722016460905346
0.9525063856960407,0.8511904761904762,0.9525063856960407,"{0.0: 1.0, 0.1: 0.9756431308155447, 0.2: 0.881876026272578}","{'noise=0.0;missing=0.0': 1.0, 'noise=0.0;missing=0.2': 1.0, 'noise=0.1;missing=0.0': 0.9722222222222222, 'noise=0.1;missing=0.2': 0.9790640394088671, 'noise=0.2;missing=0.0': 0.8511904761904762, 'noise=0.2;missing=0.2': 0.9125615763546798}",0.8833333333333333,0.0,5,7,25,2.64,0.4166666666666667,9,1.8333333333333333,3.6944444444444446,0.5210437710437711,4.4019149073295445,"{2: 13, 3: 8, 4: 4}",25,0.0,0.4147824074074074
0.961708629812078,0.875,0.961708629812078,"{0.0: 1.0, 0.1: 0.9910714285714286, 0.2: 0.8940544608648057}","{'noise=0.0;missing=0.0': 1.0, 'noise=0.0;missing=0.2': 1.0, 'noise=0.1;missing=0.0': 0.9821428571428571, 'noise=0.1;missing=0.2': 1.0, 'noise=0.2;missing=0.0': 0.8829365079365079, 'noise=0.2;missing=0.2': 0.9051724137931034}",0.9166666666666666,0.016666666666666666,5,7,23,2.347826086956522,0.38333333333333336,7,1.5,2.3055555555555554,0.5,4.458294679367107,"{2: 17, 3: 4, 4: 2}",23,0.0,0.3808552737520129
0.9657681080094873,0.8809523809523809,0.9657681080094873,"{0.0: 1.0, 0.1: 0.986384783798577, 0.2: 0.910919540229885}","{'noise=0.0;missing=0.0': 1.0, 'noise=0.0;missing=0.2': 1.0, 'noise=0.1;missing=0.0': 0.9801587301587301, 'noise=0.1;missing=0.2': 0.9926108374384236, 'noise=0.2;missing=0.0': 0.9166666666666666, 'noise=0.2;missing=0.2': 0.9051724137931034}",0.9,0.016666666666666666,5,7,27,2.4814814814814814,0.45,8,1.8611111111111112,3.786265432098766,0.513681592039801,4.455400429847419,"{2: 17, 3: 7, 4: 3}",27,0.0,0.445363554526749
0.954889618682722,0.8452380952380952,0.954889618682722,"{0.0: 1.0, 0.1: 0.9689039408866995, 0.2: 0.895764915161467}","{'noise=0.0;missing=0.0': 1.0, 'noise=0.0;missing=0.2': 1.0, 'noise=0.1;missing=0.0': 0.9464285714285714, 'noise=0.1;missing=0.2': 0.9913793103448276, 'noise=0.2;missing=0.0': 0.878968253968254, 'noise=0.2;missing=0.2': 0.9125615763546797}",0.9166666666666666,0.016666666666666666,5,7,27,2.4444444444444446,0.45,9,1.8333333333333333,3.9166666666666674,0.5294612794612794,4.410855671962619,"{2: 19, 3: 4, 4: 4}",27,0.0,0.4451280864197531
0.9583561393906221,0.8511904761904762,0.9583561393906221,"{0.0: 1.0, 0.1: 0.9635673234811166, 0.2: 0.9115010946907499}","{'noise=0.0;missing=0.0': 1.0, 'noise=0.0;missing=0.2': 1.0, 'noise=0.1;missing=0.0': 0.9345238095238095, 'noise=0.1;missing=0.2': 0.9926108374384236, 'noise=0.2;missing=0.0': 0.9067460317460317, 'noise=0.2;missing=0.2': 0.916256157635468}",0.9,0.016666666666666666,5,7,27,2.4074074074074074,0.45,9,1.8055555555555556,3.98996913580247,0.5423076923076923,4.3697035360659635,"{2: 19, 3: 5, 4: 3}",27,0.0,0.44488310185185187
0.9577061667578908,0.8630952380952381,0.9577061667578908,"{0.0: 1.0, 0.1: 0.9897372742200329, 0.2: 0.8833812260536398}","{'noise=0.0;missing=0.0': 1.0, 'noise=0.0;missing=0.2': 1.0, 'noise=0.1;missing=0.0': 0.988095238095238, 'noise=0.1;missing=0.2': 0.9913793103448276, 'noise=0.2;missing=0.0': 0.8591269841269841, 'noise=0.2;missing=0.2': 0.9076354679802956}",0.8833333333333333,0.016666666666666666,5,7,30,2.566666666666667,0.5,11,2.138888888888889,5.397376543209876,0.5378787878787878,4.3875793884987395,"{2: 17, 3: 9, 4: 4}",30,0.0,0.4937236368312757
0.9543080642218574,0.8452380952380952,0.9543080642218574,"{0.0: 1.0, 0.1: 0.9689039408866995, 0.2: 0.8940202517788725}","{'noise=0.0;missing=0.0': 1.0, 'noise=0.0;missing=0.2': 1.0, 'noise=0.1;missing=0.0': 0.9464285714285714, 'noise=0.1;missing=0.2': 0.9913793103448276, 'noise=0.2;missing=0.0': 0.8730158730158729, 'noise=0.2;missing=0.2': 0.9150246305418719}",0.9,0.03333333333333333,5,7,30,2.433333333333333,0.5,9,2.0277777777777777,3.415895061728395,0.4646118721461187,4.572314969364737,"{2: 21, 3: 5, 4: 4}",30,0.0,0.49246746399176955
0.9567483123517606,0.8690476190476191,0.9567483123517606,"{0.0: 1.0, 0.1: 0.9890873015873015, 0.2: 0.8811576354679803}","{'noise=0.0;missing=0.0': 1.0, 'noise=0.0;missing=0.2': 1.0, 'noise=0.1;missing=0.0': 0.9781746031746031, 'noise=0.1;missing=0.2': 1.0, 'noise=0.2;missing=0.0': 0.8571428571428571, 'noise=0.2;missing=0.2': 0.9051724137931034}",0.9,0.0,5,7,26,2.5,0.43333333333333335,8,1.8055555555555556,3.0455246913580245,0.4858974358974359,4.512537574760492,"{2: 17, 3: 5, 4: 4}",26,0.0,0.42953536522633745
0.9504652435686919,0.8333333333333334,0.9504652435686919,"{0.0: 1.0, 0.1: 0.9742063492063492, 0.2: 0.8771893814997264}","{'noise=0.0;missing=0.0': 1.0, 'noise=0.0;missing=0.2': 1.0, 'noise=0.1;missing=0.0': 0.9484126984126984, 'noise=0.1;missing=0.2': 1.0, 'noise=0.2;missing=0.0': 0.8492063492063491, 'noise=0.2;missing=0.2': 0.9051724137931034}",0.9,0.03333333333333333,5,7,24,2.375,0.4,9,1.5833333333333333,3.298611111111111,0.5667641325536062,4.2439702767912575,"{2: 17, 3: 5, 4: 2}",24,0.0,0.3970428240740741
0.9587780514504652,0.8690476190476191,0.9587780514504652,"{0.0: 1.0, 0.1: 0.990079365079365, 0.2: 0.8862547892720306}","{'noise=0.0;missing=0.0': 1.0, 'noise=0.0;missing=0.2': 1.0, 'noise=0.1;missing=0.0': 0.9801587301587301, 'noise=0.1;missing=0.2': 1.0, 'noise=0.2;missing=0.0': 0.871031746031746, 'noise=0.2;missing=0.2': 0.9014778325123153}",0.8666666666666667,0.016666666666666666,5,7,28,2.392857142857143,0.4666666666666667,8,1.8611111111111112,3.23070987654321,0.5004145936981758,4.4935780496176045,"{2: 20, 3: 5, 4: 3}",28,0.0,0.46048884847148736
0.9639892355409597,0.875,0.9639892355409597,"{0.0: 1.0, 0.1: 0.9784482758620691, 0.2: 0.9135194307608101}","{'noise=0.0;missing=0.0': 1.0, 'noise=0.0;missing=0.2': 1.0, 'noise=0.1;missing=0.0': 0.9642857142857143, 'noise=0.1;missing=0.2': 0.9926108374384236, 'noise=0.2;missing=0.0': 0.9206349206349207, 'noise=0.2;missing=0.2': 0.9064039408866995}",0.8833333333333333,0.03333333333333333,5,7,31,2.3548387096774195,0.5166666666666667,6,2.0277777777777777,2.8047839506172836,0.4501522070015221,4.63299249734927,"{2: 23, 3: 5, 4: 3}",31,1.0,0.507653843920085
0.9619937055281883,0.8630952380952381,0.9619937055281883,"{0.0: 1.0, 0.1: 0.972495894909688, 0.2: 0.9134852216748769}","{'noise=0.0;missing=0.0': 1.0, 'noise=0.0;missing=0.2': 1.0, 'noise=0.1;missing=0.0': 0.9523809523809523, 'noise=0.1;missing=0.2': 0.9926108374384236, 'noise=0.2;missing=0.0': 0.9107142857142856, 'noise=0.2;missing=0.2': 0.916256157635468}",0.9,0.03333333333333333,5,7,28,2.357142857142857,0.4666666666666667,7,1.8333333333333333,3.25,0.5016835016835017,4.4832492339091,"{2: 20, 3: 6, 4: 2}",28,0.0,0.46024404761904764
0.9654602262360883,0.8869047619047619,0.9654602262360883,"{0.0: 1.0, 0.1: 0.9811507936507936, 0.2: 0.9152298850574712}","{'noise=0.0;missing=0.0': 1.0, 'noise=0.0;missing=0.2': 1.0, 'noise=0.1;missing=0.0': 0.9623015873015872, 'noise=0.1;missing=0.2': 1.0, 'noise=0.2;missing=0.0': 0.9166666666666666, 'noise=0.2;missing=0.2': 0.9137931034482758}",0.8833333333333333,0.0,5,7,29,2.3448275862068964,0.48333333333333334,7,1.8888888888888888,2.4320987654320985,0.4272875816993464,4.677311144016065,"{2: 22, 3: 4, 4: 3}",29,0.0,0.47585554136511987
0.9631796205072066,0.8630952380952381,0.9631796205072066,"{0.0: 1.0, 0.1: 0.9790640394088671, 0.2: 0.9104748221127531}","{'noise=0.0;missing=0.0': 1.0, 'noise=0.0;missing=0.2': 1.0, 'noise=0.1;missing=0.0': 0.9642857142857143, 'noise=0.1;missing=0.2': 0.9938423645320197, 'noise=0.2;missing=0.0': 0.8948412698412698, 'noise=0.2;missing=0.2': 0.9261083743842364}",0.85,0.05,5,7,24,2.3333333333333335,0.4,6,1.5555555555555556,2.246913580246914,0.5109126984126984,4.443004422166388,"{2: 17, 3: 6, 4: 1}",24,0.0,0.39657818930041155
0.9639094143404489,0.875,0.9639094143404489,"{0.0: 1.0, 0.1: 0.9814244663382594, 0.2: 0.9103037766830869}","{'noise=0.0;missing=0.0': 1.0, 'noise=0.0;missing=0.2': 1.0, 'noise=0.1;missing=0.0': 0.9702380952380951, 'noise=0.1;missing=0.2': 0.9926108374384236, 'noise=0.2;missing=0.0': 0.9166666666666666, 'noise=0.2;missing=0.2': 0.9039408866995073}",0.9,0.016666666666666666,5,7,32,2.34375,0.5333333333333333,10,2.0833333333333335,4.798611111111112,0.5048148148148148,4.470839071403024,"{2: 25, 3: 3, 4: 4}",32,2.0,0.5237424768518517
0.9636585477102718,0.8690476190476191,0.9636585477102718,"{0.0: 1.0, 0.1: 0.9839217296113848, 0.2: 0.9070539135194308}","{'noise=0.0;missing=0.0': 1.0, 'noise=0.0;missing=0.2': 1.0, 'noise=0.1;missing=0.0': 0.9801587301587301, 'noise=0.1;missing=0.2': 0.9876847290640394, 'noise=0.2;missing=0.0': 0.9027777777777778, 'noise=0.2;missing=0.2': 0.9113300492610837}",0.9,0.016666666666666666,5,7,22,2.3181818181818183,0.36666666666666664,8,1.4166666666666667,2.7986111111111107,0.5419389978213508,4.315184539052404,"{2: 16, 3: 5, 4: 1}",22,0.0,0.3648982533670034
0.9553001277139208,0.8452380952380952,0.9553001277139208,"{0.0: 1.0, 0.1: 0.9603858784893268, 0.2: 0.9055145046524355}","{'noise=0.0;missing=0.0': 1.0, 'noise=0.0;missing=0.2': 1.0, 'noise=0.1;missing=0.0': 0.9404761904761905, 'noise=0.1;missing=0.2': 0.980295566502463, 'noise=0.2;missing=0.0': 0.8849206349206348, 'noise=0.2;missing=0.2': 0.9261083743842364}",0.8833333333333333,0.05,5,7,25,2.44,0.4166666666666667,8,1.6944444444444444,4.045524691358024,0.5979052823315119,4.1900683299008525,"{2: 17, 3: 5, 4: 3}",25,0.0,0.4134520318930041
0.9614805692391899,0.8690476190476191,0.9614805692391899,"{0.0: 1.0, 0.1: 0.9760878489326765, 0.2: 0.9083538587848933}","{'noise=0.0;missing=0.0': 1.0, 'noise=0.0;missing=0.2': 1.0, 'noise=0.1;missing=0.0': 0.9583333333333333, 'noise=0.1;missing=0.2': 0.9938423645320197, 'noise=0.2;missing=0.0': 0.8869047619047618, 'noise=0.2;missing=0.2': 0.9298029556650247}",0.9166666666666666,0.03333333333333333,5,7,28,2.4642857142857144,0.4666666666666667,9,1.9166666666666667,3.1319444444444446,0.44887278582930756,4.583040674659598,"{2: 19, 3: 5, 4: 4}",28,0.0,0.4609684193121693
0.9632024265644956,0.8690476190476191,0.9632024265644956,"{0.0: 1.0, 0.1: 0.9784482758620691, 0.2: 0.9111590038314176}","{'noise=0.0;missing=0.0': 1.0, 'noise=0.0;missing=0.2': 1.0, 'noise=0.1;missing=0.0': 0.9642857142857143, 'noise=0.1;missing=0.2': 0.9926108374384236, 'noise=0.2;missing=0.0': 0.9146825396825397, 'noise=0.2;missing=0.2': 0.9076354679802956}",0.8666666666666667,0.05,5,7,29,2.310344827586207,0.48333333333333334,6,1.8611111111111112,2.619598765432099,0.4763681592039801,4.552893996648009,"{2: 22, 3: 5, 4: 2}",29,0.0,0.4756473277635873
0.9569193577814266,0.8452380952380952,0.9569193577814266,"{0.0: 1.0, 0.1: 0.9623700054734537, 0.2: 0.9083880678708265}","{'noise=0.0;missing=0.0': 1.0, 'noise=0.0;missing=0.2': 1.0, 'noise=0.1;missing=0.0': 0.9444444444444444, 'noise=0.1;missing=0.2': 0.980295566502463, 'noise=0.2;missing=0.0': 0.8968253968253969, 'noise=0.2;missing=0.2': 0.9199507389162561}",0.9,0.03333333333333333,5,7,24,2.375,0.4,6,1.5833333333333333,3.298611111111111,0.5911306042884991,4.2117737335698635,"{2: 17, 3: 5, 4: 2}",24,0.0,0.3970428240740741
0.9620507206714104,0.875,0.9620507206714104,"{0.0: 1.0, 0.1: 0.990079365079365, 0.2: 0.896072796934866}","{'noise=0.0;missing=0.0': 1.0, 'noise=0.0;missing=0.2': 1.0, 'noise=0.1;missing=0.0': 0.9801587301587301, 'noise=0.1;missing=0.2': 1.0, 'noise=0.2;missing=0.0': 0.8968253968253969, 'noise=0.2;missing=0.2': 0.8953201970443351}",0.9,0.0,5,7,26,2.4615384615384617,0.43333333333333335,8,1.7777777777777777,3.8395061728395055,0.5399305555555556,4.367493658160724,"{2: 16, 3: 8, 4: 2}",26,0.0,0.429400601456157
0.9475004561211458,0.8273809523809523,0.9475004561211458,"{0.0: 1.0, 0.1: 0.9732142857142857, 0.2: 0.8692870826491517}","{'noise=0.0;missing=0.0': 1.0, 'noise=0.0;missing=0.2': 1.0, 'noise=0.1;missing=0.0': 0.9464285714285714, 'noise=0.1;missing=0.2': 1.0, 'noise=0.2;missing=0.0': 0.8432539682539683, 'noise=0.2;missing=0.2': 0.8953201970443351}",0.8666666666666667,0.016666666666666666,5,7,25,2.36,0.4166666666666667,9,1.6388888888888888,3.5640432098765427,0.5767419962335216,4.231402744233674,"{2: 18, 3: 5, 4: 2}",25,0.0,0.41281622942386836
0.9646962233169131,0.875,0.9646962233169131,"{0.0: 1.0, 0.1: 0.986111111111111, 0.2: 0.9079775588396277}","{'noise=0.0;missing=0.0': 1.0, 'noise=0.0;missing=0.2': 1.0, 'noise=0.1;missing=0.0': 0.9722222222222222, 'noise=0.1;missing=0.2': 1.0, 'noise=0.2;missing=0.0': 0.9206349206349207, 'noise=0.2;missing=0.2': 0.8953201970443351}",0.9,0.016666666666666666,5,7,26,2.3076923076923075,0.43333333333333335,9,1.6666666666666667,3.8888888888888897,0.5685185185185185,4.281506537730656,"{2: 19, 3: 6, 4: 1}",26,0.0,0.4283404558404559
0.9666119321291736,0.8809523809523809,0.9666119321291736,"{0.0: 1.0, 0.1: 0.9784482758620691, 0.2: 0.9213875205254516}","{'noise=0.0;missing=0.0': 1.0, 'noise=0.0;missing=0.2': 1.0, 'noise=0.1;missing=0.0': 0.9642857142857143, 'noise=0.1;missing=0.2': 0.9926108374384236, 'noise=0.2;missing=0.0': 0.9166666666666666, 'noise=0.2;missing=0.2': 0.9261083743842364}",0.8833333333333333,0.016666666666666666,5,7,24,2.375,0.4,5,1.5833333333333333,2.1319444444444446,0.5004873294346979,4.473522585123267,"{2: 17, 3: 5, 4: 2}",24,0.0,0.39684837962962966
0.9576833607006021,0.8571428571428571,0.9576833607006021,"{0.0: 1.0, 0.1: 0.9721195949644227, 0.2: 0.9009304871373838}","{'noise=0.0;missing=0.0': 1.0, 'noise=0.0;missing=0.2': 1.0, 'noise=0.1;missing=0.0': 0.9503968253968254, 'noise=0.1;missing=0.2': 0.9938423645320197, 'noise=0.2;missing=0.0': 0.8769841269841271, 'noise=0.2;missing=0.2': 0.9248768472906403}",0.8666666666666667,0.03333333333333333,5,7,24,2.4166666666666665,0.4,6,1.6111111111111112,2.570987654320988,0.5354406130268199,4.364374262660491,"{2: 17, 3: 4, 4: 3}",24,0.0,0.3972109053497942
0.9491424922459405,0.8392857142857143,0.9491424922459405,"{0.0: 1.0, 0.1: 0.9716748768472906, 0.2: 0.875752599890531}","{'noise=0.0;missing=0.0': 1.0, 'noise=0.0;missing=0.2': 1.0, 'noise=0.1;missing=0.0': 0.9642857142857143, 'noise=0.1;missing=0.2': 0.9790640394088671, 'noise=0.2;missing=0.0': 0.8253968253968252, 'noise=0.2;missing=0.2': 0.9261083743842364}",0.8833333333333333,0.0,5,7,21,2.5238095238095237,0.35,6,1.4722222222222223,2.36033950617284,0.5372117400419287,4.364923644043812,"{2: 13, 3: 5, 4: 3}",21,0.0,0.35041984494415046
0.965448823207444,0.875,0.965448823207444,"{0.0: 1.0, 0.1: 0.9820402298850575, 0.2: 0.9143062397372742}","{'noise=0.0;missing=0.0': 1.0, 'noise=0.0;missing=0.2': 1.0, 'noise=0.1;missing=0.0': 0.9702380952380951, 'noise=0.1;missing=0.2': 0.9938423645320197, 'noise=0.2;missing=0.0': 0.8988095238095237, 'noise=0.2;missing=0.2': 0.9298029556650247}",0.8833333333333333,0.016666666666666666,5,7,25,2.32,0.4166666666666667,8,1.6111111111111112,3.237654320987655,0.5565134099616859,4.312313055614735,"{2: 19, 3: 4, 4: 2}",25,0.0,0.4124840534979424
0.9694284802043424,0.8869047619047619,0.9694284802043424,"{0.0: 1.0, 0.1: 0.9774562123700055, 0.2: 0.9308292282430213}","{'noise=0.0;missing=0.0': 1.0, 'noise=0.0;missing=0.2': 1.0, 'noise=0.1;missing=0.0': 0.9623015873015872, 'noise=0.1;missing=0.2': 0.9926108374384236, 'noise=0.2;missing=0.0': 0.9404761904761906, 'noise=0.2;missing=0.2': 0.9211822660098522}",0.9166666666666666,0.016666666666666666,5,7,29,2.413793103448276,0.48333333333333334,9,1.9444444444444444,4.2746913580246915,0.5222222222222223,4.439000517590657,"{2: 21, 3: 4, 4: 4}",29,0.0,0.4766415673336171
0.9606253420908593,0.8511904761904762,0.9606253420908593,"{0.0: 1.0, 0.1: 0.9714012041598249, 0.2: 0.9104748221127531}","{'noise=0.0;missing=0.0': 1.0, 'noise=0.0;missing=0.2': 1.0, 'noise=0.1;missing=0.0': 0.9563492063492064, 'noise=0.1;missing=0.2': 0.9864532019704433, 'noise=0.2;missing=0.0': 0.8948412698412698, 'noise=0.2;missing=0.2': 0.9261083743842364}",0.85,0.05,5,7,25,2.36,0.4166666666666667,6,1.6388888888888888,2.0640432098765427,0.474105461393597,4.534357032045999,"{2: 18, 3: 5, 4: 2}",25,0.0,0.41256622942386834
0.9429620507206715,0.8095238095238095,0.9429620507206715,"{0.0: 1.0, 0.1: 0.9546729611384784, 0.2: 0.8742131910235358}","{'noise=0.0;missing=0.0': 1.0, 'noise=0.0;missing=0.2': 1.0, 'noise=0.1;missing=0.0': 0.9265873015873015, 'noise=0.1;missing=0.2': 0.9827586206896551, 'noise=0.2;missing=0.0': 0.8432539682539683, 'noise=0.2;missing=0.2': 0.9051724137931034}",0.8666666666666667,0.016666666666666666,5,7,23,2.3043478260869565,0.38333333333333336,8,1.4722222222222223,3.3047839506172836,0.6210691823899371,4.093407426580356,"{2: 17, 3: 5, 4: 1}",23,0.0,0.38071987945070673
0.9680829228243022,0.8869047619047619,0.9680829228243022,"{0.0: 1.0, 0.1: 0.986384783798577, 0.2: 0.9178639846743294}","{'noise=0.0;missing=0.0': 1.0, 'noise=0.0;missing=0.2': 1.0, 'noise=0.1;missing=0.0': 0.9801587301587301, 'noise=0.1;missing=0.2': 0.9926108374384236, 'noise=0.2;missing=0.0': 0.9305555555555556, 'noise=0.2;missing=0.2': 0.9051724137931034}",0.9166666666666666,0.016666666666666666,5,7,27,2.4814814814814814,0.45,8,1.8611111111111112,3.2862654320987663,0.486318407960199,4.524533779783977,"{2: 17, 3: 7, 4: 3}",27,0.0,0.4452802211934156
0.9550948731983214,0.8452380952380952,0.9550948731983214,"{0.0: 1.0, 0.1: 0.9695197044334976, 0.2: 0.895764915161467}","{'noise=0.0;missing=0.0': 1.0, 'noise=0.0;missing=0.2': 1.0, 'noise=0.1;missing=0.0': 0.9464285714285714, 'noise=0.1;missing=0.2': 0.9926108374384236, 'noise=0.2;missing=0.0': 0.878968253968254, 'noise=0.2;missing=0.2': 0.9125615763546797}",0.9166666666666666,0.016666666666666666,5,7,26,2.4615384615384617,0.43333333333333335,9,1.7777777777777777,3.8395061728395063,0.5286458333333334,4.401503710565654,"{2: 18, 3: 4, 4: 4}",26,0.0,0.429400601456157
0.967661010764459,0.8809523809523809,0.967661010764459,"{0.0: 1.0, 0.1: 0.9774562123700055, 0.2: 0.9255268199233716}","{'noise=0.0;missing=0.0': 1.0, 'noise=0.0;missing=0.2': 1.0, 'noise=0.1;missing=0.0': 0.9623015873015872, 'noise=0.1;missing=0.2': 0.9926108374384236, 'noise=0.2;missing=0.0': 0.9384920634920635, 'noise=0.2;missing=0.2': 0.9125615763546797}",0.9333333333333333,0.016666666666666666,5,7,27,2.4444444444444446,0.45,8,1.8333333333333333,3.4722222222222228,0.5025252525252525,4.482370120422078,"{2: 19, 3: 4, 4: 4}",27,0.0,0.44505401234567904
0.9445698777595329,0.8333333333333334,0.9445698777595329,"{0.0: 1.0, 0.1: 0.9756431308155447, 0.2: 0.8580665024630543}","{'noise=0.0;missing=0.0': 1.0, 'noise=0.0;missing=0.2': 1.0, 'noise=0.1;missing=0.0': 0.9722222222222222, 'noise=0.1;missing=0.2': 0.9790640394088671, 'noise=0.2;missing=0.0': 0.8035714285714286, 'noise=0.2;missing=0.2': 0.9125615763546798}",0.8833333333333333,0.0,5,7,24,2.5,0.4,7,1.6666666666666667,2.555555555555555,0.48518518518518516,4.51312971385118,"{2: 15, 3: 6, 4: 3}",24,0.0,0.39778703703703705
0.9673417259624156,0.8809523809523809,0.9673417259624156,"{0.0: 1.0, 0.1: 0.9788245758073345, 0.2: 0.9232006020799124}","{'noise=0.0;missing=0.0': 1.0, 'noise=0.0;missing=0.2': 1.0, 'noise=0.1;missing=0.0': 0.9662698412698413, 'noise=0.1;missing=0.2': 0.9913793103448276, 'noise=0.2;missing=0.0': 0.9424603174603174, 'noise=0.2;missing=0.2': 0.9039408866995073}",0.8666666666666667,0.03333333333333333,5,7,30,2.3333333333333335,0.5,6,1.9444444444444444,2.496913580246913,0.44285714285714284,4.643379181682897,"{2: 23, 3: 4, 4: 3}",30,0.0,0.4916198559670782
0.9591771574530196,0.8630952380952381,0.9591771574530196,"{0.0: 1.0, 0.1: 0.9759852216748769, 0.2: 0.9015462506841817}","{'noise=0.0;missing=0.0': 1.0, 'noise=0.0;missing=0.2': 1.0, 'noise=0.1;missing=0.0': 0.9642857142857143, 'noise=0.1;missing=0.2': 0.9876847290640394, 'noise=0.2;missing=0.0': 0.8769841269841269, 'noise=0.2;missing=0.2': 0.9261083743842364}",0.9,0.0,5,7,20,2.45,0.3333333333333333,6,1.3611111111111112,2.1751543209876547,0.5606575963718821,4.280340905640633,"{2: 13, 3: 5, 4: 2}",20,0.0,0.33404308127572013
0.9429620507206715,0.8095238095238095,0.9429620507206715,"{0.0: 1.0, 0.1: 0.9546729611384784, 0.2: 0.8742131910235358}","{'noise=0.0;missing=0.0': 1.0, 'noise=0.0;missing=0.2': 1.0, 'noise=0.1;missing=0.0': 0.9265873015873015, 'noise=0.1;missing=0.2': 0.9827586206896551, 'noise=0.2;missing=0.0': 0.8432539682539683, 'noise=0.2;missing=0.2': 0.9051724137931034}",0.8666666666666667,0.016666666666666666,5,7,24,2.3333333333333335,0.4,8,1.5555555555555556,2.969135802469136,0.566468253968254,4.262188403968661,"{2: 18, 3: 4, 4: 2}",24,0.0,0.39669855967078194
0.9631682174785623,0.875,0.9631682174785623,"{0.0: 1.0, 0.1: 0.9831349206349207, 0.2: 0.9063697318007663}","{'noise=0.0;missing=0.0': 1.0, 'noise=0.0;missing=0.2': 1.0, 'noise=0.1;missing=0.0': 0.9662698412698413, 'noise=0.1;missing=0.2': 1.0, 'noise=0.2;missing=0.0': 0.8829365079365079, 'noise=0.2;missing=0.2': 0.9298029556650247}",0.9333333333333333,0.016666666666666666,5,7,25,2.52,0.4166666666666667,9,1.75,2.9652777777777777,0.4607583774250441,4.54849788431984,"{2: 16, 3: 5, 4: 4}",25,0.0,0.41382754629629637
0.9589719029374202,0.8452380952380952,0.9589719029374202,"{0.0: 1.0, 0.1: 0.9664408866995073, 0.2: 0.9104748221127531}","{'noise=0.0;missing=0.0': 1.0, 'noise=0.0;missing=0.2': 1.0, 'noise=0.1;missing=0.0': 0.9464285714285714, 'noise=0.1;missing=0.2': 0.9864532019704433, 'noise=0.2;missing=0.0': 0.8948412698412698, 'noise=0.2;missing=0.2': 0.9261083743842364}",0.85,0.05,5,7,25,2.32,0.4166666666666667,6,1.6111111111111112,2.3487654320987654,0.5105363984674329,4.450244090097493,"{2: 18, 3: 6, 4: 1}",25,0.0,0.4123359053497943
0.9636585477102718,0.8690476190476191,0.9636585477102718,"{0.0: 1.0, 0.1: 0.9839217296113848, 0.2: 0.9070539135194308}","{'noise=0.0;missing=0.0': 1.0, 'noise=0.0;missing=0.2': 1.0, 'noise=0.1;missing=0.0': 0.9801587301587301, 'noise=0.1;missing=0.2': 0.9876847290640394, 'noise=0.2;missing=0.0': 0.9027777777777778, 'noise=0.2;missing=0.2': 0.9113300492610837}",0.9,0.016666666666666666,5,7,21,2.2857142857142856,0.35,8,1.3333333333333333,3.333333333333334,0.6157407407407407,4.069773835029478,"{2: 15, 3: 6}",21,0.0,0.34892857142857137
0.960956029921547,0.8630952380952381,0.960956029921547,"{0.0: 1.0, 0.1: 0.976464148877942, 0.2: 0.9064039408866995}","{'noise=0.0;missing=0.0': 1.0, 'noise=0.0;missing=0.2': 1.0, 'noise=0.1;missing=0.0': 0.9603174603174603, 'noise=0.1;missing=0.2': 0.9926108374384236, 'noise=0.2;missing=0.0': 0.8928571428571429, 'noise=0.2;missing=0.2': 0.9199507389162562}",0.9,0.016666666666666666,5,7,28,2.357142857142857,0.4666666666666667,7,1.8333333333333333,2.8611111111111116,0.48148148148148145,4.548256719597787,"{2: 21, 3: 4, 4: 3}",28,0.0,0.46017923280423284
0.9591087392811533,0.8571428571428571,0.9591087392811533,"{0.0: 1.0, 0.1: 0.9712985769020251, 0.2: 0.9060276409414341}","{'noise=0.0;missing=0.0': 1.0, 'noise=0.0;missing=0.2': 1.0, 'noise=0.1;missing=0.0': 0.9623015873015872, 'noise=0.1;missing=0.2': 0.980295566502463, 'noise=0.2;missing=0.0': 0.8908730158730158, 'noise=0.2;missing=0.2': 0.9211822660098522}",0.9,0.016666666666666666,5,7,25,2.48,0.4166666666666667,8,1.7222222222222223,3.478395061728395,0.5313620071684588,4.393375343722892,"{2: 17, 3: 4, 4: 4}",25,0.0,0.4136352880658437
0.9636813537675606,0.8690476190476191,0.9636813537675606,"{0.0: 1.0, 0.1: 0.9674329501915709, 0.2: 0.9236111111111113}","{'noise=0.0;missing=0.0': 1.0, 'noise=0.0;missing=0.2': 1.0, 'noise=0.1;missing=0.0': 0.9484126984126984, 'noise=0.1;missing=0.2': 0.9864532019704433, 'noise=0.2;missing=0.0': 0.9186507936507936, 'noise=0.2;missing=0.2': 0.9285714285714286}",0.9166666666666666,0.03333333333333333,5,7,29,2.4482758620689653,0.48333333333333334,8,1.9722222222222223,3.804783950617283,0.5011737089201878,4.4838221203850495,"{2: 20, 3: 5, 4: 4}",29,0.0,0.47680271303391514
0.968105728881591,0.8809523809523809,0.968105728881591,"{0.0: 1.0, 0.1: 0.9774562123700055, 0.2: 0.9268609742747673}","{'noise=0.0;missing=0.0': 1.0, 'noise=0.0;missing=0.2': 1.0, 'noise=0.1;missing=0.0': 0.9623015873015872, 'noise=0.1;missing=0.2': 0.9926108374384236, 'noise=0.2;missing=0.0': 0.9325396825396826, 'noise=0.2;missing=0.2': 0.9211822660098522}",0.9166666666666666,0.03333333333333333,5,7,25,2.4,0.4166666666666667,9,1.6666666666666667,4.166666666666667,0.600925925925926,4.172638721469998,"{2: 18, 3: 4, 4: 3}",25,0.0,0.4131944444444445
0.9567141032658272,0.8511904761904762,0.9567141032658272,"{0.0: 1.0, 0.1: 0.9756431308155447, 0.2: 0.8944991789819375}","{'noise=0.0;missing=0.0': 1.0, 'noise=0.0;missing=0.2': 1.0, 'noise=0.1;missing=0.0': 0.9722222222222222, 'noise=0.1;missing=0.2': 0.9790640394088671, 'noise=0.2;missing=0.0': 0.869047619047619, 'noise=0.2;missing=0.2': 0.9199507389162562}",0.8833333333333333,0.016666666666666666,5,7,23,2.391304347826087,0.38333333333333336,7,1.5277777777777777,2.5825617283950617,0.5328282828282829,4.38552516928526,"{2: 16, 3: 5, 4: 2}",23,0.0,0.38120337381463587
0.9716520707900019,0.8988095238095238,0.9716520707900019,"{0.0: 1.0, 0.1: 0.990079365079365, 0.2: 0.9248768472906403}","{'noise=0.0;missing=0.0': 1.0, 'noise=0.0;missing=0.2': 1.0, 'noise=0.1;missing=0.0': 0.9801587301587301, 'noise=0.1;missing=0.2': 1.0, 'noise=0.2;missing=0.0': 0.9285714285714286, 'noise=0.2;missing=0.2': 0.9211822660098522}",0.9333333333333333,0.016666666666666666,5,7,26,2.4615384615384617,0.43333333333333335,8,1.7777777777777777,3.3950617283950617,0.515625,4.445563383509937,"{2: 18, 3: 4, 4: 4}",26,0.0,0.42932652738208293
0.9651067323481117,0.875,0.9651067323481117,"{0.0: 1.0, 0.1: 0.9808429118773947, 0.2: 0.9144772851669403}","{'noise=0.0;missing=0.0': 1.0, 'noise=0.0;missing=0.2': 1.0, 'noise=0.1;missing=0.0': 0.9801587301587301, 'noise=0.1;missing=0.2': 0.981527093596059, 'noise=0.2;missing=0.0': 0.9126984126984127, 'noise=0.2;missing=0.2': 0.916256157635468}",0.8833333333333333,0.016666666666666666,5,7,25,2.28,0.4166666666666667,7,1.5833333333333333,2.7430555555555554,0.5414230019493177,4.361130094657185,"{2: 19, 3: 5, 4: 1}",25,0.0,0.4121238425925926
0.9721880131362891,0.8988095238095238,0.9721880131362891,"{0.0: 1.0, 0.1: 0.982416529830323, 0.2: 0.9341475095785441}","{'noise=0.0;missing=0.0': 1.0, 'noise=0.0;missing=0.2': 1.0, 'noise=0.1;missing=0.0': 0.9722222222222222, 'noise=0.1;missing=0.2': 0.9926108374384236, 'noise=0.2;missing=0.0': 0.9384920634920635, 'noise=0.2;missing=0.2': 0.9298029556650247}",0.9166666666666666,0.016666666666666666,5,7,25,2.36,0.4166666666666667,7,1.6388888888888888,2.675154320987654,0.4872881355932203,4.50577367004189,"{2: 19, 3: 3, 4: 3}",25,0.0,0.4126680812757202
0.965505838350666,0.8809523809523809,0.965505838350666,"{0.0: 1.0, 0.1: 0.9794403393541325, 0.2: 0.9170771756978653}","{'noise=0.0;missing=0.0': 1.0, 'noise=0.0;missing=0.2': 1.0, 'noise=0.1;missing=0.0': 0.9662698412698413, 'noise=0.1;missing=0.2': 0.9926108374384236, 'noise=0.2;missing=0.0': 0.9166666666666667, 'noise=0.2;missing=0.2': 0.9174876847290641}",0.9,0.03333333333333333,5,7,25,2.4,0.4166666666666667,6,1.6666666666666667,3.277777777777777,0.5472222222222223,4.347742678581274,"{2: 17, 3: 6, 4: 2}",25,0.0,0.41304629629629636
0.96427431125707,0.8690476190476191,0.96427431125707,"{0.0: 1.0, 0.1: 0.9851190476190476, 0.2: 0.907703886152162}","{'noise=0.0;missing=0.0': 1.0, 'noise=0.0;missing=0.2': 1.0, 'noise=0.1;missing=0.0': 0.9702380952380951, 'noise=0.1;missing=0.2': 1.0, 'noise=0.2;missing=0.0': 0.9126984126984128, 'noise=0.2;missing=0.2': 0.9027093596059113}",0.9166666666666666,0.016666666666666666,5,7,24,2.2916666666666665,0.4,6,1.5277777777777777,2.804783950617284,0.543939393939394,4.348741758625183,"{2: 18, 3: 5, 4: 1}",24,0.0,0.3963818158436214
0.9665321109286625,0.875,0.9665321109286625,"{0.0: 1.0, 0.1: 0.9793377120963328, 0.2: 0.920258620689655}","{'noise=0.0;missing=0.0': 1.0, 'noise=0.0;missing=0.2': 1.0, 'noise=0.1;missing=0.0': 0.9722222222222222, 'noise=0.1;missing=0.2': 0.9864532019704433, 'noise=0.2;missing=0.0': 0.9107142857142857, 'noise=0.2;missing=0.2': 0.9298029556650247}",0.8666666666666667,0.03333333333333333,5,7,24,2.3333333333333335,0.4,9,1.5555555555555556,3.7469135802469133,0.6121031746031746,4.128546556551447,"{2: 18, 3: 4, 4: 2}",24,0.0,0.3968281893004115
0.9567369093231163,0.8452380952380952,0.9567369093231163,"{0.0: 1.0, 0.1: 0.9655514504652436, 0.2: 0.904659277504105}","{'noise=0.0;missing=0.0': 1.0, 'noise=0.0;missing=0.2': 1.0, 'noise=0.1;missing=0.0': 0.9384920634920635, 'noise=0.1;missing=0.2': 0.9926108374384236, 'noise=0.2;missing=0.0': 0.886904761904762, 'noise=0.2;missing=0.2': 0.9224137931034483}",0.9333333333333333,0.03333333333333333,5,7,26,2.4615384615384617,0.43333333333333335,8,1.7777777777777777,3.8395061728395063,0.5338541666666666,4.388105320957341,"{2: 18, 3: 4, 4: 4}",26,0.0,0.429400601456157
0.9634875022806058,0.8630952380952381,0.9634875022806058,"{0.0: 1.0, 0.1: 0.9734879584017515, 0.2: 0.9169745484400657}","{'noise=0.0;missing=0.0': 1.0, 'noise=0.0;missing=0.2': 1.0, 'noise=0.1;missing=0.0': 0.9543650793650793, 'noise=0.1;missing=0.2': 0.9926108374384236, 'noise=0.2;missing=0.0': 0.9226190476190477, 'noise=0.2;missing=0.2': 0.9113300492610837}",0.9,0.03333333333333333,5,7,28,2.357142857142857,0.4666666666666667,8,1.8333333333333333,3.361111111111111,0.5,4.4953209230322795,"{2: 21, 3: 4, 4: 3}",28,0.0,0.46026256613756616
0.962712096332786,0.8690476190476191,0.962712096332786,"{0.0: 1.0, 0.1: 0.9814244663382594, 0.2: 0.9067118226600986}","{'noise=0.0;missing=0.0': 1.0, 'noise=0.0;missing=0.2': 1.0, 'noise=0.1;missing=0.0': 0.9702380952380951, 'noise=0.1;missing=0.2': 0.9926108374384236, 'noise=0.2;missing=0.0': 0.9107142857142857, 'noise=0.2;missing=0.2': 0.9027093596059113}",0.9,0.016666666666666666,5,7,27,2.4444444444444446,0.45,7,1.8333333333333333,3.305555555555556,0.49915824915824913,4.498454348721984,"{2: 19, 3: 4, 4: 4}",27,0.0,0.44502623456790125
0.963156814449918,0.8630952380952381,0.963156814449918,"{0.0: 1.0, 0.1: 0.972495894909688, 0.2: 0.9169745484400657}","{'noise=0.0;missing=0.0': 1.0, 'noise=0.0;missing=0.2': 1.0, 'noise=0.1;missing=0.0': 0.9523809523809523, 'noise=0.1;missing=0.2': 0.9926108374384236, 'noise=0.2;missing=0.0': 0.9226190476190477, 'noise=0.2;missing=0.2': 0.9113300492610837}",0.9166666666666666,0.016666666666666666,5,7,27,2.3703703703703702,0.45,8,1.7777777777777777,3.5061728395061724,0.53125,4.405639062229566,"{2: 20, 3: 4, 4: 3}",27,0.0,0.4445452674897119
0.9678776683087028,0.8869047619047619,0.9678776683087028,"{0.0: 1.0, 0.1: 0.9774562123700055, 0.2: 0.926176792556103}","{'noise=0.0;missing=0.0': 1.0, 'noise=0.0;missing=0.2': 1.0, 'noise=0.1;missing=0.0': 0.9623015873015872, 'noise=0.1;missing=0.2': 0.9926108374384236, 'noise=0.2;missing=0.0': 0.9126984126984128, 'noise=0.2;missing=0.2': 0.939655172413793}",0.9,0.016666666666666666,5,7,23,2.4347826086956523,0.38333333333333336,7,1.5555555555555556,2.8024691358024696,0.5396825396825397,4.363234111284804,"{2: 16, 3: 4, 4: 3}",23,0.0,0.38154195741635355
0.9707512315270937,0.8928571428571429,0.9707512315270937,"{0.0: 1.0, 0.1: 0.986384783798577, 0.2: 0.9258689107827038}","{'noise=0.0;missing=0.0': 1.0, 'noise=0.0;missing=0.2': 1.0, 'noise=0.1;missing=0.0': 0.9801587301587301, 'noise=0.1;missing=0.2': 0.9926108374384236, 'noise=0.2;missing=0.0': 0.9305555555555556, 'noise=0.2;missing=0.2': 0.9211822660098522}",0.9166666666666666,0.016666666666666666,5,7,24,2.3333333333333335,0.4,8,1.5555555555555556,3.8580246913580245,0.6180555555555556,4.108507995097474,"{2: 18, 3: 4, 4: 2}",24,0.0,0.39684670781893006
0.9467364532019705,0.8273809523809523,0.9467364532019705,"{0.0: 1.0, 0.1: 0.9642172961138479, 0.2: 0.8759920634920635}","{'noise=0.0;missing=0.0': 1.0, 'noise=0.0;missing=0.2': 1.0, 'noise=0.1;missing=0.0': 0.9444444444444444, 'noise=0.1;missing=0.2': 0.9839901477832512, 'noise=0.2;missing=0.0': 0.8234126984126985, 'noise=0.2;missing=0.2': 0.9285714285714286}",0.8833333333333333,0.016666666666666666,5,7,25,2.48,0.4166666666666667,8,1.7222222222222223,3.756172839506173,0.568100358422939,4.292332400069821,"{2: 17, 3: 4, 4: 4}",25,0.0,0.41368158436214
0.967661010764459,0.8809523809523809,0.967661010764459,"{0.0: 1.0, 0.1: 0.9774562123700055, 0.2: 0.9255268199233716}","{'noise=0.0;missing=0.0': 1.0, 'noise=0.0;missing=0.2': 1.0, 'noise=0.1;missing=0.0': 0.9623015873015872, 'noise=0.1;missing=0.2': 0.9926108374384236, 'noise=0.2;missing=0.0': 0.9384920634920635, 'noise=0.2;missing=0.2': 0.9125615763546797}",0.9333333333333333,0.016666666666666666,5,7,26,2.4615384615384617,0.43333333333333335,8,1.7777777777777777,3.5617283950617287,0.5190972222222222,4.427668898701708,"{2: 18, 3: 4, 4: 4}",26,0.0,0.4293543051598607
0.9575921364714468,0.8511904761904762,0.9575921364714468,"{0.0: 1.0, 0.1: 0.9809455391351943, 0.2: 0.8918308702791461}","{'noise=0.0;missing=0.0': 1.0, 'noise=0.0;missing=0.2': 1.0, 'noise=0.1;missing=0.0': 0.9742063492063492, 'noise=0.1;missing=0.2': 0.9876847290640394, 'noise=0.2;missing=0.0': 0.8809523809523808, 'noise=0.2;missing=0.2': 0.9027093596059113}",0.8833333333333333,0.03333333333333333,5,7,22,2.3181818181818183,0.36666666666666664,7,1.4166666666666667,2.409722222222222,0.5343137254901961,4.363192009948613,"{2: 16, 3: 5, 4: 1}",22,0.0,0.3648334385521886
0.9654944353220216,0.875,0.9654944353220216,"{0.0: 1.0, 0.1: 0.9774562123700055, 0.2: 0.9190270935960593}","{'noise=0.0;missing=0.0': 1.0, 'noise=0.0;missing=0.2': 1.0, 'noise=0.1;missing=0.0': 0.9623015873015872, 'noise=0.1;missing=0.2': 0.9926108374384236, 'noise=0.2;missing=0.0': 0.9107142857142857, 'noise=0.2;missing=0.2': 0.9273399014778325}",0.8833333333333333,0.016666666666666666,5,7,21,2.4761904761904763,0.35,6,1.4444444444444444,2.0246913580246915,0.5,4.464580823785508,"{2: 14, 3: 4, 4: 3}",21,0.0,0.35003321575543794
0.9711959496442255,0.8928571428571429,0.9711959496442255,"{0.0: 1.0, 0.1: 0.982416529830323, 0.2: 0.9311713191023535}","{'noise=0.0;missing=0.0': 1.0, 'noise=0.0;missing=0.2': 1.0, 'noise=0.1;missing=0.0': 0.9722222222222222, 'noise=0.1;missing=0.2': 0.9926108374384236, 'noise=0.2;missing=0.0': 0.9325396825396827, 'noise=0.2;missing=0.2': 0.9298029556650247}",0.9,0.03333333333333333,5,7,23,2.347826086956522,0.38333333333333336,8,1.5,3.5833333333333335,0.6234567901234568,4.099626798732836,"{2: 17, 3: 4, 4: 2}",23,0.0,0.38106823671497586
0.9558702791461412,0.8511904761904762,0.9558702791461412,"{0.0: 1.0, 0.1: 0.9720169677066229, 0.2: 0.8955938697318009}","{'noise=0.0;missing=0.0': 1.0, 'noise=0.0;missing=0.2': 1.0, 'noise=0.1;missing=0.0': 0.9563492063492064, 'noise=0.1;missing=0.2': 0.9876847290640394, 'noise=0.2;missing=0.0': 0.865079365079365, 'noise=0.2;missing=0.2': 0.9261083743842364}",0.9,0.0,5,7,25,2.6,0.4166666666666667,7,1.8055555555555556,2.9344135802469133,0.4987179487179487,4.487130121615827,"{2: 14, 3: 7, 4: 4}",25,0.0,0.41437795781893005
0.9598385331143953,0.8690476190476191,0.9598385331143953,"{0.0: 1.0, 0.1: 0.9871031746031746, 0.2: 0.892412424740011}","{'noise=0.0;missing=0.0': 1.0, 'noise=0.0;missing=0.2': 1.0, 'noise=0.1;missing=0.0': 0.9742063492063492, 'noise=0.1;missing=0.2': 1.0, 'noise=0.2;missing=0.0': 0.871031746031746, 'noise=0.2;missing=0.2': 0.9137931034482758}",0.9166666666666666,0.016666666666666666,5,7,20,2.3,0.3333333333333333,6,1.2777777777777777,2.2006172839506175,0.5797101449275363,4.221946673862943,"{2: 15, 3: 4, 4: 1}",20,0.0,0.333005658436214
0.9582307060755336,0.8571428571428571,0.9582307060755336,"{0.0: 1.0, 0.1: 0.9791666666666667, 0.2: 0.8955254515599343}","{'noise=0.0;missing=0.0': 1.0, 'noise=0.0;missing=0.2': 1.0, 'noise=0.1;missing=0.0': 0.9583333333333333, 'noise=0.1;missing=0.2': 1.0, 'noise=0.2;missing=0.0': 0.880952380952381, 'noise=0.2;missing=0.2': 0.9100985221674877}",0.9166666666666666,0.016666666666666666,5,7,22,2.5,0.36666666666666664,6,1.5277777777777777,2.2492283950617282,0.5116161616161616,4.438190568416892,"{2: 14, 3: 5, 4: 3}",22,0.0,0.3660693158436214
0.9686758803138115,0.8869047619047619,0.9686758803138115,"{0.0: 1.0, 0.1: 0.986111111111111, 0.2: 0.919916529830323}","{'noise=0.0;missing=0.0': 1.0, 'noise=0.0;missing=0.2': 1.0, 'noise=0.1;missing=0.0': 0.9722222222222222, 'noise=0.1;missing=0.2': 1.0, 'noise=0.2;missing=0.0': 0.9186507936507936, 'noise=0.2;missing=0.2': 0.9211822660098522}",0.9333333333333333,0.016666666666666666,5,7,27,2.4444444444444446,0.45,7,1.8333333333333333,2.361111111111111,0.4217171717171717,4.659152877461174,"{2: 19, 3: 4, 4: 4}",27,0.0,0.44486882716049386
0.9667829775588397,0.875,0.9667829775588397,"{0.0: 1.0, 0.1: 0.9734879584017515, 0.2: 0.9268609742747673}","{'noise=0.0;missing=0.0': 1.0, 'noise=0.0;missing=0.2': 1.0, 'noise=0.1;missing=0.0': 0.9543650793650793, 'noise=0.1;missing=0.2': 0.9926108374384236, 'noise=0.2;missing=0.0': 0.9325396825396826, 'noise=0.2;missing=0.2': 0.9211822660098522}",0.9,0.03333333333333333,5,7,26,2.3846153846153846,0.43333333333333335,9,1.7222222222222223,3.9783950617283943,0.5815412186379928,4.245915616866956,"{2: 19, 3: 4, 4: 3}",26,0.0,0.42888956157011715
0.9637497719394271,0.8690476190476191,0.9637497719394271,"{0.0: 1.0, 0.1: 0.9802271483305967, 0.2: 0.9110221674876848}","{'noise=0.0;missing=0.0': 1.0, 'noise=0.0;missing=0.2': 1.0, 'noise=0.1;missing=0.0': 0.9801587301587301, 'noise=0.1;missing=0.2': 0.980295566502463, 'noise=0.2;missing=0.0': 0.9107142857142857, 'noise=0.2;missing=0.2': 0.9113300492610837}",0.9166666666666666,0.016666666666666666,5,7,26,2.3846153846153846,0.43333333333333335,8,1.7222222222222223,3.5895061728395063,0.5224014336917563,4.405178568172234,"{2: 18, 3: 6, 4: 2}",26,0.0,0.4288247467553023
0.9641602809706258,0.8809523809523809,0.9641602809706258,"{0.0: 1.0, 0.1: 0.9871031746031746, 0.2: 0.9053776683087028}","{'noise=0.0;missing=0.0': 1.0, 'noise=0.0;missing=0.2': 1.0, 'noise=0.1;missing=0.0': 0.9742063492063492, 'noise=0.1;missing=0.2': 1.0, 'noise=0.2;missing=0.0': 0.8809523809523808, 'noise=0.2;missing=0.2': 0.9298029556650247}",0.9333333333333333,0.016666666666666666,5,7,20,2.35,0.3333333333333333,8,1.3055555555555556,2.378858024691358,0.5549645390070922,4.272361989837416,"{2: 15, 3: 3, 4: 2}",20,0.0,0.33338258744855964
0.9714354132457581,0.8988095238095238,0.9714354132457581,"{0.0: 1.0, 0.1: 0.986111111111111, 0.2: 0.9281951286261633}","{'noise=0.0;missing=0.0': 1.0, 'noise=0.0;missing=0.2': 1.0, 'noise=0.1;missing=0.0': 0.9722222222222222, 'noise=0.1;missing=0.2': 1.0, 'noise=0.2;missing=0.0': 0.9265873015873015, 'noise=0.2;missing=0.2': 0.9298029556650247}",0.9166666666666666,0.016666666666666666,5,7,26,2.4615384615384617,0.43333333333333335,9,1.7777777777777777,3.783950617283951,0.5390625,4.362997562960808,"{2: 18, 3: 4, 4: 4}",26,0.0,0.4293913421968978
0.9671136653895274,0.8809523809523809,0.9671136653895274,"{0.0: 1.0, 0.1: 0.982416529830323, 0.2: 0.9189244663382594}","{'noise=0.0;missing=0.0': 1.0, 'noise=0.0;missing=0.2': 1.0, 'noise=0.1;missing=0.0': 0.9722222222222222, 'noise=0.1;missing=0.2': 0.9926108374384236, 'noise=0.2;missing=0.0': 0.9166666666666666, 'noise=0.2;missing=0.2': 0.9211822660098522}",0.9166666666666666,0.016666666666666666,5,7,28,2.4285714285714284,0.4666666666666667,9,1.8888888888888888,3.598765432098766,0.49264705882352944,4.506241613711048,"{2: 20, 3: 4, 4: 4}",28,0.0,0.46079820693709583
0.9597473088852398,0.8630952380952381,0.9597473088852398,"{0.0: 1.0, 0.1: 0.9768404488232074, 0.2: 0.9024014778325122}","{'noise=0.0;missing=0.0': 1.0, 'noise=0.0;missing=0.2': 1.0, 'noise=0.1;missing=0.0': 0.9623015873015872, 'noise=0.1;missing=0.2': 0.9913793103448276, 'noise=0.2;missing=0.0': 0.875, 'noise=0.2;missing=0.2': 0.9298029556650247}",0.9166666666666666,0.016666666666666666,5,7,25,2.4,0.4166666666666667,6,1.6666666666666667,2.7222222222222223,0.5055555555555555,4.460324136950665,"{2: 18, 3: 4, 4: 3}",25,0.0,0.4129537037037037
0.9525634008392629,0.8511904761904762,0.9525634008392629,"{0.0: 1.0, 0.1: 0.9759852216748769, 0.2: 0.8817049808429118}","{'noise=0.0;missing=0.0': 1.0, 'noise=0.0;missing=0.2': 1.0, 'noise=0.1;missing=0.0': 0.9642857142857143, 'noise=0.1;missing=0.2': 0.9876847290640394, 'noise=0.2;missing=0.0': 0.8373015873015872, 'noise=0.2;missing=0.2': 0.9261083743842364}",0.8833333333333333,0.0,5,7,20,2.55,0.3333333333333333,5,1.4166666666666667,2.020833333333333,0.5234204793028322,4.396080559034225,"{2: 12, 3: 5, 4: 3}",20,0.0,0.3347118055555555
0.9577289728151797,0.8511904761904762,0.9577289728151797,"{0.0: 1.0, 0.1: 0.9695197044334976, 0.2: 0.9036672140120415}","{'noise=0.0;missing=0.0': 1.0, 'noise=0.0;missing=0.2': 1.0, 'noise=0.1;missing=0.0': 0.9464285714285714, 'noise=0.1;missing=0.2': 0.9926108374384236, 'noise=0.2;missing=0.0': 0.884920634920635, 'noise=0.2;missing=0.2': 0.9224137931034483}",0.9333333333333333,0.03333333333333333,5,7,29,2.4827586206896552,0.48333333333333334,9,2.0,4.111111111111111,0.5046296296296297,4.48658667538623,"{2: 20, 3: 4, 4: 5}",29,0.0,0.47709323116219665
0.9585841999635102,0.8571428571428571,0.9585841999635102,"{0.0: 1.0, 0.1: 0.9796113847837986, 0.2: 0.8961412151067324}","{'noise=0.0;missing=0.0': 1.0, 'noise=0.0;missing=0.2': 1.0, 'noise=0.1;missing=0.0': 0.9801587301587301, 'noise=0.1;missing=0.2': 0.9790640394088671, 'noise=0.2;missing=0.0': 0.8809523809523808, 'noise=0.2;missing=0.2': 0.9113300492610837}",0.9,0.016666666666666666,5,7,22,2.272727272727273,0.36666666666666664,9,1.3888888888888888,3.7376543209876547,0.62,4.058688570451096,"{2: 16, 3: 6}",22,0.0,0.36473910400299286
0.9544334975369457,0.8452380952380952,0.9544334975369457,"{0.0: 1.0, 0.1: 0.9732142857142857, 0.2: 0.8900862068965517}","{'noise=0.0;missing=0.0': 1.0, 'noise=0.0;missing=0.2': 1.0, 'noise=0.1;missing=0.0': 0.9464285714285714, 'noise=0.1;missing=0.2': 1.0, 'noise=0.2;missing=0.0': 0.875, 'noise=0.2;missing=0.2': 0.9051724137931034}",0.9166666666666666,0.016666666666666666,5,7,18,2.3333333333333335,0.3,5,1.1666666666666667,1.638888888888889,0.5608465608465608,4.2704265780462904,"{2: 13, 3: 4, 4: 1}",18,0.0,0.30147685185185186
0.9591771574530196,0.8630952380952381,0.9591771574530196,"{0.0: 1.0, 0.1: 0.9759852216748769, 0.2: 0.9015462506841817}","{'noise=0.0;missing=0.0': 1.0, 'noise=0.0;missing=0.2': 1.0, 'noise=0.1;missing=0.0': 0.9642857142857143, 'noise=0.1;missing=0.2': 0.9876847290640394, 'noise=0.2;missing=0.0': 0.8769841269841269, 'noise=0.2;missing=0.2': 0.9261083743842364}",0.9,0.0,5,7,19,2.3684210526315788,0.31666666666666665,6,1.25,2.298611111111111,0.6179012345679012,4.083318029990694,"{2: 13, 3: 5, 4: 1}",19,0.0,0.3176638036062378
0.958185093960956,0.8630952380952381,0.958185093960956,"{0.0: 1.0, 0.1: 0.9831349206349207, 0.2: 0.8914203612479474}","{'noise=0.0;missing=0.0': 1.0, 'noise=0.0;missing=0.2': 1.0, 'noise=0.1;missing=0.0': 0.9662698412698413, 'noise=0.1;missing=0.2': 1.0, 'noise=0.2;missing=0.0': 0.869047619047619, 'noise=0.2;missing=0.2': 0.9137931034482758}",0.9166666666666666,0.016666666666666666,5,7,20,2.5,0.3333333333333333,7,1.3888888888888888,2.2932098765432105,0.5288888888888889,4.373340441068116,"{2: 13, 3: 4, 4: 3}",20,0.0,0.3344099794238683
0.9574438970990694,0.8511904761904762,0.9574438970990694,"{0.0: 1.0, 0.1: 0.9744800218938151, 0.2: 0.8978516694033934}","{'noise=0.0;missing=0.0': 1.0, 'noise=0.0;missing=0.2': 1.0, 'noise=0.1;missing=0.0': 0.9563492063492064, 'noise=0.1;missing=0.2': 0.9926108374384236, 'noise=0.2;missing=0.0': 0.8769841269841269, 'noise=0.2;missing=0.2': 0.9187192118226601}",0.8833333333333333,0.016666666666666666,5,7,22,2.409090909090909,0.36666666666666664,8,1.4722222222222223,2.8603395061728394,0.5277777777777778,4.364436256327531,"{2: 16, 3: 3, 4: 3}",22,0.0,0.3655398545641601
0.9692118226600986,0.8869047619047619,0.9692118226600986,"{0.0: 1.0, 0.1: 0.9784482758620691, 0.2: 0.9291871921182265}","{'noise=0.0;missing=0.0': 1.0, 'noise=0.0;missing=0.2': 1.0, 'noise=0.1;missing=0.0': 0.9642857142857143, 'noise=0.1;missing=0.2': 0.9926108374384236, 'noise=0.2;missing=0.0': 0.9285714285714286, 'noise=0.2;missing=0.2': 0.9298029556650247}",0.9166666666666666,0.016666666666666666,5,7,24,2.2916666666666665,0.4,7,1.5277777777777777,2.638117283950618,0.544949494949495,4.349161532921624,"{2: 19, 3: 3, 4: 2}",24,0.0,0.39635403806584363
0.9558702791461412,0.8511904761904762,0.9558702791461412,"{0.0: 1.0, 0.1: 0.9720169677066229, 0.2: 0.8955938697318009}","{'noise=0.0;missing=0.0': 1.0, 'noise=0.0;missing=0.2': 1.0, 'noise=0.1;missing=0.0': 0.9563492063492064, 'noise=0.1;missing=0.2': 0.9876847290640394, 'noise=0.2;missing=0.0': 0.865079365079365, 'noise=0.2;missing=0.2': 0.9261083743842364}",0.9,0.0,5,7,19,2.5789473684210527,0.31666666666666665,6,1.3611111111111112,2.3418209876543212,0.5821995464852607,4.2141141199705,"{2: 11, 3: 5, 4: 3}",19,0.0,0.3191329935564219
0.9649356869184454,0.8869047619047619,0.9649356869184454,"{0.0: 1.0, 0.1: 0.986111111111111, 0.2: 0.9086959496442254}","{'noise=0.0;missing=0.0': 1.0, 'noise=0.0;missing=0.2': 1.0, 'noise=0.1;missing=0.0': 0.9722222222222222, 'noise=0.1;missing=0.2': 1.0, 'noise=0.2;missing=0.0': 0.878968253968254, 'noise=0.2;missing=0.2': 0.938423645320197}",0.8833333333333333,0.0,5,7,23,2.4782608695652173,0.38333333333333336,5,1.5833333333333333,1.8541666666666667,0.459551656920078,4.578785743018004,"{2: 15, 3: 5, 4: 3}",23,0.0,0.3816858393719807
0.9716520707900019,0.8988095238095238,0.9716520707900019,"{0.0: 1.0, 0.1: 0.990079365079365, 0.2: 0.9248768472906403}","{'noise=0.0;missing=0.0': 1.0, 'noise=0.0;missing=0.2': 1.0, 'noise=0.1;missing=0.0': 0.9801587301587301, 'noise=0.1;missing=0.2': 1.0, 'noise=0.2;missing=0.0': 0.9285714285714286, 'noise=0.2;missing=0.2': 0.9211822660098522}",0.9333333333333333,0.016666666666666666,5,7,28,2.4642857142857144,0.4666666666666667,7,1.9166666666666667,2.7430555555555554,0.428743961352657,4.660232291678209,"{2: 19, 3: 5, 4: 4}",28,0.0,0.4609036044973545
0.9629629629629629,0.8809523809523809,0.9629629629629629,"{0.0: 1.0, 0.1: 0.9851190476190477, 0.2: 0.9037698412698413}","{'noise=0.0;missing=0.0': 1.0, 'noise=0.0;missing=0.2': 1.0, 'noise=0.1;missing=0.0': 0.9702380952380951, 'noise=0.1;missing=0.2': 1.0, 'noise=0.2;missing=0.0': 0.8789682539682538, 'noise=0.2;missing=0.2': 0.9285714285714286}",0.9166666666666666,0.0,5,7,24,2.4583333333333335,0.4,8,1.6388888888888888,3.0640432098765427,0.5353107344632768,4.378760745070306,"{2: 16, 3: 5, 4: 3}",24,0.0,0.397582433127572
0.9641374749133369,0.8809523809523809,0.9641374749133369,"{0.0: 1.0, 0.1: 0.9920634920634921, 0.2: 0.9003489326765189}","{'noise=0.0;missing=0.0': 1.0, 'noise=0.0;missing=0.2': 1.0, 'noise=0.1;missing=0.0': 0.9841269841269842, 'noise=0.1;missing=0.2': 1.0, 'noise=0.2;missing=0.0': 0.8869047619047619, 'noise=0.2;missing=0.2': 0.9137931034482758}",0.9166666666666666,0.016666666666666666,5,7,21,2.380952380952381,0.35,6,1.3888888888888888,2.2376543209876543,0.5322222222222223,4.366370130156181,"{2: 15, 3: 4, 4: 2}",21,0.0,0.34940733392122275
0.9714354132457581,0.8988095238095238,0.9714354132457581,"{0.0: 1.0, 0.1: 0.986111111111111, 0.2: 0.9281951286261633}","{'noise=0.0;missing=0.0': 1.0, 'noise=0.0;missing=0.2': 1.0, 'noise=0.1;missing=0.0': 0.9722222222222222, 'noise=0.1;missing=0.2': 1.0, 'noise=0.2;missing=0.0': 0.9265873015873015, 'noise=0.2;missing=0.2': 0.9298029556650247}",0.9166666666666666,0.016666666666666666,5,7,31,2.4838709677419355,0.5166666666666667,9,2.138888888888889,4.175154320987655,0.47799422799422797,4.542524774844145,"{2: 21, 3: 5, 4: 5}",31,1.0,0.5087782963294836
0.9654944353220216,0.875,0.9654944353220216,"{0.0: 1.0, 0.1: 0.9774562123700055, 0.2: 0.9190270935960593}","{'noise=0.0;missing=0.0': 1.0, 'noise=0.0;missing=0.2': 1.0, 'noise=0.1;missing=0.0': 0.9623015873015872, 'noise=0.1;missing=0.2': 0.9926108374384236, 'noise=0.2;missing=0.0': 0.9107142857142857, 'noise=0.2;missing=0.2': 0.9273399014778325}",0.8833333333333333,0.016666666666666666,5,7,22,2.5454545454545454,0.36666666666666664,6,1.5555555555555556,1.969135802469136,0.46825396825396826,4.552628805870277,"{2: 14, 3: 4, 4: 4}",22,0.0,0.3663382903105125
0.969394271118409,0.8928571428571429,0.969394271118409,"{0.0: 1.0, 0.1: 0.9789956212370006, 0.2: 0.9291871921182266}","{'noise=0.0;missing=0.0': 1.0, 'noise=0.0;missing=0.2': 1.0, 'noise=0.1;missing=0.0': 0.9801587301587301, 'noise=0.1;missing=0.2': 0.977832512315271, 'noise=0.2;missing=0.0': 0.9285714285714286, 'noise=0.2;missing=0.2': 0.9298029556650247}",0.9166666666666666,0.016666666666666666,5,7,23,2.3043478260869565,0.38333333333333336,8,1.4722222222222223,3.4158950617283956,0.6158280922431866,4.093407426580356,"{2: 18, 3: 3, 4: 2}",23,0.0,0.38073839796922526
0.9575921364714468,0.8630952380952381,0.9575921364714468,"{0.0: 1.0, 0.1: 0.986111111111111, 0.2: 0.8866652983032294}","{'noise=0.0;missing=0.0': 1.0, 'noise=0.0;missing=0.2': 1.0, 'noise=0.1;missing=0.0': 0.9722222222222222, 'noise=0.1;missing=0.2': 1.0, 'noise=0.2;missing=0.0': 0.8472222222222222, 'noise=0.2;missing=0.2': 0.9261083743842364}",0.9,0.0,5,7,21,2.4761904761904763,0.35,7,1.4444444444444444,3.080246913580247,0.5950854700854701,4.179720363917557,"{2: 14, 3: 4, 4: 3}",21,0.0,0.35020914168136386
0.9667715745301952,0.8809523809523809,0.9667715745301952,"{0.0: 1.0, 0.1: 0.9760878489326766, 0.2: 0.9242268746579091}","{'noise=0.0;missing=0.0': 1.0, 'noise=0.0;missing=0.2': 1.0, 'noise=0.1;missing=0.0': 0.9583333333333333, 'noise=0.1;missing=0.2': 0.9938423645320197, 'noise=0.2;missing=0.0': 0.9186507936507936, 'noise=0.2;missing=0.2': 0.9298029556650247}",0.9166666666666666,0.03333333333333333,5,7,25,2.32,0.4166666666666667,7,1.6111111111111112,2.4598765432098766,0.5038314176245211,4.452363970380495,"{2: 19, 3: 4, 4: 2}",25,0.0,0.41235442386831284
0.9607507754059477,0.8690476190476191,0.9607507754059477,"{0.0: 1.0, 0.1: 0.9841269841269842, 0.2: 0.8981253420908593}","{'noise=0.0;missing=0.0': 1.0, 'noise=0.0;missing=0.2': 1.0, 'noise=0.1;missing=0.0': 0.9682539682539683, 'noise=0.1;missing=0.2': 1.0, 'noise=0.2;missing=0.0': 0.884920634920635, 'noise=0.2;missing=0.2': 0.9113300492610837}",0.9166666666666666,0.016666666666666666,5,7,24,2.3333333333333335,0.4,8,1.5555555555555556,3.580246913580247,0.6051587301587301,4.1445082170796805,"{2: 18, 3: 4, 4: 2}",24,0.0,0.3968004115226338
0.9668285896734173,0.8869047619047619,0.9668285896734173,"{0.0: 1.0, 0.1: 0.9794403393541325, 0.2: 0.9210454296661192}","{'noise=0.0;missing=0.0': 1.0, 'noise=0.0;missing=0.2': 1.0, 'noise=0.1;missing=0.0': 0.9662698412698413, 'noise=0.1;missing=0.2': 0.9926108374384236, 'noise=0.2;missing=0.0': 0.9246031746031746, 'noise=0.2;missing=0.2': 0.9174876847290641}",0.9166666666666666,0.03333333333333333,5,7,20,2.3,0.3333333333333333,5,1.2777777777777777,2.033950617283951,0.5543478260869565,4.288150620767656,"{2: 15, 3: 4, 4: 1}",20,0.0,0.3329778806584362
0.958185093960956,0.8630952380952381,0.958185093960956,"{0.0: 1.0, 0.1: 0.9871031746031746, 0.2: 0.8874521072796935}","{'noise=0.0;missing=0.0': 1.0, 'noise=0.0;missing=0.2': 1.0, 'noise=0.1;missing=0.0': 0.9742063492063492, 'noise=0.1;missing=0.2': 1.0, 'noise=0.2;missing=0.0': 0.861111111111111, 'noise=0.2;missing=0.2': 0.9137931034482758}",0.9166666666666666,0.016666666666666666,5,7,22,2.3636363636363638,0.36666666666666664,7,1.4444444444444444,2.635802469135802,0.5598290598290598,4.284561777651855,"{2: 16, 3: 4, 4: 2}",22,0.0,0.3651867751589974
0.9716520707900019,0.8988095238095238,0.9716520707900019,"{0.0: 1.0, 0.1: 0.990079365079365, 0.2: 0.9248768472906403}","{'noise=0.0;missing=0.0': 1.0, 'noise=0.0;missing=0.2': 1.0, 'noise=0.1;missing=0.0': 0.9801587301587301, 'noise=0.1;missing=0.2': 1.0, 'noise=0.2;missing=0.0': 0.9285714285714286, 'noise=0.2;missing=0.2': 0.9211822660098522}",0.9333333333333333,0.016666666666666666,5,7,25,2.44,0.4166666666666667,6,1.6944444444444444,2.434413580246913,0.4822404371584699,4.531421822213849,"{2: 17, 3: 5, 4: 3}",25,0.0,0.4131835133744856
0.9701126619230068,0.8928571428571429,0.9701126619230068,"{0.0: 1.0, 0.1: 0.986111111111111, 0.2: 0.9242268746579091}","{'noise=0.0;missing=0.0': 1.0, 'noise=0.0;missing=0.2': 1.0, 'noise=0.1;missing=0.0': 0.9722222222222222, 'noise=0.1;missing=0.2': 1.0, 'noise=0.2;missing=0.0': 0.9186507936507936, 'noise=0.2;missing=0.2': 0.9298029556650247}",0.9333333333333333,0.016666666666666666,5,7,25,2.4,0.4166666666666667,7,1.6666666666666667,2.0555555555555554,0.42592592592592593,4.648127471686345,"{2: 18, 3: 4, 4: 3}",25,0.0,0.41284259259259265
0.9648330596606458,0.875,0.9648330596606458,"{0.0: 1.0, 0.1: 0.9774562123700055, 0.2: 0.9170429666119322}","{'noise=0.0;missing=0.0': 1.0, 'noise=0.0;missing=0.2': 1.0, 'noise=0.1;missing=0.0': 0.9623015873015872, 'noise=0.1;missing=0.2': 0.9926108374384236, 'noise=0.2;missing=0.0': 0.9067460317460317, 'noise=0.2;missing=0.2': 0.9273399014778325}",0.9,0.016666666666666666,5,7,21,2.5714285714285716,0.35,6,1.5,2.0277777777777777,0.49176954732510286,4.490727085376609,"{2: 13, 3: 4, 4: 4}",21,0.0,0.35069510582010577
0.965483032293377,0.8809523809523809,0.965483032293377,"{0.0: 1.0, 0.1: 0.9831349206349207, 0.2: 0.9133141762452108}","{'noise=0.0;missing=0.0': 1.0, 'noise=0.0;missing=0.2': 1.0, 'noise=0.1;missing=0.0': 0.9662698412698413, 'noise=0.1;missing=0.2': 1.0, 'noise=0.2;missing=0.0': 0.8968253968253969, 'noise=0.2;missing=0.2': 0.9298029556650247}",0.9333333333333333,0.016666666666666666,5,7,22,2.3181818181818183,0.36666666666666664,8,1.4166666666666667,2.4097222222222223,0.5288671023965141,4.3583165182723995,"{2: 17, 3: 3, 4: 2}",22,0.0,0.3648334385521886
0.9671364714468164,0.8869047619047619,0.9671364714468164,"{0.0: 1.0, 0.1: 0.9811507936507936, 0.2: 0.920258620689655}","{'noise=0.0;missing=0.0': 1.0, 'noise=0.0;missing=0.2': 1.0, 'noise=0.1;missing=0.0': 0.9623015873015872, 'noise=0.1;missing=0.2': 1.0, 'noise=0.2;missing=0.0': 0.9107142857142857, 'noise=0.2;missing=0.2': 0.9298029556650247}",0.9166666666666666,0.016666666666666666,5,7,23,2.4347826086956523,0.38333333333333336,8,1.5555555555555556,3.1913580246913584,0.5535714285714286,4.3183535294637805,"{2: 16, 3: 4, 4: 3}",23,0.0,0.38160677223116835
0.9694968983762087,0.8928571428571429,0.9694968983762087,"{0.0: 1.0, 0.1: 0.9794403393541325, 0.2: 0.9290503557744937}","{'noise=0.0;missing=0.0': 1.0, 'noise=0.0;missing=0.2': 1.0, 'noise=0.1;missing=0.0': 0.9662698412698413, 'noise=0.1;missing=0.2': 0.9926108374384236, 'noise=0.2;missing=0.0': 0.9246031746031746, 'noise=0.2;missing=0.2': 0.933497536945813}",0.9166666666666666,0.03333333333333333,5,7,26,2.423076923076923,0.43333333333333335,8,1.75,2.9652777777777777,0.4625220458553792,4.556899868652868,"{2: 18, 3: 5, 4: 3}",26,0.0,0.42898780270655273
0.9728151797117315,0.9047619047619048,0.9728151797117315,"{0.0: 1.0, 0.1: 0.996031746031746, 0.2: 0.9224137931034483}","{'noise=0.0;missing=0.0': 1.0, 'noise=0.0;missing=0.2': 1.0, 'noise=0.1;missing=0.0': 0.9920634920634921, 'noise=0.1;missing=0.2': 1.0, 'noise=0.2;missing=0.0': 0.9285714285714286, 'noise=0.2;missing=0.2': 0.916256157635468}",0.95,0.016666666666666666,5,7,21,2.3333333333333335,0.35,5,1.3611111111111112,1.9529320987654326,0.532312925170068,4.375341355274381,"{2: 15, 3: 5, 4: 1}",21,0.0,0.3490291923868313
0.9564860426929391,0.8452380952380952,0.9564860426929391,"{0.0: 1.0, 0.1: 0.9695197044334976, 0.2: 0.8999384236453201}","{'noise=0.0;missing=0.0': 1.0, 'noise=0.0;missing=0.2': 1.0, 'noise=0.1;missing=0.0': 0.9464285714285714, 'noise=0.1;missing=0.2': 0.9926108374384236, 'noise=0.2;missing=0.0': 0.875, 'noise=0.2;missing=0.2': 0.9248768472906405}",0.8666666666666667,0.03333333333333333,5,7,21,2.4761904761904763,0.35,7,1.4444444444444444,2.7469135802469133,0.5641025641025641,4.277054863698717,"{2: 14, 3: 4, 4: 3}",21,0.0,0.3501535861258083
0.9599183543149059,0.8630952380952381,0.9599183543149059,"{0.0: 1.0, 0.1: 0.9811507936507936, 0.2: 0.8986042692939245}","{'noise=0.0;missing=0.0': 1.0, 'noise=0.0;missing=0.2': 1.0, 'noise=0.1;missing=0.0': 0.9623015873015872, 'noise=0.1;missing=0.2': 1.0, 'noise=0.2;missing=0.0': 0.880952380952381, 'noise=0.2;missing=0.2': 0.916256157635468}",0.9,0.016666666666666666,5,7,21,2.4285714285714284,0.35,8,1.4166666666666667,3.5208333333333326,0.6465141612200436,3.9982277344174926,"{2: 14, 3: 5, 4: 2}",21,0.0,0.3499518849206349
0.9631796205072066,0.875,0.9631796205072066,"{0.0: 1.0, 0.1: 0.986111111111111, 0.2: 0.9034277504105089}","{'noise=0.0;missing=0.0': 1.0, 'noise=0.0;missing=0.2': 1.0, 'noise=0.1;missing=0.0': 0.9722222222222222, 'noise=0.1;missing=0.2': 1.0, 'noise=0.2;missing=0.0': 0.8869047619047619, 'noise=0.2;missing=0.2': 0.9199507389162562}",0.8833333333333333,0.0,5,7,22,2.409090909090909,0.36666666666666664,6,1.4722222222222223,2.471450617283951,0.5665618448637316,4.277093039665442,"{2: 15, 3: 5, 4: 2}",22,0.0,0.36547503974934525
0.9625980660463418,0.8690476190476191,0.9625980660463418,"{0.0: 1.0, 0.1: 0.9791666666666667, 0.2: 0.9086275314723592}","{'noise=0.0;missing=0.0': 1.0, 'noise=0.0;missing=0.2': 1.0, 'noise=0.1;missing=0.0': 0.9583333333333333, 'noise=0.1;missing=0.2': 1.0, 'noise=0.2;missing=0.0': 0.8948412698412699, 'noise=0.2;missing=0.2': 0.9224137931034483}",0.9333333333333333,0.03333333333333333,5,7,19,2.4210526315789473,0.31666666666666665,6,1.2777777777777777,1.8117283950617287,0.5398550724637681,4.338141847079169,"{2: 13, 3: 4, 4: 2}",19,0.0,0.31794815356291956
0.9716520707900019,0.8988095238095238,0.9716520707900019,"{0.0: 1.0, 0.1: 0.990079365079365, 0.2: 0.9248768472906403}","{'noise=0.0;missing=0.0': 1.0, 'noise=0.0;missing=0.2': 1.0, 'noise=0.1;missing=0.0': 0.9801587301587301, 'noise=0.1;missing=0.2': 1.0, 'noise=0.2;missing=0.0': 0.9285714285714286, 'noise=0.2;missing=0.2': 0.9211822660098522}",0.9333333333333333,0.016666666666666666,5,7,23,2.4782608695652173,0.38333333333333336,6,1.5833333333333333,2.4097222222222223,0.4956140350877193,4.488971436373026,"{2: 15, 3: 5, 4: 3}",23,0.0,0.3817784319645733
0.9635217113665389,0.8690476190476191,0.9635217113665389,"{0.0: 1.0, 0.1: 0.9744800218938151, 0.2: 0.9160851122058019}","{'noise=0.0;missing=0.0': 1.0, 'noise=0.0;missing=0.2': 1.0, 'noise=0.1;missing=0.0': 0.9563492063492064, 'noise=0.1;missing=0.2': 0.9926108374384236, 'noise=0.2;missing=0.0': 0.9146825396825398, 'noise=0.2;missing=0.2': 0.9174876847290641}",0.9,0.016666666666666666,5,7,22,2.3636363636363638,0.36666666666666664,7,1.4444444444444444,2.302469135802469,0.5117521367521367,4.425811353958517,"{2: 17, 3: 2, 4: 3}",22,0.0,0.36513121960344186
0.9730888523991974,0.9047619047619048,0.9730888523991974,"{0.0: 1.0, 0.1: 0.990079365079365, 0.2: 0.9291871921182265}","{'noise=0.0;missing=0.0': 1.0, 'noise=0.0;missing=0.2': 1.0, 'noise=0.1;missing=0.0': 0.9801587301587301, 'noise=0.1;missing=0.2': 1.0, 'noise=0.2;missing=0.0': 0.9285714285714286, 'noise=0.2;missing=0.2': 0.9298029556650247}",0.9333333333333333,0.016666666666666666,5,7,26,2.3846153846153846,0.43333333333333335,7,1.7222222222222223,1.9783950617283956,0.4014336917562724,4.703780384010577,"{2: 19, 3: 4, 4: 3}",26,0.0,0.4285562282367838
0.9639550264550265,0.8809523809523809,0.9639550264550265,"{0.0: 1.0, 0.1: 0.986111111111111, 0.2: 0.9057539682539684}","{'noise=0.0;missing=0.0': 1.0, 'noise=0.0;missing=0.2': 1.0, 'noise=0.1;missing=0.0': 0.9722222222222222, 'noise=0.1;missing=0.2': 1.0, 'noise=0.2;missing=0.0': 0.8829365079365079, 'noise=0.2;missing=0.2': 0.9285714285714286}",0.9,0.0,5,7,21,2.5238095238095237,0.35,6,1.4722222222222223,2.3603395061728403,0.55083857442348,4.329072049140224,"{2: 13, 3: 5, 4: 3}",21,0.0,0.35041984494415046
0.9691890166028096,0.8928571428571429,0.9691890166028096,"{0.0: 1.0, 0.1: 0.9789956212370006, 0.2: 0.9285714285714286}","{'noise=0.0;missing=0.0': 1.0, 'noise=0.0;missing=0.2': 1.0, 'noise=0.1;missing=0.0': 0.9801587301587301, 'noise=0.1;missing=0.2': 0.977832512315271, 'noise=0.2;missing=0.0': 0.9285714285714286, 'noise=0.2;missing=0.2': 0.9285714285714286}",0.9166666666666666,0.016666666666666666,5,7,21,2.238095238095238,0.35,5,1.3055555555555556,1.8233024691358029,0.5301418439716312,4.374079416457127,"{2: 17, 3: 3, 4: 1}",21,0.0,0.34834621178718395
0.959838533114395,0.8690476190476191,0.959838533114395,"{0.0: 1.0, 0.1: 0.986111111111111, 0.2: 0.8934044882320745}","{'noise=0.0;missing=0.0': 1.0, 'noise=0.0;missing=0.2': 1.0, 'noise=0.1;missing=0.0': 0.9722222222222222, 'noise=0.1;missing=0.2': 1.0, 'noise=0.2;missing=0.0': 0.8730158730158731, 'noise=0.2;missing=0.2': 0.9137931034482758}",0.9,0.016666666666666666,5,7,20,2.35,0.3333333333333333,6,1.3055555555555556,2.4899691358024696,0.6034278959810875,4.149501617266834,"{2: 14, 3: 5, 4: 1}",20,0.0,0.33340110596707817
0.9685504469987227,0.8869047619047619,0.9685504469987227,"{0.0: 1.0, 0.1: 0.9784482758620688, 0.2: 0.9272030651340996}","{'noise=0.0;missing=0.0': 1.0, 'noise=0.0;missing=0.2': 1.0, 'noise=0.1;missing=0.0': 0.9642857142857143, 'noise=0.1;missing=0.2': 0.9926108374384236, 'noise=0.2;missing=0.0': 0.9246031746031746, 'noise=0.2;missing=0.2': 0.9298029556650247}",0.9,0.016666666666666666,5,7,25,2.36,0.4166666666666667,8,1.6388888888888888,3.2307098765432096,0.545668549905838,4.3514787031307,"{2: 19, 3: 3, 4: 3}",25,0.0,0.4127606738683128
0.9641488779419812,0.8690476190476191,0.9641488779419812,"{0.0: 1.0, 0.1: 0.9660987958401751, 0.2: 0.9263478379857691}","{'noise=0.0;missing=0.0': 1.0, 'noise=0.0;missing=0.2': 1.0, 'noise=0.1;missing=0.0': 0.9543650793650793, 'noise=0.1;missing=0.2': 0.977832512315271, 'noise=0.2;missing=0.0': 0.9265873015873016, 'noise=0.2;missing=0.2': 0.9261083743842364}",0.8666666666666667,0.03333333333333333,5,7,19,2.473684210526316,0.31666666666666665,5,1.3055555555555556,1.7121913580246912,0.5100472813238771,4.424388522342239,"{2: 13, 3: 3, 4: 3}",19,0.0,0.3182970611327701
0.9600209815727058,0.8630952380952381,0.9600209815727058,"{0.0: 1.0, 0.1: 0.9789614121510672, 0.2: 0.9011015325670498}","{'noise=0.0;missing=0.0': 1.0, 'noise=0.0;missing=0.2': 1.0, 'noise=0.1;missing=0.0': 0.9702380952380952, 'noise=0.1;missing=0.2': 0.9876847290640394, 'noise=0.2;missing=0.0': 0.8908730158730158, 'noise=0.2;missing=0.2': 0.9113300492610837}",0.8833333333333333,0.016666666666666666,5,7,20,2.25,0.3333333333333333,7,1.25,2.7430555555555554,0.6339506172839506,4.033505253986556,"{2: 15, 3: 5}",20,0.0,0.3327488425925926
0.9707512315270935,0.8928571428571429,0.9707512315270935,"{0.0: 1.0, 0.1: 0.986384783798577, 0.2: 0.9258689107827038}","{'noise=0.0;missing=0.0': 1.0, 'noise=0.0;missing=0.2': 1.0, 'noise=0.1;missing=0.0': 0.9801587301587301, 'noise=0.1;missing=0.2': 0.9926108374384236, 'noise=0.2;missing=0.0': 0.9305555555555556, 'noise=0.2;missing=0.2': 0.9211822660098522}",0.9166666666666666,0.016666666666666666,5,7,23,2.3043478260869565,0.38333333333333336,7,1.4722222222222223,2.915895061728395,0.5749475890985325,4.250926587818031,"{2: 18, 3: 3, 4: 2}",23,0.0,0.38065506463589194
0.9595078452837074,0.8630952380952381,0.9595078452837074,"{0.0: 1.0, 0.1: 0.9761904761904762, 0.2: 0.9023330596606459}","{'noise=0.0;missing=0.0': 1.0, 'noise=0.0;missing=0.2': 1.0, 'noise=0.1;missing=0.0': 0.9523809523809523, 'noise=0.1;missing=0.2': 1.0, 'noise=0.2;missing=0.0': 0.8908730158730158, 'noise=0.2;missing=0.2': 0.9137931034482758}",0.9166666666666666,0.016666666666666666,5,7,21,2.3333333333333335,0.35,7,1.3611111111111112,2.397376543209877,0.5629251700680272,4.27744887604724,"{2: 15, 3: 5, 4: 1}",21,0.0,0.34910326646090534
0.9699986316365626,0.8928571428571429,0.9699986316365626,"{0.0: 1.0, 0.1: 0.990079365079365, 0.2: 0.919916529830323}","{'noise=0.0;missing=0.0': 1.0, 'noise=0.0;missing=0.2': 1.0, 'noise=0.1;missing=0.0': 0.9801587301587301, 'noise=0.1;missing=0.2': 1.0, 'noise=0.2;missing=0.0': 0.9186507936507936, 'noise=0.2;missing=0.2': 0.9211822660098522}",0.9333333333333333,0.016666666666666666,5,7,22,2.272727272727273,0.36666666666666664,6,1.3888888888888888,2.0154320987654324,0.5166666666666667,4.416174630069642,"{2: 18, 3: 2, 4: 2}",22,0.0,0.36445206696595583
0.962461229702609,0.8690476190476191,0.962461229702609,"{0.0: 1.0, 0.1: 0.982416529830323, 0.2: 0.9049671592775042}","{'noise=0.0;missing=0.0': 1.0, 'noise=0.0;missing=0.2': 1.0, 'noise=0.1;missing=0.0': 0.9722222222222222, 'noise=0.1;missing=0.2': 0.9926108374384236, 'noise=0.2;missing=0.0': 0.9047619047619049, 'noise=0.2;missing=0.2': 0.9051724137931034}",0.8833333333333333,0.016666666666666666,5,7,21,2.4285714285714284,0.35,5,1.4166666666666667,1.7986111111111107,0.4863834422657952,4.496461254696258,"{2: 15, 3: 3, 4: 3}",21,0.0,0.34966484788359786
0.9645137748586023,0.875,0.9645137748586023,"{0.0: 1.0, 0.1: 0.982416529830323, 0.2: 0.9111247947454844}","{'noise=0.0;missing=0.0': 1.0, 'noise=0.0;missing=0.2': 1.0, 'noise=0.1;missing=0.0': 0.9722222222222222, 'noise=0.1;missing=0.2': 0.9926108374384236, 'noise=0.2;missing=0.0': 0.9047619047619048, 'noise=0.2;missing=0.2': 0.9174876847290641}",0.9166666666666666,0.016666666666666666,5,7,21,2.238095238095238,0.35,5,1.3055555555555556,1.9344135802469136,0.5514184397163121,4.3154647887515205,"{2: 17, 3: 3, 4: 1}",21,0.0,0.3483647303057025
0.9611954935230798,0.8690476190476191,0.9611954935230798,"{0.0: 1.0, 0.1: 0.9851190476190477, 0.2: 0.8984674329501916}","{'noise=0.0;missing=0.0': 1.0, 'noise=0.0;missing=0.2': 1.0, 'noise=0.1;missing=0.0': 0.9702380952380951, 'noise=0.1;missing=0.2': 1.0, 'noise=0.2;missing=0.0': 0.8769841269841271, 'noise=0.2;missing=0.2': 0.9199507389162562}",0.9166666666666666,0.016666666666666666,5,7,24,2.375,0.4,7,1.5833333333333333,2.9097222222222223,0.526803118908382,4.396217813955431,"{2: 18, 3: 3, 4: 3}",24,0.0,0.3969780092592593
0.9698731983214741,0.8869047619047619,0.9698731983214741,"{0.0: 1.0, 0.1: 0.9784482758620691, 0.2: 0.9311713191023535}","{'noise=0.0;missing=0.0': 1.0, 'noise=0.0;missing=0.2': 1.0, 'noise=0.1;missing=0.0': 0.9642857142857143, 'noise=0.1;missing=0.2': 0.9926108374384236, 'noise=0.2;missing=0.0': 0.9325396825396827, 'noise=0.2;missing=0.2': 0.9298029556650247}",0.9,0.03333333333333333,5,7,22,2.3181818181818183,0.36666666666666664,6,1.4166666666666667,2.5208333333333335,0.5626361655773421,4.28234979315618,"{2: 17, 3: 3, 4: 2}",22,0.0,0.36485195707070706
0.9721880131362891,0.8988095238095238,0.9721880131362891,"{0.0: 1.0, 0.1: 0.982416529830323, 0.2: 0.9341475095785441}","{'noise=0.0;missing=0.0': 1.0, 'noise=0.0;missing=0.2': 1.0, 'noise=0.1;missing=0.0': 0.9722222222222222, 'noise=0.1;missing=0.2': 0.9926108374384236, 'noise=0.2;missing=0.0': 0.9384920634920635, 'noise=0.2;missing=0.2': 0.9298029556650247}",0.9166666666666666,0.016666666666666666,5,7,24,2.3333333333333335,0.4,7,1.5555555555555556,2.4135802469135808,0.4801587301587302,4.514845271921823,"{2: 19, 3: 2, 4: 3}",24,0.0,0.39660596707818935
0.9644795657726691,0.8690476190476191,0.9644795657726691,"{0.0: 1.0, 0.1: 0.9660987958401751, 0.2: 0.9273399014778326}","{'noise=0.0;missing=0.0': 1.0, 'noise=0.0;missing=0.2': 1.0, 'noise=0.1;missing=0.0': 0.9543650793650793, 'noise=0.1;missing=0.2': 0.977832512315271, 'noise=0.2;missing=0.0': 0.9285714285714286, 'noise=0.2;missing=0.2': 0.9261083743842364}",0.85,0.03333333333333333,5,7,20,2.45,0.3333333333333333,5,1.3611111111111112,1.7307098765432098,0.49263038548752835,4.474417946545265,"{2: 14, 3: 3, 4: 3}",20,0.0,0.3339690072016461
0.9659733625250866,0.8809523809523809,0.9659733625250866,"{0.0: 1.0, 0.1: 0.9839217296113848, 0.2: 0.9139983579638751}","{'noise=0.0;missing=0.0': 1.0, 'noise=0.0;missing=0.2': 1.0, 'noise=0.1;missing=0.0': 0.9801587301587301, 'noise=0.1;missing=0.2': 0.9876847290640394, 'noise=0.2;missing=0.0': 0.9166666666666666, 'noise=0.2;missing=0.2': 0.9113300492610837}",0.9,0.016666666666666666,5,7,24,2.2916666666666665,0.4,9,1.5277777777777777,3.971450617283951,0.6015151515151516,4.146570568102206,"{2: 17, 3: 7}",24,0.0,0.39657626028806586
0.9528370735267289,0.8452380952380952,0.9528370735267289,"{0.0: 1.0, 0.1: 0.9682539682539683, 0.2: 0.8902572523262179}","{'noise=0.0;missing=0.0': 1.0, 'noise=0.0;missing=0.2': 1.0, 'noise=0.1;missing=0.0': 0.9365079365079365, 'noise=0.1;missing=0.2': 1.0, 'noise=0.2;missing=0.0': 0.8531746031746031, 'noise=0.2;missing=0.2': 0.9273399014778325}",0.9166666666666666,0.0,5,7,18,2.388888888888889,0.3,6,1.1944444444444444,1.9899691358024691,0.5923772609819121,4.175696440497044,"{2: 12, 3: 5, 4: 1}",18,0.0,0.3019211676954732
0.9691205984309432,0.8928571428571429,0.9691205984309432,"{0.0: 1.0, 0.1: 0.986111111111111, 0.2: 0.9212506841817186}","{'noise=0.0;missing=0.0': 1.0, 'noise=0.0;missing=0.2': 1.0, 'noise=0.1;missing=0.0': 0.9722222222222222, 'noise=0.1;missing=0.2': 1.0, 'noise=0.2;missing=0.0': 0.9126984126984128, 'noise=0.2;missing=0.2': 0.9298029556650247}",0.9333333333333333,0.0,5,7,21,2.3333333333333335,0.35,6,1.3611111111111112,2.1195987654320994,0.558390022675737,4.287780252101864,"{2: 15, 3: 5, 4: 1}",21,0.0,0.349056970164609
0.9653918080642218,0.875,0.9653918080642218,"{0.0: 1.0, 0.1: 0.9762588943623427, 0.2: 0.919916529830323}","{'noise=0.0;missing=0.0': 1.0, 'noise=0.0;missing=0.2': 1.0, 'noise=0.1;missing=0.0': 0.9722222222222222, 'noise=0.1;missing=0.2': 0.980295566502463, 'noise=0.2;missing=0.0': 0.9186507936507936, 'noise=0.2;missing=0.2': 0.9211822660098522}",0.9,0.016666666666666666,5,7,21,2.238095238095238,0.35,6,1.3055555555555556,2.8233024691358026,0.6069739952718676,4.113129150361585,"{2: 16, 3: 5}",21,0.0,0.3485128784538506
0.9702266922094507,0.8988095238095238,0.9702266922094507,"{0.0: 1.0, 0.1: 0.9831349206349207, 0.2: 0.9275451559934318}","{'noise=0.0;missing=0.0': 1.0, 'noise=0.0;missing=0.2': 1.0, 'noise=0.1;missing=0.0': 0.9662698412698413, 'noise=0.1;missing=0.2': 1.0, 'noise=0.2;missing=0.0': 0.9166666666666666, 'noise=0.2;missing=0.2': 0.938423645320197}",0.9333333333333333,0.016666666666666666,5,7,26,2.423076923076923,0.43333333333333335,8,1.75,2.7430555555555554,0.4634038800705467,4.576663559094719,"{2: 18, 3: 5, 4: 3}",26,0.0,0.4289507656695157
0.9622331691297209,0.8690476190476191,0.9622331691297209,"{0.0: 1.0, 0.1: 0.9880952380952381, 0.2: 0.8986042692939245}","{'noise=0.0;missing=0.0': 1.0, 'noise=0.0;missing=0.2': 1.0, 'noise=0.1;missing=0.0': 0.9761904761904762, 'noise=0.1;missing=0.2': 1.0, 'noise=0.2;missing=0.0': 0.880952380952381, 'noise=0.2;missing=0.2': 0.916256157635468}",0.9333333333333333,0.016666666666666666,5,7,17,2.2941176470588234,0.2833333333333333,4,1.0833333333333333,1.354166666666667,0.5633903133903134,4.252974975106084,"{2: 13, 3: 3, 4: 1}",17,0.0,0.2853237336601307
0.9601236088305053,0.8630952380952381,0.9601236088305053,"{0.0: 1.0, 0.1: 0.9781746031746031, 0.2: 0.9021962233169131}","{'noise=0.0;missing=0.0': 1.0, 'noise=0.0;missing=0.2': 1.0, 'noise=0.1;missing=0.0': 0.9563492063492064, 'noise=0.1;missing=0.2': 1.0, 'noise=0.2;missing=0.0': 0.8869047619047619, 'noise=0.2;missing=0.2': 0.9174876847290641}",0.9,0.0,5,7,20,2.55,0.3333333333333333,7,1.4166666666666667,2.7430555555555554,0.5778867102396514,4.223089127052012,"{2: 12, 3: 5, 4: 3}",20,0.0,0.3348321759259259
0.959838533114395,0.8690476190476191,0.959838533114395,"{0.0: 1.0, 0.1: 0.9871031746031746, 0.2: 0.892412424740011}","{'noise=0.0;missing=0.0': 1.0, 'noise=0.0;missing=0.2': 1.0, 'noise=0.1;missing=0.0': 0.9742063492063492, 'noise=0.1;missing=0.2': 1.0, 'noise=0.2;missing=0.0': 0.871031746031746, 'noise=0.2;missing=0.2': 0.9137931034482758}",0.9166666666666666,0.016666666666666666,5,7,21,2.3333333333333335,0.35,7,1.3611111111111112,2.5640432098765435,0.5856009070294784,4.211222090377107,"{2: 15, 3: 5, 4: 1}",21,0.0,0.34913104423868313
0.9701126619230068,0.8928571428571429,0.9701126619230068,"{0.0: 1.0, 0.1: 0.986111111111111, 0.2: 0.9242268746579091}","{'noise=0.0;missing=0.0': 1.0, 'noise=0.0;missing=0.2': 1.0, 'noise=0.1;missing=0.0': 0.9722222222222222, 'noise=0.1;missing=0.2': 1.0, 'noise=0.2;missing=0.0': 0.9186507936507936, 'noise=0.2;missing=0.2': 0.9298029556650247}",0.9333333333333333,0.016666666666666666,5,7,25,2.4,0.4166666666666667,7,1.6666666666666667,2.0555555555555554,0.42592592592592593,4.648127471686345,"{2: 18, 3: 4, 4: 3}",25,0.0,0.41284259259259265
0.9571246122970261,0.8571428571428571,0.9571246122970261,"{0.0: 1.0, 0.1: 0.9769772851669404, 0.2: 0.8943965517241379}","{'noise=0.0;missing=0.0': 1.0, 'noise=0.0;missing=0.2': 1.0, 'noise=0.1;missing=0.0': 0.9662698412698413, 'noise=0.1;missing=0.2': 0.9876847290640394, 'noise=0.2;missing=0.0': 0.8749999999999999, 'noise=0.2;missing=0.2': 0.9137931034482758}",0.9333333333333333,0.016666666666666666,5,7,17,2.3529411764705883,0.2833333333333333,5,1.1111111111111112,1.5987654320987656,0.5805555555555556,4.181687083026443,"{2: 12, 3: 4, 4: 1}",17,0.0,0.28577299685306223
0.9683451924831236,0.8928571428571429,0.9683451924831236,"{0.0: 1.0, 0.1: 0.990079365079365, 0.2: 0.9149562123700056}","{'noise=0.0;missing=0.0': 1.0, 'noise=0.0;missing=0.2': 1.0, 'noise=0.1;missing=0.0': 0.9801587301587301, 'noise=0.1;missing=0.2': 1.0, 'noise=0.2;missing=0.0': 0.9087301587301587, 'noise=0.2;missing=0.2': 0.9211822660098522}",0.9333333333333333,0.0,5,7,23,2.260869565217391,0.38333333333333336,6,1.4444444444444444,2.302469135802469,0.5427350427350427,4.335175901608574,"{2: 18, 3: 4, 4: 1}",23,0.0,0.3802508946144212
0.9705345739828498,0.8928571428571429,0.9705345739828498,"{0.0: 1.0, 0.1: 0.982416529830323, 0.2: 0.9291871921182265}","{'noise=0.0;missing=0.0': 1.0, 'noise=0.0;missing=0.2': 1.0, 'noise=0.1;missing=0.0': 0.9722222222222222, 'noise=0.1;missing=0.2': 0.9926108374384236, 'noise=0.2;missing=0.0': 0.9285714285714286, 'noise=0.2;missing=0.2': 0.9298029556650247}",0.8833333333333333,0.016666666666666666,5,7,25,2.32,0.4166666666666667,8,1.6111111111111112,3.515432098765433,0.5766283524904214,4.246188866586813,"{2: 19, 3: 4, 4: 2}",25,0.0,0.41253034979423875
0.9625410509031198,0.8690476190476191,0.9625410509031198,"{0.0: 1.0, 0.1: 0.9670908593322387, 0.2: 0.9205322933771211}","{'noise=0.0;missing=0.0': 1.0, 'noise=0.0;missing=0.2': 1.0, 'noise=0.1;missing=0.0': 0.9563492063492064, 'noise=0.1;missing=0.2': 0.977832512315271, 'noise=0.2;missing=0.0': 0.9186507936507936, 'noise=0.2;missing=0.2': 0.9224137931034483}",0.9,0.03333333333333333,5,7,20,2.3,0.3333333333333333,6,1.2777777777777777,1.7006172839506175,0.5169082125603864,4.398030705821854,"{2: 16, 3: 2, 4: 2}",20,0.0,0.33292232510288067
0.9590745301952198,0.8571428571428571,0.9590745301952198,"{0.0: 1.0, 0.1: 0.9710591133004927, 0.2: 0.906164477285167}","{'noise=0.0;missing=0.0': 1.0, 'noise=0.0;missing=0.2': 1.0, 'noise=0.1;missing=0.0': 0.9642857142857143, 'noise=0.1;missing=0.2': 0.977832512315271, 'noise=0.2;missing=0.0': 0.8948412698412699, 'noise=0.2;missing=0.2': 0.9174876847290641}",0.8833333333333333,0.016666666666666666,5,7,19,2.473684210526316,0.31666666666666665,7,1.3055555555555556,2.1010802469135803,0.5372340425531915,4.338391841917421,"{2: 13, 3: 3, 4: 3}",19,0.0,0.31836187594758497
0.9664979018427294,0.8809523809523809,0.9664979018427294,"{0.0: 1.0, 0.1: 0.9883689107827038, 0.2: 0.9111247947454844}","{'noise=0.0;missing=0.0': 1.0, 'noise=0.0;missing=0.2': 1.0, 'noise=0.1;missing=0.0': 0.9841269841269842, 'noise=0.1;missing=0.2': 0.9926108374384236, 'noise=0.2;missing=0.0': 0.9047619047619048, 'noise=0.2;missing=0.2': 0.9174876847290641}",0.9166666666666666,0.016666666666666666,5,7,23,2.391304347826087,0.38333333333333336,5,1.5277777777777777,2.193672839506173,0.5095959595959596,4.443472278516044,"{2: 16, 3: 5, 4: 2}",23,0.0,0.3811385589998211
0.9599525634008392,0.8630952380952381,0.9599525634008392,"{0.0: 1.0, 0.1: 0.9831349206349207, 0.2: 0.8967227695675971}","{'noise=0.0;missing=0.0': 1.0, 'noise=0.0;missing=0.2': 1.0, 'noise=0.1;missing=0.0': 0.9662698412698413, 'noise=0.1;missing=0.2': 1.0, 'noise=0.2;missing=0.0': 0.8710317460317459, 'noise=0.2;missing=0.2': 0.9224137931034483}",0.9166666666666666,0.05,5,7,23,2.347826086956522,0.38333333333333336,9,1.5,2.9722222222222223,0.5452674897119342,4.318797223985047,"{2: 17, 3: 4, 4: 2}",23,0.0,0.380966384863124
0.9721880131362891,0.8988095238095238,0.9721880131362891,"{0.0: 1.0, 0.1: 0.982416529830323, 0.2: 0.9341475095785441}","{'noise=0.0;missing=0.0': 1.0, 'noise=0.0;missing=0.2': 1.0, 'noise=0.1;missing=0.0': 0.9722222222222222, 'noise=0.1;missing=0.2': 0.9926108374384236, 'noise=0.2;missing=0.0': 0.9384920634920635, 'noise=0.2;missing=0.2': 0.9298029556650247}",0.9166666666666666,0.016666666666666666,5,7,25,2.36,0.4166666666666667,7,1.6388888888888888,2.675154320987654,0.4872881355932203,4.50577367004189,"{2: 19, 3: 3, 4: 3}",25,0.0,0.4126680812757202
0.9648330596606459,0.875,0.9648330596606459,"{0.0: 1.0, 0.1: 0.9871031746031746, 0.2: 0.9073960043787631}","{'noise=0.0;missing=0.0': 1.0, 'noise=0.0;missing=0.2': 1.0, 'noise=0.1;missing=0.0': 0.9742063492063492, 'noise=0.1;missing=0.2': 1.0, 'noise=0.2;missing=0.0': 0.8948412698412699, 'noise=0.2;missing=0.2': 0.9199507389162562}",0.9,0.016666666666666666,5,7,14,2.2857142857142856,0.23333333333333334,4,0.8888888888888888,0.9876543209876544,0.578125,4.163909765557392,"{2: 11, 3: 2, 4: 1}",14,0.0,0.2377042915931805
0.9635559204524721,0.875,0.9635559204524721,"{0.0: 1.0, 0.1: 0.9771825396825397, 0.2: 0.913485221674877}","{'noise=0.0;missing=0.0': 1.0, 'noise=0.0;missing=0.2': 1.0, 'noise=0.1;missing=0.0': 0.9543650793650793, 'noise=0.1;missing=0.2': 1.0, 'noise=0.2;missing=0.0': 0.9107142857142857, 'noise=0.2;missing=0.2': 0.916256157635468}",0.8833333333333333,0.016666666666666666,5,7,18,2.388888888888889,0.3,5,1.1944444444444444,1.6010802469135799,0.5536175710594315,4.295353348118594,"{2: 13, 3: 3, 4: 2}",18,0.0,0.30185635288065843
0.9639664294836708,0.875,0.9639664294836708,"{0.0: 1.0, 0.1: 0.9811507936507936, 0.2: 0.910748494800219}","{'noise=0.0;missing=0.0': 1.0, 'noise=0.0;missing=0.2': 1.0, 'noise=0.1;missing=0.0': 0.9623015873015872, 'noise=0.1;missing=0.2': 1.0, 'noise=0.2;missing=0.0': 0.9027777777777778, 'noise=0.2;missing=0.2': 0.9187192118226601}",0.8833333333333333,0.016666666666666666,5,7,18,2.2777777777777777,0.3,4,1.1388888888888888,1.5084876543209877,0.5765582655826558,4.210733711724087,"{2: 14, 3: 3, 4: 1}",18,0.0,0.30106931584362134
0.9710705163291371,0.8928571428571429,0.9710705163291371,"{0.0: 1.0, 0.1: 0.982416529830323, 0.2: 0.9307950191570882}","{'noise=0.0;missing=0.0': 1.0, 'noise=0.0;missing=0.2': 1.0, 'noise=0.1;missing=0.0': 0.9722222222222222, 'noise=0.1;missing=0.2': 0.9926108374384236, 'noise=0.2;missing=0.0': 0.9305555555555556, 'noise=0.2;missing=0.2': 0.9310344827586208}",0.9,0.016666666666666666,5,7,22,2.1818181818181817,0.36666666666666664,7,1.3333333333333333,2.611111111111111,0.5798611111111112,4.212247596305932,"{2: 18, 3: 4}",22,0.0,0.36392003367003367
0.9716520707900019,0.8988095238095238,0.9716520707900019,"{0.0: 1.0, 0.1: 0.990079365079365, 0.2: 0.9248768472906403}","{'noise=0.0;missing=0.0': 1.0, 'noise=0.0;missing=0.2': 1.0, 'noise=0.1;missing=0.0': 0.9801587301587301, 'noise=0.1;missing=0.2': 1.0, 'noise=0.2;missing=0.0': 0.9285714285714286, 'noise=0.2;missing=0.2': 0.9211822660098522}",0.9333333333333333,0.016666666666666666,5,7,22,2.4545454545454546,0.36666666666666664,6,1.5,2.0277777777777777,0.48045267489711935,4.521013604328456,"{2: 15, 3: 4, 4: 3}",22,0.0,0.3657167508417508
0.9739668856048167,0.9047619047619048,0.9739668856048167,"{0.0: 1.0, 0.1: 0.9910714285714286, 0.2: 0.9308292282430214}","{'noise=0.0;missing=0.0': 1.0, 'noise=0.0;missing=0.2': 1.0, 'noise=0.1;missing=0.0': 0.9821428571428571, 'noise=0.1;missing=0.2': 1.0, 'noise=0.2;missing=0.0': 0.9404761904761905, 'noise=0.2;missing=0.2': 0.9211822660098522}",0.9166666666666666,0.016666666666666666,5,7,23,2.4782608695652173,0.38333333333333336,5,1.5833333333333333,2.1319444444444446,0.49171539961013644,4.502215076761859,"{2: 15, 3: 5, 4: 3}",23,0.0,0.38173213566827696
0.9590289180806422,0.8571428571428571,0.9590289180806422,"{0.0: 1.0, 0.1: 0.9670908593322387, 0.2: 0.909995894909688}","{'noise=0.0;missing=0.0': 1.0, 'noise=0.0;missing=0.2': 1.0, 'noise=0.1;missing=0.0': 0.9563492063492064, 'noise=0.1;missing=0.2': 0.977832512315271, 'noise=0.2;missing=0.0': 0.8988095238095238, 'noise=0.2;missing=0.2': 0.9211822660098523}",0.9166666666666666,0.03333333333333333,5,7,19,2.526315789473684,0.31666666666666665,5,1.3333333333333333,1.7777777777777777,0.49421296296296297,4.460500657991218,"{2: 12, 3: 4, 4: 3}",19,0.0,0.3186734892787524
0.9627805145046524,0.875,0.9627805145046524,"{0.0: 1.0, 0.1: 0.9789614121510672, 0.2: 0.90938013136289}","{'noise=0.0;missing=0.0': 1.0, 'noise=0.0;missing=0.2': 1.0, 'noise=0.1;missing=0.0': 0.9702380952380952, 'noise=0.1;missing=0.2': 0.9876847290640394, 'noise=0.2;missing=0.0': 0.8988095238095238, 'noise=0.2;missing=0.2': 0.9199507389162562}",0.9,0.016666666666666666,5,7,22,2.409090909090909,0.36666666666666664,7,1.4722222222222223,2.86033950617284,0.5728511530398323,4.256407607732244,"{2: 16, 3: 3, 4: 3}",22,0.0,0.3655398545641601
0.9617884510125889,0.8690476190476191,0.9617884510125889,"{0.0: 1.0, 0.1: 0.9920634920634921, 0.2: 0.8933018609742748}","{'noise=0.0;missing=0.0': 1.0, 'noise=0.0;missing=0.2': 1.0, 'noise=0.1;missing=0.0': 0.9841269841269842, 'noise=0.1;missing=0.2': 1.0, 'noise=0.2;missing=0.0': 0.878968253968254, 'noise=0.2;missing=0.2': 0.9076354679802956}",0.9333333333333333,0.016666666666666666,5,7,17,2.235294117647059,0.2833333333333333,5,1.0555555555555556,1.4969135802469136,0.5891812865497076,4.165837632423486,"{2: 13, 3: 4}",17,0.0,0.284939028080368
0.9716520707900019,0.8988095238095238,0.9716520707900019,"{0.0: 1.0, 0.1: 0.990079365079365, 0.2: 0.9248768472906403}","{'noise=0.0;missing=0.0': 1.0, 'noise=0.0;missing=0.2': 1.0, 'noise=0.1;missing=0.0': 0.9801587301587301, 'noise=0.1;missing=0.2': 1.0, 'noise=0.2;missing=0.0': 0.9285714285714286, 'noise=0.2;missing=0.2': 0.9211822660098522}",0.9333333333333333,0.016666666666666666,5,7,22,2.5,0.36666666666666664,6,1.5277777777777777,2.0825617283950617,0.48333333333333334,4.519831022883674,"{2: 14, 3: 5, 4: 3}",22,0.0,0.3660415380658436
0.9730888523991974,0.9047619047619048,0.9730888523991974,"{0.0: 1.0, 0.1: 0.990079365079365, 0.2: 0.9291871921182265}","{'noise=0.0;missing=0.0': 1.0, 'noise=0.0;missing=0.2': 1.0, 'noise=0.1;missing=0.0': 0.9801587301587301, 'noise=0.1;missing=0.2': 1.0, 'noise=0.2;missing=0.0': 0.9285714285714286, 'noise=0.2;missing=0.2': 0.9298029556650247}",0.9333333333333333,0.016666666666666666,5,7,23,2.347826086956522,0.38333333333333336,6,1.5,1.9166666666666667,0.47016460905349794,4.54407124317728,"{2: 18, 3: 2, 4: 3}",23,0.0,0.38079045893719804
0.9707626345557381,0.8988095238095238,0.9707626345557381,"{0.0: 1.0, 0.1: 0.996031746031746, 0.2: 0.916256157635468}","{'noise=0.0;missing=0.0': 1.0, 'noise=0.0;missing=0.2': 1.0, 'noise=0.1;missing=0.0': 0.9920634920634921, 'noise=0.1;missing=0.2': 1.0, 'noise=0.2;missing=0.0': 0.9285714285714286, 'noise=0.2;missing=0.2': 0.9039408866995073}",0.9333333333333333,0.016666666666666666,5,7,22,2.3181818181818183,0.36666666666666664,6,1.4166666666666667,2.2986111111111107,0.5452069716775599,4.341556656070961,"{2: 16, 3: 5, 4: 1}",22,0.0,0.36481492003367005
0.9561667578908958,0.8571428571428571,0.9561667578908958,"{0.0: 1.0, 0.1: 0.9740010946907499, 0.2: 0.8944991789819375}","{'noise=0.0;missing=0.0': 1.0, 'noise=0.0;missing=0.2': 1.0, 'noise=0.1;missing=0.0': 0.9603174603174603, 'noise=0.1;missing=0.2': 0.9876847290640394, 'noise=0.2;missing=0.0': 0.8690476190476192, 'noise=0.2;missing=0.2': 0.9199507389162562}",0.9,0.016666666666666666,5,7,20,2.3,0.3333333333333333,7,1.2777777777777777,2.6450617283950617,0.6256038647342995,4.072020653162079,"{2: 15, 3: 4, 4: 1}",20,0.0,0.33307973251028805
0.9692118226600986,0.8869047619047619,0.9692118226600986,"{0.0: 1.0, 0.1: 0.9784482758620691, 0.2: 0.9291871921182265}","{'noise=0.0;missing=0.0': 1.0, 'noise=0.0;missing=0.2': 1.0, 'noise=0.1;missing=0.0': 0.9642857142857143, 'noise=0.1;missing=0.2': 0.9926108374384236, 'noise=0.2;missing=0.0': 0.9285714285714286, 'noise=0.2;missing=0.2': 0.9298029556650247}",0.9166666666666666,0.016666666666666666,5,7,27,2.3703703703703702,0.45,8,1.7777777777777777,2.561728395061728,0.4288194444444444,4.658214015923011,"{2: 20, 3: 4, 4: 3}",27,0.0,0.4443878600823045
0.9735107644590403,0.9047619047619048,0.9735107644590403,"{0.0: 1.0, 0.1: 0.986384783798577, 0.2: 0.9341475095785441}","{'noise=0.0;missing=0.0': 1.0, 'noise=0.0;missing=0.2': 1.0, 'noise=0.1;missing=0.0': 0.9801587301587301, 'noise=0.1;missing=0.2': 0.9926108374384236, 'noise=0.2;missing=0.0': 0.9384920634920635, 'noise=0.2;missing=0.2': 0.9298029556650247}",0.9333333333333333,0.016666666666666666,5,7,22,2.3636363636363638,0.36666666666666664,7,1.4444444444444444,2.2469135802469133,0.49145299145299143,4.469362556006409,"{2: 17, 3: 2, 4: 3}",22,0.0,0.3651219603441826
0.9669426199598613,0.875,0.9669426199598613,"{0.0: 1.0, 0.1: 0.9734879584017515, 0.2: 0.9273399014778326}","{'noise=0.0;missing=0.0': 1.0, 'noise=0.0;missing=0.2': 1.0, 'noise=0.1;missing=0.0': 0.9543650793650793, 'noise=0.1;missing=0.2': 0.9926108374384236, 'noise=0.2;missing=0.0': 0.9285714285714286, 'noise=0.2;missing=0.2': 0.9261083743842364}",0.8666666666666667,0.03333333333333333,5,7,22,2.409090909090909,0.36666666666666664,5,1.4722222222222223,1.9158950617283952,0.48165618448637315,4.515867040270228,"{2: 16, 3: 3, 4: 3}",22,0.0,0.36538244715675267
0.9588464696223318,0.8690476190476191,0.9588464696223318,"{0.0: 1.0, 0.1: 0.9871031746031746, 0.2: 0.8894362342638205}","{'noise=0.0;missing=0.0': 1.0, 'noise=0.0;missing=0.2': 1.0, 'noise=0.1;missing=0.0': 0.9742063492063492, 'noise=0.1;missing=0.2': 1.0, 'noise=0.2;missing=0.0': 0.865079365079365, 'noise=0.2;missing=0.2': 0.9137931034482758}",0.9166666666666666,0.016666666666666666,5,7,19,2.3157894736842106,0.31666666666666665,5,1.2222222222222223,1.7839506172839503,0.5631313131313131,4.2693287100782,"{2: 14, 3: 4, 4: 1}",19,0.0,0.3172125297812432
0.9615261813537676,0.8690476190476191,0.9615261813537676,"{0.0: 1.0, 0.1: 0.9831349206349207, 0.2: 0.9014436234263821}","{'noise=0.0;missing=0.0': 1.0, 'noise=0.0;missing=0.2': 1.0, 'noise=0.1;missing=0.0': 0.9662698412698413, 'noise=0.1;missing=0.2': 1.0, 'noise=0.2;missing=0.0': 0.8829365079365079, 'noise=0.2;missing=0.2': 0.9199507389162561}",0.9333333333333333,0.016666666666666666,5,7,19,2.3157894736842106,0.31666666666666665,8,1.2222222222222223,2.6728395061728394,0.6111111111111112,4.087510528260018,"{2: 14, 3: 4, 4: 1}",19,0.0,0.3173606779293913
0.9557106367451196,0.8511904761904762,0.9557106367451196,"{0.0: 1.0, 0.1: 0.9712301587301587, 0.2: 0.8959017515051997}","{'noise=0.0;missing=0.0': 1.0, 'noise=0.0;missing=0.2': 1.0, 'noise=0.1;missing=0.0': 0.9424603174603174, 'noise=0.1;missing=0.2': 1.0, 'noise=0.2;missing=0.0': 0.882936507936508, 'noise=0.2;missing=0.2': 0.9088669950738916}",0.9,0.016666666666666666,5,7,18,2.3333333333333335,0.3,5,1.1666666666666667,1.6944444444444446,0.5859788359788359,4.186860506514696,"{2: 13, 3: 4, 4: 1}",18,0.0,0.3014861111111111
0.9649698960043787,0.875,0.9649698960043787,"{0.0: 1.0, 0.1: 0.9809455391351943, 0.2: 0.9139641488779421}","{'noise=0.0;missing=0.0': 1.0, 'noise=0.0;missing=0.2': 1.0, 'noise=0.1;missing=0.0': 0.9742063492063492, 'noise=0.1;missing=0.2': 0.9876847290640394, 'noise=0.2;missing=0.0': 0.9067460317460317, 'noise=0.2;missing=0.2': 0.9211822660098522}",0.9166666666666666,0.03333333333333333,5,7,19,2.3157894736842106,0.31666666666666665,6,1.2222222222222223,1.950617283950617,0.5606060606060606,4.25217217593812,"{2: 14, 3: 4, 4: 1}",19,0.0,0.317240307559021
0.9684706257982121,0.8869047619047619,0.9684706257982121,"{0.0: 1.0, 0.1: 0.9871031746031746, 0.2: 0.9183087027914615}","{'noise=0.0;missing=0.0': 1.0, 'noise=0.0;missing=0.2': 1.0, 'noise=0.1;missing=0.0': 0.9742063492063492, 'noise=0.1;missing=0.2': 1.0, 'noise=0.2;missing=0.0': 0.9166666666666666, 'noise=0.2;missing=0.2': 0.9199507389162562}",0.9166666666666666,0.016666666666666666,5,7,17,2.2941176470588234,0.2833333333333333,5,1.0833333333333333,1.354166666666667,0.5562678062678063,4.262984193710268,"{2: 13, 3: 3, 4: 1}",17,0.0,0.2853237336601307
0.9709906951286262,0.8928571428571429,0.9709906951286262,"{0.0: 1.0, 0.1: 0.9871031746031746, 0.2: 0.9258689107827038}","{'noise=0.0;missing=0.0': 1.0, 'noise=0.0;missing=0.2': 1.0, 'noise=0.1;missing=0.0': 0.9742063492063492, 'noise=0.1;missing=0.2': 1.0, 'noise=0.2;missing=0.0': 0.9305555555555555, 'noise=0.2;missing=0.2': 0.9211822660098522}",0.9166666666666666,0.016666666666666666,5,7,20,2.5,0.3333333333333333,4,1.3888888888888888,1.5154320987654322,0.4855555555555556,4.478562939644916,"{2: 13, 3: 4, 4: 3}",20,0.0,0.33428034979423865
0.9651751505199782,0.8809523809523809,0.9651751505199782,"{0.0: 1.0, 0.1: 0.9744800218938151, 0.2: 0.9210454296661192}","{'noise=0.0;missing=0.0': 1.0, 'noise=0.0;missing=0.2': 1.0, 'noise=0.1;missing=0.0': 0.9563492063492064, 'noise=0.1;missing=0.2': 0.9926108374384236, 'noise=0.2;missing=0.0': 0.9246031746031746, 'noise=0.2;missing=0.2': 0.9174876847290641}",0.9166666666666666,0.03333333333333333,5,7,21,2.3333333333333335,0.35,7,1.3611111111111112,2.4529320987654324,0.5651927437641724,4.26744428429881,"{2: 15, 3: 5, 4: 1}",21,0.0,0.3491125257201646
0.9712073526728698,0.8928571428571429,0.9712073526728698,"{0.0: 1.0, 0.1: 0.9910714285714286, 0.2: 0.9225506294471811}","{'noise=0.0;missing=0.0': 1.0, 'noise=0.0;missing=0.2': 1.0, 'noise=0.1;missing=0.0': 0.9821428571428571, 'noise=0.1;missing=0.2': 1.0, 'noise=0.2;missing=0.0': 0.9325396825396826, 'noise=0.2;missing=0.2': 0.9125615763546797}",0.9,0.016666666666666666,5,7,23,2.4347826086956523,0.38333333333333336,5,1.5555555555555556,2.0802469135802473,0.49007936507936506,4.50211235188259,"{2: 16, 3: 4, 4: 3}",23,0.0,0.38142158704598317
0.9660303776683088,0.8809523809523809,0.9660303776683088,"{0.0: 1.0, 0.1: 0.9910714285714286, 0.2: 0.9070197044334976}","{'noise=0.0;missing=0.0': 1.0, 'noise=0.0;missing=0.2': 1.0, 'noise=0.1;missing=0.0': 0.9821428571428571, 'noise=0.1;missing=0.2': 1.0, 'noise=0.2;missing=0.0': 0.8928571428571429, 'noise=0.2;missing=0.2': 0.9211822660098522}",0.9,0.016666666666666666,5,7,15,2.3333333333333335,0.25,3,0.9722222222222222,0.8603395061728394,0.5087301587301587,4.378864088188097,"{2: 12, 3: 1, 4: 2}",15,0.0,0.2538470936213992
0.9688469257434775,0.8928571428571429,0.9688469257434775,"{0.0: 1.0, 0.1: 0.990079365079365, 0.2: 0.9164614121510674}","{'noise=0.0;missing=0.0': 1.0, 'noise=0.0;missing=0.2': 1.0, 'noise=0.1;missing=0.0': 0.9801587301587301, 'noise=0.1;missing=0.2': 1.0, 'noise=0.2;missing=0.0': 0.9166666666666666, 'noise=0.2;missing=0.2': 0.916256157635468}",0.9333333333333333,0.016666666666666666,5,7,22,2.3181818181818183,0.36666666666666664,6,1.4166666666666667,2.409722222222222,0.5484749455337691,4.328713086815008,"{2: 16, 3: 5, 4: 1}",22,0.0,0.3648334385521886
0.9634076810800947,0.875,0.9634076810800947,"{0.0: 1.0, 0.1: 0.9784482758620691, 0.2: 0.9117747673782156}","{'noise=0.0;missing=0.0': 1.0, 'noise=0.0;missing=0.2': 1.0, 'noise=0.1;missing=0.0': 0.9642857142857143, 'noise=0.1;missing=0.2': 0.9926108374384236, 'noise=0.2;missing=0.0': 0.9146825396825397, 'noise=0.2;missing=0.2': 0.9088669950738917}",0.9,0.03333333333333333,5,7,20,2.25,0.3333333333333333,5,1.25,1.6875,0.5216049382716049,4.381316019639962,"{2: 16, 3: 3, 4: 1}",20,0.0,0.33257291666666666
0.9650953293194672,0.875,0.9650953293194672,"{0.0: 1.0, 0.1: 0.9774562123700055, 0.2: 0.9178297755883964}","{'noise=0.0;missing=0.0': 1.0, 'noise=0.0;missing=0.2': 1.0, 'noise=0.1;missing=0.0': 0.9623015873015872, 'noise=0.1;missing=0.2': 0.9926108374384236, 'noise=0.2;missing=0.0': 0.9206349206349207, 'noise=0.2;missing=0.2': 0.915024630541872}",0.8833333333333333,0.016666666666666666,5,7,19,2.263157894736842,0.31666666666666665,5,1.1944444444444444,2.323302469135802,0.6091731266149871,4.096184536099523,"{2: 14, 3: 5}",19,0.0,0.3169369246805284
0.963829593139938,0.875,0.963829593139938,"{0.0: 1.0, 0.1: 0.9811507936507936, 0.2: 0.9103379857690203}","{'noise=0.0;missing=0.0': 1.0, 'noise=0.0;missing=0.2': 1.0, 'noise=0.1;missing=0.0': 0.9623015873015872, 'noise=0.1;missing=0.2': 1.0, 'noise=0.2;missing=0.0': 0.8908730158730158, 'noise=0.2;missing=0.2': 0.9298029556650247}",0.9166666666666666,0.0,5,7,18,2.3333333333333335,0.3,5,1.1666666666666667,1.6944444444444444,0.5859788359788359,4.186860506514696,"{2: 13, 3: 4, 4: 1}",18,0.0,0.3014861111111111
0.9577061667578908,0.8511904761904762,0.9577061667578908,"{0.0: 1.0, 0.1: 0.9631226053639848, 0.2: 0.909995894909688}","{'noise=0.0;missing=0.0': 1.0, 'noise=0.0;missing=0.2': 1.0, 'noise=0.1;missing=0.0': 0.9484126984126984, 'noise=0.1;missing=0.2': 0.977832512315271, 'noise=0.2;missing=0.0': 0.8988095238095238, 'noise=0.2;missing=0.2': 0.9211822660098523}",0.9166666666666666,0.03333333333333333,5,7,19,2.5789473684210527,0.31666666666666665,5,1.3611111111111112,1.786265432098765,0.477891156462585,4.497790334866218,"{2: 11, 3: 5, 4: 3}",19,0.0,0.3190404009638293
0.9649698960043788,0.875,0.9649698960043788,"{0.0: 1.0, 0.1: 0.9670908593322387, 0.2: 0.9278188286808976}","{'noise=0.0;missing=0.0': 1.0, 'noise=0.0;missing=0.2': 1.0, 'noise=0.1;missing=0.0': 0.9563492063492064, 'noise=0.1;missing=0.2': 0.977832512315271, 'noise=0.2;missing=0.0': 0.9246031746031746, 'noise=0.2;missing=0.2': 0.9310344827586208}",0.9166666666666666,0.05,5,7,19,2.263157894736842,0.31666666666666665,5,1.1944444444444444,1.5455246913580245,0.5458656330749354,4.312908871424721,"{2: 16, 3: 1, 4: 2}",19,0.0,0.31680729505089883
0.9658137201240651,0.8869047619047619,0.9658137201240651,"{0.0: 1.0, 0.1: 0.986111111111111, 0.2: 0.9113300492610836}","{'noise=0.0;missing=0.0': 1.0, 'noise=0.0;missing=0.2': 1.0, 'noise=0.1;missing=0.0': 0.9722222222222222, 'noise=0.1;missing=0.2': 1.0, 'noise=0.2;missing=0.0': 0.8928571428571429, 'noise=0.2;missing=0.2': 0.9298029556650247}",0.9,0.0,5,7,24,2.3333333333333335,0.4,6,1.5555555555555556,2.9135802469135808,0.5684523809523809,4.282639243749494,"{2: 17, 3: 6, 4: 1}",24,0.0,0.39668930041152267
0.9535782703886152,0.8511904761904762,0.9535782703886152,"{0.0: 1.0, 0.1: 0.9769772851669404, 0.2: 0.8837575259989053}","{'noise=0.0;missing=0.0': 1.0, 'noise=0.0;missing=0.2': 1.0, 'noise=0.1;missing=0.0': 0.9662698412698413, 'noise=0.1;missing=0.2': 0.9876847290640394, 'noise=0.2;missing=0.0': 0.8611111111111109, 'noise=0.2;missing=0.2': 0.9064039408866995}",0.9166666666666666,0.016666666666666666,5,7,18,2.388888888888889,0.3,6,1.1944444444444444,1.9344135802469131,0.588501291989664,4.164295859202322,"{2: 12, 3: 5, 4: 1}",18,0.0,0.30191190843621396
0.9668057836161283,0.8809523809523809,0.9668057836161283,"{0.0: 1.0, 0.1: 0.9880952380952381, 0.2: 0.9123221127531471}","{'noise=0.0;missing=0.0': 1.0, 'noise=0.0;missing=0.2': 1.0, 'noise=0.1;missing=0.0': 0.9761904761904762, 'noise=0.1;missing=0.2': 1.0, 'noise=0.2;missing=0.0': 0.8948412698412699, 'noise=0.2;missing=0.2': 0.9298029556650247}",0.9333333333333333,0.016666666666666666,5,7,16,2.25,0.26666666666666666,4,1.0,1.3333333333333333,0.5987654320987654,4.127986806877675,"{2: 13, 3: 2, 4: 1}",16,0.0,0.26918055555555553
0.9724274767378215,0.8988095238095238,0.9724274767378215,"{0.0: 1.0, 0.1: 0.9871031746031746, 0.2: 0.9301792556102901}","{'noise=0.0;missing=0.0': 1.0, 'noise=0.0;missing=0.2': 1.0, 'noise=0.1;missing=0.0': 0.9742063492063492, 'noise=0.1;missing=0.2': 1.0, 'noise=0.2;missing=0.0': 0.9305555555555555, 'noise=0.2;missing=0.2': 0.9298029556650247}",0.9166666666666666,0.016666666666666666,5,7,19,2.3684210526315788,0.31666666666666665,5,1.25,1.6875,0.5413580246913581,4.3390908078646255,"{2: 14, 3: 3, 4: 2}",19,0.0,0.31756195175438595
0.9617200328407224,0.8630952380952381,0.9617200328407224,"{0.0: 1.0, 0.1: 0.9710591133004927, 0.2: 0.9141009852216749}","{'noise=0.0;missing=0.0': 1.0, 'noise=0.0;missing=0.2': 1.0, 'noise=0.1;missing=0.0': 0.9642857142857143, 'noise=0.1;missing=0.2': 0.977832512315271, 'noise=0.2;missing=0.0': 0.9107142857142857, 'noise=0.2;missing=0.2': 0.9174876847290641}",0.8666666666666667,0.016666666666666666,5,7,22,2.409090909090909,0.36666666666666664,6,1.4722222222222223,1.9714506172839508,0.4827044025157233,4.510386020356015,"{2: 15, 3: 5, 4: 2}",22,0.0,0.36539170641601193
0.9678092501368363,0.8869047619047619,0.9678092501368363,"{0.0: 1.0, 0.1: 0.9920634920634921, 0.2: 0.9113642583470168}","{'noise=0.0;missing=0.0': 1.0, 'noise=0.0;missing=0.2': 1.0, 'noise=0.1;missing=0.0': 0.9841269841269842, 'noise=0.1;missing=0.2': 1.0, 'noise=0.2;missing=0.0': 0.9027777777777778, 'noise=0.2;missing=0.2': 0.9199507389162562}",0.95,0.016666666666666666,5,7,19,2.263157894736842,0.31666666666666665,6,1.1944444444444444,1.60108024691358,0.5174418604651163,4.379298475431078,"{2: 16, 3: 1, 4: 2}",19,0.0,0.3168165543101581
0.9643655354862252,0.8690476190476191,0.9643655354862252,"{0.0: 1.0, 0.1: 0.9734879584017515, 0.2: 0.919608648056924}","{'noise=0.0;missing=0.0': 1.0, 'noise=0.0;missing=0.2': 1.0, 'noise=0.1;missing=0.0': 0.9543650793650793, 'noise=0.1;missing=0.2': 0.9926108374384236, 'noise=0.2;missing=0.0': 0.9007936507936508, 'noise=0.2;missing=0.2': 0.938423645320197}",0.9166666666666666,0.03333333333333333,5,7,20,2.3,0.3333333333333333,5,1.2777777777777777,1.5895061728395061,0.5265700483091788,4.352381456471638,"{2: 16, 3: 2, 4: 2}",20,0.0,0.33290380658436214
0.9609104178069695,0.8630952380952381,0.9609104178069695,"{0.0: 1.0, 0.1: 0.9784482758620691, 0.2: 0.9042829775588397}","{'noise=0.0;missing=0.0': 1.0, 'noise=0.0;missing=0.2': 1.0, 'noise=0.1;missing=0.0': 0.9642857142857143, 'noise=0.1;missing=0.2': 0.9926108374384236, 'noise=0.2;missing=0.0': 0.884920634920635, 'noise=0.2;missing=0.2': 0.9236453201970444}",0.8833333333333333,0.03333333333333333,5,7,20,2.3,0.3333333333333333,6,1.2777777777777777,2.1450617283950617,0.5772946859903382,4.23260373898627,"{2: 15, 3: 4, 4: 1}",20,0.0,0.3329963991769547
0.9724274767378215,0.8988095238095238,0.9724274767378215,"{0.0: 1.0, 0.1: 0.9871031746031746, 0.2: 0.9301792556102901}","{'noise=0.0;missing=0.0': 1.0, 'noise=0.0;missing=0.2': 1.0, 'noise=0.1;missing=0.0': 0.9742063492063492, 'noise=0.1;missing=0.2': 1.0, 'noise=0.2;missing=0.0': 0.9305555555555555, 'noise=0.2;missing=0.2': 0.9298029556650247}",0.9166666666666666,0.016666666666666666,5,7,20,2.4,0.3333333333333333,5,1.3333333333333333,1.6666666666666667,0.5138888888888888,4.420914521951838,"{2: 14, 3: 4, 4: 2}",20,0.0,0.3336111111111111
0.9660303776683088,0.8809523809523809,0.9660303776683088,"{0.0: 1.0, 0.1: 0.9910714285714286, 0.2: 0.9070197044334976}","{'noise=0.0;missing=0.0': 1.0, 'noise=0.0;missing=0.2': 1.0, 'noise=0.1;missing=0.0': 0.9821428571428571, 'noise=0.1;missing=0.2': 1.0, 'noise=0.2;missing=0.0': 0.8928571428571429, 'noise=0.2;missing=0.2': 0.9211822660098522}",0.9,0.016666666666666666,5,7,16,2.375,0.26666666666666666,3,1.0555555555555556,0.8302469135802469,0.46345029239766083,4.5041206053780485,"{2: 12, 3: 2, 4: 2}",16,0.0,0.2699647633744856
0.9617884510125889,0.8690476190476191,0.9617884510125889,"{0.0: 1.0, 0.1: 0.9920634920634921, 0.2: 0.8933018609742748}","{'noise=0.0;missing=0.0': 1.0, 'noise=0.0;missing=0.2': 1.0, 'noise=0.1;missing=0.0': 0.9841269841269842, 'noise=0.1;missing=0.2': 1.0, 'noise=0.2;missing=0.0': 0.878968253968254, 'noise=0.2;missing=0.2': 0.9076354679802956}",0.9333333333333333,0.016666666666666666,5,7,18,2.2222222222222223,0.3,5,1.1111111111111112,1.5987654320987659,0.5888888888888889,4.175070520364182,"{2: 14, 3: 4}",18,0.0,0.3006985596707819
0.9696223316912972,0.8928571428571429,0.9696223316912972,"{0.0: 1.0, 0.1: 0.9737616310892172, 0.2: 0.9351053639846744}","{'noise=0.0;missing=0.0': 1.0, 'noise=0.0;missing=0.2': 1.0, 'noise=0.1;missing=0.0': 0.9623015873015872, 'noise=0.1;missing=0.2': 0.9852216748768472, 'noise=0.2;missing=0.0': 0.9305555555555555, 'noise=0.2;missing=0.2': 0.939655172413793}",0.9,0.016666666666666666,5,7,19,2.473684210526316,0.31666666666666665,5,1.3055555555555556,1.6010802469135803,0.5100472813238771,4.4243885223422375,"{2: 13, 3: 3, 4: 3}",19,0.0,0.31827854261425165
0.9604656996898375,0.8630952380952381,0.9604656996898375,"{0.0: 1.0, 0.1: 0.9784482758620691, 0.2: 0.9029488232074439}","{'noise=0.0;missing=0.0': 1.0, 'noise=0.0;missing=0.2': 1.0, 'noise=0.1;missing=0.0': 0.9642857142857143, 'noise=0.1;missing=0.2': 0.9926108374384236, 'noise=0.2;missing=0.0': 0.8908730158730158, 'noise=0.2;missing=0.2': 0.915024630541872}",0.8833333333333333,0.016666666666666666,5,7,20,2.25,0.3333333333333333,5,1.25,2.2430555555555554,0.6018518518518519,4.150993175715511,"{2: 15, 3: 5}",20,0.0,0.33266550925925925
0.9701012588943624,0.8988095238095238,0.9701012588943624,"{0.0: 1.0, 0.1: 0.986111111111111, 0.2: 0.9241926655719759}","{'noise=0.0;missing=0.0': 1.0, 'noise=0.0;missing=0.2': 1.0, 'noise=0.1;missing=0.0': 0.9722222222222222, 'noise=0.1;missing=0.2': 1.0, 'noise=0.2;missing=0.0': 0.9087301587301588, 'noise=0.2;missing=0.2': 0.939655172413793}",0.9166666666666666,0.0,5,7,22,2.409090909090909,0.36666666666666664,6,1.4722222222222223,2.193672839506173,0.5141509433962265,4.426152181738841,"{2: 15, 3: 5, 4: 2}",22,0.0,0.365428743453049
0.9728151797117315,0.9047619047619048,0.9728151797117315,"{0.0: 1.0, 0.1: 0.996031746031746, 0.2: 0.9224137931034483}","{'noise=0.0;missing=0.0': 1.0, 'noise=0.0;missing=0.2': 1.0, 'noise=0.1;missing=0.0': 0.9920634920634921, 'noise=0.1;missing=0.2': 1.0, 'noise=0.2;missing=0.0': 0.9285714285714286, 'noise=0.2;missing=0.2': 0.916256157635468}",0.95,0.016666666666666666,5,7,20,2.3,0.3333333333333333,5,1.2777777777777777,1.9783950617283952,0.5579710144927537,4.290321609248306,"{2: 15, 3: 4, 4: 1}",20,0.0,0.33296862139917693
0.9726441342820652,0.8988095238095238,0.9726441342820652,"{0.0: 1.0, 0.1: 0.9910714285714286, 0.2: 0.9268609742747673}","{'noise=0.0;missing=0.0': 1.0, 'noise=0.0;missing=0.2': 1.0, 'noise=0.1;missing=0.0': 0.9821428571428571, 'noise=0.1;missing=0.2': 1.0, 'noise=0.2;missing=0.0': 0.9325396825396826, 'noise=0.2;missing=0.2': 0.9211822660098523}",0.9,0.016666666666666666,5,7,20,2.3,0.3333333333333333,6,1.2777777777777777,2.3117283950617287,0.5821256038647343,4.203365087509175,"{2: 14, 3: 6}",20,0.0,0.3330241769547325
0.9729748221127533,0.8988095238095238,0.9729748221127533,"{0.0: 1.0, 0.1: 0.9910714285714286, 0.2: 0.9278530377668309}","{'noise=0.0;missing=0.0': 1.0, 'noise=0.0;missing=0.2': 1.0, 'noise=0.1;missing=0.0': 0.9821428571428571, 'noise=0.1;missing=0.2': 1.0, 'noise=0.2;missing=0.0': 0.9345238095238095, 'noise=0.2;missing=0.2': 0.9211822660098522}",0.9,0.03333333333333333,5,7,22,2.5,0.36666666666666664,5,1.5277777777777777,1.9714506172839508,0.4904040404040404,4.504290059751432,"{2: 14, 3: 5, 4: 3}",22,0.0,0.3660230195473251
0.9629287538770297,0.875,0.9629287538770297,"{0.0: 1.0, 0.1: 0.9791666666666667, 0.2: 0.9096195949644227}","{'noise=0.0;missing=0.0': 1.0, 'noise=0.0;missing=0.2': 1.0, 'noise=0.1;missing=0.0': 0.9583333333333333, 'noise=0.1;missing=0.2': 1.0, 'noise=0.2;missing=0.0': 0.8968253968253969, 'noise=0.2;missing=0.2': 0.9224137931034483}",0.9333333333333333,0.016666666666666666,5,7,18,2.4444444444444446,0.3,6,1.2222222222222223,1.8395061728395055,0.5580808080808081,4.271598379853423,"{2: 12, 3: 4, 4: 2}",18,0.0,0.30228189300411523
0.9691205984309432,0.8928571428571429,0.9691205984309432,"{0.0: 1.0, 0.1: 0.986111111111111, 0.2: 0.9212506841817186}","{'noise=0.0;missing=0.0': 1.0, 'noise=0.0;missing=0.2': 1.0, 'noise=0.1;missing=0.0': 0.9722222222222222, 'noise=0.1;missing=0.2': 1.0, 'noise=0.2;missing=0.0': 0.9126984126984128, 'noise=0.2;missing=0.2': 0.9298029556650247}",0.9333333333333333,0.0,5,7,20,2.3,0.3333333333333333,6,1.2777777777777777,2.0895061728395063,0.5797101449275363,4.213460597220264,"{2: 15, 3: 4, 4: 1}",20,0.0,0.33298713991769546
0.9739554825761723,0.9047619047619048,0.9739554825761723,"{0.0: 1.0, 0.1: 0.9910714285714286, 0.2: 0.9307950191570882}","{'noise=0.0;missing=0.0': 1.0, 'noise=0.0;missing=0.2': 1.0, 'noise=0.1;missing=0.0': 0.9821428571428571, 'noise=0.1;missing=0.2': 1.0, 'noise=0.2;missing=0.0': 0.9305555555555555, 'noise=0.2;missing=0.2': 0.9310344827586208}",0.9166666666666666,0.016666666666666666,5,7,19,2.3684210526315788,0.31666666666666665,4,1.25,1.2986111111111112,0.48333333333333334,4.491418651692922,"{2: 14, 3: 3, 4: 2}",19,0.0,0.3174971369395711
0.9650953293194672,0.875,0.9650953293194672,"{0.0: 1.0, 0.1: 0.9774562123700055, 0.2: 0.9178297755883964}","{'noise=0.0;missing=0.0': 1.0, 'noise=0.0;missing=0.2': 1.0, 'noise=0.1;missing=0.0': 0.9623015873015872, 'noise=0.1;missing=0.2': 0.9926108374384236, 'noise=0.2;missing=0.0': 0.9206349206349207, 'noise=0.2;missing=0.2': 0.915024630541872}",0.8833333333333333,0.016666666666666666,5,7,18,2.2222222222222223,0.3,5,1.1111111111111112,1.9876543209876543,0.6180555555555556,4.072573883611435,"{2: 14, 3: 4}",18,0.0,0.3007633744855967
0.966817186644773,0.8809523809523809,0.966817186644773,"{0.0: 1.0, 0.1: 0.9871031746031746, 0.2: 0.9133483853311439}","{'noise=0.0;missing=0.0': 1.0, 'noise=0.0;missing=0.2': 1.0, 'noise=0.1;missing=0.0': 0.9742063492063492, 'noise=0.1;missing=0.2': 1.0, 'noise=0.2;missing=0.0': 0.9067460317460317, 'noise=0.2;missing=0.2': 0.9199507389162562}",0.9,0.016666666666666666,5,7,15,2.3333333333333335,0.25,4,0.9722222222222222,0.9714506172839504,0.5214285714285715,4.3432894453927675,"{2: 12, 3: 1, 4: 2}",15,0.0,0.2538656121399177
0.9649698960043788,0.875,0.9649698960043788,"{0.0: 1.0, 0.1: 0.9670908593322387, 0.2: 0.9278188286808976}","{'noise=0.0;missing=0.0': 1.0, 'noise=0.0;missing=0.2': 1.0, 'noise=0.1;missing=0.0': 0.9563492063492064, 'noise=0.1;missing=0.2': 0.977832512315271, 'noise=0.2;missing=0.0': 0.9246031746031746, 'noise=0.2;missing=0.2': 0.9310344827586208}",0.9166666666666666,0.05,5,7,20,2.3,0.3333333333333333,5,1.2777777777777777,1.7561728395061729,0.5398550724637681,4.341724391348311,"{2: 16, 3: 2, 4: 2}",20,0.0,0.3329315843621399
0.9697249589490969,0.8928571428571429,0.9697249589490969,"{0.0: 1.0, 0.1: 0.996031746031746, 0.2: 0.9131431308155447}","{'noise=0.0;missing=0.0': 1.0, 'noise=0.0;missing=0.2': 1.0, 'noise=0.1;missing=0.0': 0.9920634920634921, 'noise=0.1;missing=0.2': 1.0, 'noise=0.2;missing=0.0': 0.9186507936507936, 'noise=0.2;missing=0.2': 0.9076354679802956}",0.9333333333333333,0.016666666666666666,5,7,21,2.2857142857142856,0.35,5,1.3333333333333333,2.2222222222222223,0.5555555555555556,4.284159127851422,"{2: 15, 3: 6}",21,0.0,0.3487433862433862
0.9651181353767562,0.8809523809523809,0.9651181353767562,"{0.0: 1.0, 0.1: 0.9880952380952381, 0.2: 0.9072591680350302}","{'noise=0.0;missing=0.0': 1.0, 'noise=0.0;missing=0.2': 1.0, 'noise=0.1;missing=0.0': 0.9761904761904762, 'noise=0.1;missing=0.2': 1.0, 'noise=0.2;missing=0.0': 0.8908730158730158, 'noise=0.2;missing=0.2': 0.9236453201970443}",0.9333333333333333,0.016666666666666666,5,7,16,2.3125,0.26666666666666666,4,1.0277777777777777,1.2492283950617287,0.5608108108108109,4.249729716863358,"{2: 12, 3: 3, 4: 1}",16,0.0,0.26960056584362135
0.966817186644773,0.8809523809523809,0.966817186644773,"{0.0: 1.0, 0.1: 0.9871031746031746, 0.2: 0.9133483853311439}","{'noise=0.0;missing=0.0': 1.0, 'noise=0.0;missing=0.2': 1.0, 'noise=0.1;missing=0.0': 0.9742063492063492, 'noise=0.1;missing=0.2': 1.0, 'noise=0.2;missing=0.0': 0.9067460317460317, 'noise=0.2;missing=0.2': 0.9199507389162562}",0.9,0.016666666666666666,5,7,15,2.2666666666666666,0.25,4,0.9444444444444444,0.941358024691358,0.5343137254901961,4.300554385304355,"{2: 12, 3: 2, 4: 1}",15,0.0,0.2533976337448559
0.9618568691844553,0.8630952380952381,0.9618568691844553,"{0.0: 1.0, 0.1: 0.9781746031746031, 0.2: 0.9073960043787631}","{'noise=0.0;missing=0.0': 1.0, 'noise=0.0;missing=0.2': 1.0, 'noise=0.1;missing=0.0': 0.9563492063492064, 'noise=0.1;missing=0.2': 1.0, 'noise=0.2;missing=0.0': 0.8948412698412699, 'noise=0.2;missing=0.2': 0.9199507389162562}",0.9,0.016666666666666666,5,7,16,2.25,0.26666666666666666,4,1.0,1.3333333333333333,0.5987654320987654,4.127986806877675,"{2: 13, 3: 2, 4: 1}",16,0.0,0.26918055555555553
0.9604656996898375,0.8630952380952381,0.9604656996898375,"{0.0: 1.0, 0.1: 0.9784482758620691, 0.2: 0.9029488232074439}","{'noise=0.0;missing=0.0': 1.0, 'noise=0.0;missing=0.2': 1.0, 'noise=0.1;missing=0.0': 0.9642857142857143, 'noise=0.1;missing=0.2': 0.9926108374384236, 'noise=0.2;missing=0.0': 0.8908730158730158, 'noise=0.2;missing=0.2': 0.915024630541872}",0.8833333333333333,0.016666666666666666,5,7,17,2.176470588235294,0.2833333333333333,5,1.0277777777777777,1.6936728395061729,0.6253753753753754,4.0440637580947945,"{2: 14, 3: 3}",17,0.0,0.28456332455821837
0.9671934865900385,0.8869047619047619,0.9671934865900385,"{0.0: 1.0, 0.1: 0.9920634920634921, 0.2: 0.9095169677066229}","{'noise=0.0;missing=0.0': 1.0, 'noise=0.0;missing=0.2': 1.0, 'noise=0.1;missing=0.0': 0.9841269841269842, 'noise=0.1;missing=0.2': 1.0, 'noise=0.2;missing=0.0': 0.9027777777777778, 'noise=0.2;missing=0.2': 0.916256157635468}",0.9666666666666667,0.016666666666666666,5,7,17,2.235294117647059,0.2833333333333333,4,1.0555555555555556,1.330246913580247,0.5657894736842105,4.240962710641207,"{2: 14, 3: 2, 4: 1}",17,0.0,0.2849112503025902
0.9646734172596242,0.8809523809523809,0.9646734172596242,"{0.0: 1.0, 0.1: 0.9920634920634921, 0.2: 0.9019567597153804}","{'noise=0.0;missing=0.0': 1.0, 'noise=0.0;missing=0.2': 1.0, 'noise=0.1;missing=0.0': 0.9841269841269842, 'noise=0.1;missing=0.2': 1.0, 'noise=0.2;missing=0.0': 0.8888888888888887, 'noise=0.2;missing=0.2': 0.9150246305418719}",0.9333333333333333,0.016666666666666666,5,7,17,2.235294117647059,0.2833333333333333,5,1.0555555555555556,1.5524691358024691,0.5964912280701754,4.145972171840238,"{2: 13, 3: 4}",17,0.0,0.2849482873396272
0.9681855500821018,0.8869047619047619,0.9681855500821018,"{0.0: 1.0, 0.1: 0.9920634920634921, 0.2: 0.9124931581828134}","{'noise=0.0;missing=0.0': 1.0, 'noise=0.0;missing=0.2': 1.0, 'noise=0.1;missing=0.0': 0.9841269841269842, 'noise=0.1;missing=0.2': 1.0, 'noise=0.2;missing=0.0': 0.9087301587301587, 'noise=0.2;missing=0.2': 0.916256157635468}",0.9333333333333333,0.016666666666666666,5,7,16,2.375,0.26666666666666666,4,1.0555555555555556,0.9969135802469137,0.48391812865497075,4.45148902643068,"{2: 12, 3: 2, 4: 2}",16,0.0,0.26999254115226334
0.9684706257982121,0.8869047619047619,0.9684706257982121,"{0.0: 1.0, 0.1: 0.9871031746031746, 0.2: 0.9183087027914615}","{'noise=0.0;missing=0.0': 1.0, 'noise=0.0;missing=0.2': 1.0, 'noise=0.1;missing=0.0': 0.9742063492063492, 'noise=0.1;missing=0.2': 1.0, 'noise=0.2;missing=0.0': 0.9166666666666666, 'noise=0.2;missing=0.2': 0.9199507389162562}",0.9166666666666666,0.016666666666666666,5,7,17,2.3529411764705883,0.2833333333333333,5,1.1111111111111112,1.3209876543209877,0.525,4.356198332810095,"{2: 13, 3: 2, 4: 2}",17,0.0,0.2857267005567659
0.9730888523991974,0.9047619047619048,0.9730888523991974,"{0.0: 1.0, 0.1: 0.990079365079365, 0.2: 0.9291871921182265}","{'noise=0.0;missing=0.0': 1.0, 'noise=0.0;missing=0.2': 1.0, 'noise=0.1;missing=0.0': 0.9801587301587301, 'noise=0.1;missing=0.2': 1.0, 'noise=0.2;missing=0.0': 0.9285714285714286, 'noise=0.2;missing=0.2': 0.9298029556650247}",0.9333333333333333,0.016666666666666666,5,7,22,2.272727272727273,0.36666666666666664,6,1.3888888888888888,1.7932098765432103,0.4888888888888889,4.488367439558378,"{2: 18, 3: 2, 4: 2}",22,0.0,0.36441502992891883
0.9651181353767562,0.8809523809523809,0.9651181353767562,"{0.0: 1.0, 0.1: 0.9880952380952381, 0.2: 0.9072591680350302}","{'noise=0.0;missing=0.0': 1.0, 'noise=0.0;missing=0.2': 1.0, 'noise=0.1;missing=0.0': 0.9761904761904762, 'noise=0.1;missing=0.2': 1.0, 'noise=0.2;missing=0.0': 0.8908730158730158, 'noise=0.2;missing=0.2': 0.9236453201970443}",0.9333333333333333,0.016666666666666666,5,7,17,2.3529411764705883,0.2833333333333333,5,1.1111111111111112,1.4876543209876545,0.5652777777777778,4.243942707918269,"{2: 12, 3: 4, 4: 1}",17,0.0,0.2857544783345437
0.9728151797117315,0.9047619047619048,0.9728151797117315,"{0.0: 1.0, 0.1: 0.996031746031746, 0.2: 0.9224137931034483}","{'noise=0.0;missing=0.0': 1.0, 'noise=0.0;missing=0.2': 1.0, 'noise=0.1;missing=0.0': 0.9920634920634921, 'noise=0.1;missing=0.2': 1.0, 'noise=0.2;missing=0.0': 0.9285714285714286, 'noise=0.2;missing=0.2': 0.916256157635468}",0.95,0.016666666666666666,5,7,19,2.3684210526315788,0.31666666666666665,5,1.25,1.6875,0.5216049382716049,4.3813160196399625,"{2: 13, 3: 5, 4: 1}",19,0.0,0.31756195175438595
0.9714354132457581,0.8928571428571429,0.9714354132457581,"{0.0: 1.0, 0.1: 0.986111111111111, 0.2: 0.9281951286261633}","{'noise=0.0;missing=0.0': 1.0, 'noise=0.0;missing=0.2': 1.0, 'noise=0.1;missing=0.0': 0.9722222222222222, 'noise=0.1;missing=0.2': 1.0, 'noise=0.2;missing=0.0': 0.9265873015873016, 'noise=0.2;missing=0.2': 0.9298029556650247}",0.9166666666666666,0.03333333333333333,5,7,19,2.3157894736842106,0.31666666666666665,5,1.2222222222222223,1.8395061728395063,0.5694444444444444,4.252172175938122,"{2: 14, 3: 4, 4: 1}",19,0.0,0.31722178904050247
0.971823116219668,0.8988095238095238,0.971823116219668,"{0.0: 1.0, 0.1: 0.996031746031746, 0.2: 0.9194376026272578}","{'noise=0.0;missing=0.0': 1.0, 'noise=0.0;missing=0.2': 1.0, 'noise=0.1;missing=0.0': 0.9920634920634921, 'noise=0.1;missing=0.2': 1.0, 'noise=0.2;missing=0.0': 0.9226190476190477, 'noise=0.2;missing=0.2': 0.916256157635468}",0.9333333333333333,0.03333333333333333,5,7,20,2.35,0.3333333333333333,5,1.3055555555555556,1.8233024691358024,0.5242316784869976,4.379710533616496,"{2: 14, 3: 5, 4: 1}",20,0.0,0.33328999485596705
0.9668057836161283,0.8869047619047619,0.9668057836161283,"{0.0: 1.0, 0.1: 0.9851190476190477, 0.2: 0.9152983032293377}","{'noise=0.0;missing=0.0': 1.0, 'noise=0.0;missing=0.2': 1.0, 'noise=0.1;missing=0.0': 0.9702380952380951, 'noise=0.1;missing=0.2': 1.0, 'noise=0.2;missing=0.0': 0.9007936507936508, 'noise=0.2;missing=0.2': 0.9298029556650247}",0.9333333333333333,0.0,5,7,19,2.3157894736842106,0.31666666666666665,6,1.2222222222222223,2.117283950617283,0.6035353535353535,4.1352347434897885,"{2: 14, 3: 4, 4: 1}",19,0.0,0.31726808533679873
0.9711047254150701,0.8988095238095238,0.9711047254150701,"{0.0: 1.0, 0.1: 0.9871031746031746, 0.2: 0.9262110016420362}","{'noise=0.0;missing=0.0': 1.0, 'noise=0.0;missing=0.2': 1.0, 'noise=0.1;missing=0.0': 0.9742063492063492, 'noise=0.1;missing=0.2': 1.0, 'noise=0.2;missing=0.0': 0.9226190476190476, 'noise=0.2;missing=0.2': 0.9298029556650247}",0.9333333333333333,0.0,5,7,16,2.3125,0.26666666666666666,4,1.0277777777777777,1.1381172839506173,0.5487987987987988,4.283381405994074,"{2: 13, 3: 1, 4: 2}",16,0.0,0.2695820473251029
0.9678092501368363,0.8869047619047619,0.9678092501368363,"{0.0: 1.0, 0.1: 0.9920634920634921, 0.2: 0.9113642583470168}","{'noise=0.0;missing=0.0': 1.0, 'noise=0.0;missing=0.2': 1.0, 'noise=0.1;missing=0.0': 0.9841269841269842, 'noise=0.1;missing=0.2': 1.0, 'noise=0.2;missing=0.0': 0.9027777777777778, 'noise=0.2;missing=0.2': 0.9199507389162562}",0.95,0.016666666666666666,5,7,20,2.35,0.3333333333333333,6,1.3055555555555556,1.6566358024691357,0.49704491725768324,4.4530050748517365,"{2: 16, 3: 1, 4: 3}",20,0.0,0.33326221707818926
0.9697933771209635,0.8928571428571429,0.9697933771209635,"{0.0: 1.0, 0.1: 0.986111111111111, 0.2: 0.9232690202517789}","{'noise=0.0;missing=0.0': 1.0, 'noise=0.0;missing=0.2': 1.0, 'noise=0.1;missing=0.0': 0.9722222222222222, 'noise=0.1;missing=0.2': 1.0, 'noise=0.2;missing=0.0': 0.9265873015873015, 'noise=0.2;missing=0.2': 0.9199507389162562}",0.9166666666666666,0.016666666666666666,5,7,20,2.3,0.3333333333333333,5,1.2777777777777777,1.867283950617284,0.5615942028985508,4.281835532605626,"{2: 15, 3: 4, 4: 1}",20,0.0,0.3329501028806584
0.9643883415435139,0.875,0.9643883415435139,"{0.0: 1.0, 0.1: 0.9910714285714286, 0.2: 0.9020935960591133}","{'noise=0.0;missing=0.0': 1.0, 'noise=0.0;missing=0.2': 1.0, 'noise=0.1;missing=0.0': 0.9821428571428571, 'noise=0.1;missing=0.2': 1.0, 'noise=0.2;missing=0.0': 0.8928571428571429, 'noise=0.2;missing=0.2': 0.9113300492610837}",0.9,0.016666666666666666,5,7,18,2.388888888888889,0.3,4,1.1944444444444444,1.10108024691358,0.46834625322997414,4.5188333591520085,"{2: 13, 3: 3, 4: 2}",18,0.0,0.30177301954732505
0.9651181353767562,0.8809523809523809,0.9651181353767562,"{0.0: 1.0, 0.1: 0.9880952380952381, 0.2: 0.9072591680350302}","{'noise=0.0;missing=0.0': 1.0, 'noise=0.0;missing=0.2': 1.0, 'noise=0.1;missing=0.0': 0.9761904761904762, 'noise=0.1;missing=0.2': 1.0, 'noise=0.2;missing=0.0': 0.8908730158730158, 'noise=0.2;missing=0.2': 0.9236453201970443}",0.9333333333333333,0.016666666666666666,5,7,17,2.3529411764705883,0.2833333333333333,5,1.1111111111111112,1.54320987654321,0.5736111111111111,4.2250705203641825,"{2: 12, 3: 4, 4: 1}",17,0.0,0.28576373759380297
0.9713669950738916,0.8988095238095238,0.9713669950738916,"{0.0: 1.0, 0.1: 0.996031746031746, 0.2: 0.9180692391899287}","{'noise=0.0;missing=0.0': 1.0, 'noise=0.0;missing=0.2': 1.0, 'noise=0.1;missing=0.0': 0.9920634920634921, 'noise=0.1;missing=0.2': 1.0, 'noise=0.2;missing=0.0': 0.9186507936507936, 'noise=0.2;missing=0.2': 0.9174876847290641}",0.9333333333333333,0.016666666666666666,5,7,19,2.263157894736842,0.31666666666666665,5,1.1944444444444444,1.6010802469135799,0.5484496124031008,4.301508290129998,"{2: 14, 3: 5}",19,0.0,0.3168165543101581
0.9716520707900019,0.8988095238095238,0.9716520707900019,"{0.0: 1.0, 0.1: 0.990079365079365, 0.2: 0.9248768472906403}","{'noise=0.0;missing=0.0': 1.0, 'noise=0.0;missing=0.2': 1.0, 'noise=0.1;missing=0.0': 0.9801587301587301, 'noise=0.1;missing=0.2': 1.0, 'noise=0.2;missing=0.0': 0.9285714285714286, 'noise=0.2;missing=0.2': 0.9211822660098522}",0.9333333333333333,0.016666666666666666,5,7,26,2.423076923076923,0.43333333333333335,7,1.75,2.798611111111111,0.49426807760141095,4.505135980893503,"{2: 18, 3: 5, 4: 3}",26,0.0,0.42896002492877494
0.9648330596606459,0.875,0.9648330596606459,"{0.0: 1.0, 0.1: 0.9871031746031746, 0.2: 0.9073960043787631}","{'noise=0.0;missing=0.0': 1.0, 'noise=0.0;missing=0.2': 1.0, 'noise=0.1;missing=0.0': 0.9742063492063492, 'noise=0.1;missing=0.2': 1.0, 'noise=0.2;missing=0.0': 0.8948412698412699, 'noise=0.2;missing=0.2': 0.9199507389162562}",0.9,0.016666666666666666,5,7,15,2.4,0.25,4,1.0,1.0,0.5216049382716049,4.350209029099897,"{2: 11, 3: 2, 4: 2}",15,0.0,0.2543333333333333
0.9763957307060755,0.9166666666666666,0.9763957307060755,"{0.0: 1.0, 0.1: 0.9910714285714286, 0.2: 0.938115763546798}","{'noise=0.0;missing=0.0': 1.0, 'noise=0.0;missing=0.2': 1.0, 'noise=0.1;missing=0.0': 0.9821428571428571, 'noise=0.1;missing=0.2': 1.0, 'noise=0.2;missing=0.0': 0.9464285714285714, 'noise=0.2;missing=0.2': 0.9298029556650247}",0.9333333333333333,0.0,5,7,17,2.2941176470588234,0.2833333333333333,4,1.0833333333333333,1.076388888888889,0.5064102564102564,4.406821128952238,"{2: 14, 3: 1, 4: 2}",17,0.0,0.28527743736383443
0.9651181353767562,0.8809523809523809,0.9651181353767562,"{0.0: 1.0, 0.1: 0.9880952380952381, 0.2: 0.9072591680350302}","{'noise=0.0;missing=0.0': 1.0, 'noise=0.0;missing=0.2': 1.0, 'noise=0.1;missing=0.0': 0.9761904761904762, 'noise=0.1;missing=0.2': 1.0, 'noise=0.2;missing=0.0': 0.8908730158730158, 'noise=0.2;missing=0.2': 0.9236453201970443}",0.9333333333333333,0.016666666666666666,5,7,18,2.4444444444444446,0.3,5,1.2222222222222223,1.4506172839506173,0.51010101010101,4.416833823616225,"{2: 12, 3: 4, 4: 2}",18,0.0,0.3022170781893004
0.9730888523991974,0.9047619047619048,0.9730888523991974,"{0.0: 1.0, 0.1: 0.990079365079365, 0.2: 0.9291871921182265}","{'noise=0.0;missing=0.0': 1.0, 'noise=0.0;missing=0.2': 1.0, 'noise=0.1;missing=0.0': 0.9801587301587301, 'noise=0.1;missing=0.2': 1.0, 'noise=0.2;missing=0.0': 0.9285714285714286, 'noise=0.2;missing=0.2': 0.9298029556650247}",0.9333333333333333,0.016666666666666666,5,7,22,2.409090909090909,0.36666666666666664,6,1.4722222222222223,1.9158950617283952,0.47431865828092246,4.531994454841423,"{2: 16, 3: 3, 4: 3}",22,0.0,0.36538244715675267
0.9739326765188834,0.9047619047619048,0.9739326765188834,"{0.0: 1.0, 0.1: 0.9871031746031746, 0.2: 0.9346948549534757}","{'noise=0.0;missing=0.0': 1.0, 'noise=0.0;missing=0.2': 1.0, 'noise=0.1;missing=0.0': 0.9742063492063492, 'noise=0.1;missing=0.2': 1.0, 'noise=0.2;missing=0.0': 0.9186507936507936, 'noise=0.2;missing=0.2': 0.9507389162561576}",0.9166666666666666,0.016666666666666666,5,7,16,2.375,0.26666666666666666,3,1.0555555555555556,0.9413580246913581,0.49415204678362573,4.431623565847431,"{2: 12, 3: 2, 4: 2}",16,0.0,0.2699832818930041
0.9726441342820654,0.9047619047619048,0.9726441342820654,"{0.0: 1.0, 0.1: 0.9910714285714286, 0.2: 0.9268609742747673}","{'noise=0.0;missing=0.0': 1.0, 'noise=0.0;missing=0.2': 1.0, 'noise=0.1;missing=0.0': 0.9821428571428571, 'noise=0.1;missing=0.2': 1.0, 'noise=0.2;missing=0.0': 0.9325396825396826, 'noise=0.2;missing=0.2': 0.9211822660098522}",0.9333333333333333,0.0,5,7,21,2.380952380952381,0.35,5,1.3888888888888888,1.9598765432098766,0.5366666666666666,4.359079570624175,"{2: 15, 3: 4, 4: 2}",21,0.0,0.34936103762492643
0.9680031016237913,0.8869047619047619,0.9680031016237913,"{0.0: 1.0, 0.1: 0.9920634920634921, 0.2: 0.9119458128078818}","{'noise=0.0;missing=0.0': 1.0, 'noise=0.0;missing=0.2': 1.0, 'noise=0.1;missing=0.0': 0.9841269841269842, 'noise=0.1;missing=0.2': 1.0, 'noise=0.2;missing=0.0': 0.8928571428571429, 'noise=0.2;missing=0.2': 0.9310344827586208}",0.9333333333333333,0.016666666666666666,5,7,16,2.1875,0.26666666666666666,3,0.9722222222222222,1.0825617283950615,0.5658730158730159,4.221441945207328,"{2: 14, 3: 1, 4: 1}",16,0.0,0.26870473251028804
0.9708310527276044,0.8988095238095238,0.9708310527276044,"{0.0: 1.0, 0.1: 0.990079365079365, 0.2: 0.9224137931034483}","{'noise=0.0;missing=0.0': 1.0, 'noise=0.0;missing=0.2': 1.0, 'noise=0.1;missing=0.0': 0.9801587301587301, 'noise=0.1;missing=0.2': 1.0, 'noise=0.2;missing=0.0': 0.9285714285714286, 'noise=0.2;missing=0.2': 0.916256157635468}",0.95,0.016666666666666666,5,7,20,2.3,0.3333333333333333,5,1.2777777777777777,1.700617283950617,0.5181159420289855,4.393688728860554,"{2: 15, 3: 4, 4: 1}",20,0.0,0.33292232510288067
0.9648786717752235,0.8809523809523809,0.9648786717752235,"{0.0: 1.0, 0.1: 0.9920634920634921, 0.2: 0.9025725232621785}","{'noise=0.0;missing=0.0': 1.0, 'noise=0.0;missing=0.2': 1.0, 'noise=0.1;missing=0.0': 0.9841269841269842, 'noise=0.1;missing=0.2': 1.0, 'noise=0.2;missing=0.0': 0.8888888888888887, 'noise=0.2;missing=0.2': 0.916256157635468}",0.95,0.016666666666666666,5,7,19,2.3157894736842106,0.31666666666666665,5,1.2222222222222223,1.7283950617283952,0.5606060606060606,4.280470187252588,"{2: 14, 3: 4, 4: 1}",19,0.0,0.31720327052198394
0.9711047254150701,0.8988095238095238,0.9711047254150701,"{0.0: 1.0, 0.1: 0.9851190476190476, 0.2: 0.9281951286261633}","{'noise=0.0;missing=0.0': 1.0, 'noise=0.0;missing=0.2': 1.0, 'noise=0.1;missing=0.0': 0.9702380952380951, 'noise=0.1;missing=0.2': 1.0, 'noise=0.2;missing=0.0': 0.9265873015873015, 'noise=0.2;missing=0.2': 0.9298029556650247}",0.9166666666666666,0.016666666666666666,5,7,18,2.2777777777777777,0.3,4,1.1388888888888888,1.3973765432098766,0.5426829268292683,4.314749870418975,"{2: 14, 3: 3, 4: 1}",18,0.0,0.30105079732510287
0.9714468162744025,0.8988095238095238,0.9714468162744025,"{0.0: 1.0, 0.1: 0.990079365079365, 0.2: 0.9242610837438424}","{'noise=0.0;missing=0.0': 1.0, 'noise=0.0;missing=0.2': 1.0, 'noise=0.1;missing=0.0': 0.9801587301587301, 'noise=0.1;missing=0.2': 1.0, 'noise=0.2;missing=0.0': 0.9285714285714286, 'noise=0.2;missing=0.2': 0.9199507389162562}",0.9333333333333333,0.016666666666666666,5,7,23,2.391304347826087,0.38333333333333336,7,1.5277777777777777,2.304783950617284,0.4893939393939394,4.494616078376168,"{2: 17, 3: 3, 4: 3}",23,0.0,0.3811570775183396
0.9724730888523991,0.9047619047619048,0.9724730888523991,"{0.0: 1.0, 0.1: 0.990079365079365, 0.2: 0.9273399014778325}","{'noise=0.0;missing=0.0': 1.0, 'noise=0.0;missing=0.2': 1.0, 'noise=0.1;missing=0.0': 0.9801587301587301, 'noise=0.1;missing=0.2': 1.0, 'noise=0.2;missing=0.0': 0.9285714285714286, 'noise=0.2;missing=0.2': 0.9261083743842364}",0.95,0.016666666666666666,5,7,21,2.3333333333333335,0.35,6,1.3611111111111112,1.8418209876543215,0.5085034013605442,4.435639690833222,"{2: 16, 3: 3, 4: 2}",21,0.0,0.34901067386831275
0.9651181353767562,0.8809523809523809,0.9651181353767562,"{0.0: 1.0, 0.1: 0.9880952380952381, 0.2: 0.9072591680350302}","{'noise=0.0;missing=0.0': 1.0, 'noise=0.0;missing=0.2': 1.0, 'noise=0.1;missing=0.0': 0.9761904761904762, 'noise=0.1;missing=0.2': 1.0, 'noise=0.2;missing=0.0': 0.8908730158730158, 'noise=0.2;missing=0.2': 0.9236453201970443}",0.9333333333333333,0.016666666666666666,5,7,15,2.4,0.25,4,1.0,1.0555555555555556,0.529320987654321,4.329239931817578,"{2: 11, 3: 2, 4: 2}",15,0.0,0.25434259259259256
0.9605341178617041,0.8630952380952381,0.9605341178617041,"{0.0: 1.0, 0.1: 0.9811507936507936, 0.2: 0.9004515599343186}","{'noise=0.0;missing=0.0': 1.0, 'noise=0.0;missing=0.2': 1.0, 'noise=0.1;missing=0.0': 0.9623015873015872, 'noise=0.1;missing=0.2': 1.0, 'noise=0.2;missing=0.0': 0.880952380952381, 'noise=0.2;missing=0.2': 0.9199507389162562}",0.9166666666666666,0.016666666666666666,5,7,18,2.2777777777777777,0.3,6,1.1388888888888888,1.6751543209876543,0.5589430894308943,4.259514199528965,"{2: 15, 3: 1, 4: 2}",18,0.0,0.30109709362139914
0.9638752052545156,0.875,0.9638752052545156,"{0.0: 1.0, 0.1: 0.9804324028461959, 0.2: 0.9111932129173509}","{'noise=0.0;missing=0.0': 1.0, 'noise=0.0;missing=0.2': 1.0, 'noise=0.1;missing=0.0': 0.9682539682539683, 'noise=0.1;missing=0.2': 0.9926108374384236, 'noise=0.2;missing=0.0': 0.888888888888889, 'noise=0.2;missing=0.2': 0.9334975369458128}",0.9166666666666666,0.016666666666666666,5,7,15,2.2666666666666666,0.25,4,0.9444444444444444,1.1080246913580245,0.5669934640522876,4.205109900073869,"{2: 12, 3: 2, 4: 1}",15,0.0,0.2534254115226337
0.9707740375843824,0.8928571428571429,0.9707740375843824,"{0.0: 1.0, 0.1: 0.9821428571428571, 0.2: 0.9301792556102901}","{'noise=0.0;missing=0.0': 1.0, 'noise=0.0;missing=0.2': 1.0, 'noise=0.1;missing=0.0': 0.9642857142857143, 'noise=0.1;missing=0.2': 1.0, 'noise=0.2;missing=0.0': 0.9305555555555555, 'noise=0.2;missing=0.2': 0.9298029556650247}",0.9166666666666666,0.016666666666666666,5,7,20,2.3,0.3333333333333333,5,1.2777777777777777,1.9783950617283956,0.5760869565217391,4.230432750505621,"{2: 15, 3: 4, 4: 1}",20,0.0,0.33296862139917693
0.971321382959314,0.8988095238095238,0.971321382959314,"{0.0: 1.0, 0.1: 0.9871031746031746, 0.2: 0.9268609742747673}","{'noise=0.0;missing=0.0': 1.0, 'noise=0.0;missing=0.2': 1.0, 'noise=0.1;missing=0.0': 0.9742063492063492, 'noise=0.1;missing=0.2': 1.0, 'noise=0.2;missing=0.0': 0.9325396825396827, 'noise=0.2;missing=0.2': 0.9211822660098522}",0.9166666666666666,0.0,5,7,20,2.5,0.3333333333333333,4,1.3888888888888888,1.6265432098765433,0.49444444444444446,4.478562939644917,"{2: 13, 3: 4, 4: 3}",20,0.0,0.3342988683127572
0.975403667214012,0.9107142857142857,0.975403667214012,"{0.0: 1.0, 0.1: 0.9910714285714286, 0.2: 0.9351395730706076}","{'noise=0.0;missing=0.0': 1.0, 'noise=0.0;missing=0.2': 1.0, 'noise=0.1;missing=0.0': 0.9821428571428571, 'noise=0.1;missing=0.2': 1.0, 'noise=0.2;missing=0.0': 0.9404761904761905, 'noise=0.2;missing=0.2': 0.9298029556650247}",0.9166666666666666,0.016666666666666666,5,7,20,2.4,0.3333333333333333,5,1.3333333333333333,1.944444444444444,0.5358796296296297,4.361440501696144,"{2: 14, 3: 4, 4: 2}",20,0.0,0.3336574074074074
0.9728151797117315,0.9047619047619048,0.9728151797117315,"{0.0: 1.0, 0.1: 0.996031746031746, 0.2: 0.9224137931034483}","{'noise=0.0;missing=0.0': 1.0, 'noise=0.0;missing=0.2': 1.0, 'noise=0.1;missing=0.0': 0.9920634920634921, 'noise=0.1;missing=0.2': 1.0, 'noise=0.2;missing=0.0': 0.9285714285714286, 'noise=0.2;missing=0.2': 0.916256157635468}",0.95,0.016666666666666666,5,7,19,2.263157894736842,0.31666666666666665,4,1.1944444444444444,1.489969135802469,0.5342377260981912,4.350342370830228,"{2: 15, 3: 3, 4: 1}",19,0.0,0.31679803579163957
0.969838989235541,0.8928571428571429,0.969838989235541,"{0.0: 1.0, 0.1: 0.9920634920634921, 0.2: 0.9174534756431308}","{'noise=0.0;missing=0.0': 1.0, 'noise=0.0;missing=0.2': 1.0, 'noise=0.1;missing=0.0': 0.9841269841269842, 'noise=0.1;missing=0.2': 1.0, 'noise=0.2;missing=0.0': 0.9186507936507936, 'noise=0.2;missing=0.2': 0.916256157635468}",0.95,0.016666666666666666,5,7,18,2.3333333333333335,0.3,5,1.1666666666666667,1.4166666666666667,0.5251322751322751,4.365664673284385,"{2: 13, 3: 4, 4: 1}",18,0.0,0.3014398148148148
0.9640918627987592,0.8809523809523809,0.9640918627987592,"{0.0: 1.0, 0.1: 0.9910714285714286, 0.2: 0.9012041598248495}","{'noise=0.0;missing=0.0': 1.0, 'noise=0.0;missing=0.2': 1.0, 'noise=0.1;missing=0.0': 0.9821428571428571, 'noise=0.1;missing=0.2': 1.0, 'noise=0.2;missing=0.0': 0.884920634920635, 'noise=0.2;missing=0.2': 0.9174876847290641}",0.9166666666666666,0.0,5,7,15,2.4,0.25,3,1.0,0.8333333333333334,0.4861111111111111,4.44035104292869,"{2: 11, 3: 2, 4: 2}",15,0.0,0.25430555555555556
0.9740809158912607,0.9107142857142857,0.9740809158912607,"{0.0: 1.0, 0.1: 0.9910714285714286, 0.2: 0.9311713191023535}","{'noise=0.0;missing=0.0': 1.0, 'noise=0.0;missing=0.2': 1.0, 'noise=0.1;missing=0.0': 0.9821428571428571, 'noise=0.1;missing=0.2': 1.0, 'noise=0.2;missing=0.0': 0.9325396825396826, 'noise=0.2;missing=0.2': 0.9298029556650247}",0.9333333333333333,0.0,5,7,15,2.2666666666666666,0.25,3,0.9444444444444444,0.8302469135802467,0.5196078431372549,4.337175341123077,"{2: 12, 3: 2, 4: 1}",15,0.0,0.25337911522633744
0.9668627987593504,0.8809523809523809,0.9668627987593504,"{0.0: 1.0, 0.1: 0.9880952380952381, 0.2: 0.9124931581828134}","{'noise=0.0;missing=0.0': 1.0, 'noise=0.0;missing=0.2': 1.0, 'noise=0.1;missing=0.0': 0.9761904761904762, 'noise=0.1;missing=0.2': 1.0, 'noise=0.2;missing=0.0': 0.9087301587301587, 'noise=0.2;missing=0.2': 0.916256157635468}",0.9333333333333333,0.016666666666666666,5,7,17,2.235294117647059,0.2833333333333333,4,1.0555555555555556,1.330246913580247,0.5657894736842105,4.240962710641207,"{2: 14, 3: 2, 4: 1}",17,0.0,0.2849112503025902
0.9671934865900385,0.8869047619047619,0.9671934865900385,"{0.0: 1.0, 0.1: 0.9920634920634921, 0.2: 0.9095169677066229}","{'noise=0.0;missing=0.0': 1.0, 'noise=0.0;missing=0.2': 1.0, 'noise=0.1;missing=0.0': 0.9841269841269842, 'noise=0.1;missing=0.2': 1.0, 'noise=0.2;missing=0.0': 0.9027777777777778, 'noise=0.2;missing=0.2': 0.916256157635468}",0.9666666666666667,0.016666666666666666,5,7,18,2.2777777777777777,0.3,4,1.1388888888888888,1.341820987654321,0.5399728997289973,4.326706577630513,"{2: 14, 3: 3, 4: 1}",18,0.0,0.3010415380658436
0.9724388797664658,0.9047619047619048,0.9724388797664658,"{0.0: 1.0, 0.1: 0.9910714285714286, 0.2: 0.9262452107279693}","{'noise=0.0;missing=0.0': 1.0, 'noise=0.0;missing=0.2': 1.0, 'noise=0.1;missing=0.0': 0.9821428571428571, 'noise=0.1;missing=0.2': 1.0, 'noise=0.2;missing=0.0': 0.9325396825396826, 'noise=0.2;missing=0.2': 0.9199507389162562}",0.9333333333333333,0.0,5,7,16,2.25,0.26666666666666666,4,1.0,0.9444444444444444,0.5108024691358025,4.371178126382215,"{2: 13, 3: 2, 4: 1}",16,0.0,0.2691157407407407
0.969838989235541,0.8928571428571429,0.969838989235541,"{0.0: 1.0, 0.1: 0.9920634920634921, 0.2: 0.9174534756431308}","{'noise=0.0;missing=0.0': 1.0, 'noise=0.0;missing=0.2': 1.0, 'noise=0.1;missing=0.0': 0.9841269841269842, 'noise=0.1;missing=0.2': 1.0, 'noise=0.2;missing=0.0': 0.9186507936507936, 'noise=0.2;missing=0.2': 0.916256157635468}",0.95,0.016666666666666666,5,7,17,2.2941176470588234,0.2833333333333333,5,1.0833333333333333,1.4097222222222225,0.5505698005698005,4.282340283509331,"{2: 13, 3: 3, 4: 1}",17,0.0,0.28533299291938996
0.971378398102536,0.8928571428571429,0.971378398102536,"{0.0: 1.0, 0.1: 0.9809797482211275, 0.2: 0.9331554460864806}","{'noise=0.0;missing=0.0': 1.0, 'noise=0.0;missing=0.2': 1.0, 'noise=0.1;missing=0.0': 0.9841269841269842, 'noise=0.1;missing=0.2': 0.977832512315271, 'noise=0.2;missing=0.0': 0.9365079365079365, 'noise=0.2;missing=0.2': 0.9298029556650247}",0.9166666666666666,0.03333333333333333,5,7,21,2.380952380952381,0.35,6,1.3888888888888888,2.0154320987654324,0.5022222222222222,4.446370130156181,"{2: 16, 3: 2, 4: 3}",21,0.0,0.3493702968841857
0.9699986316365626,0.8928571428571429,0.9699986316365626,"{0.0: 1.0, 0.1: 0.9910714285714286, 0.2: 0.9189244663382594}","{'noise=0.0;missing=0.0': 1.0, 'noise=0.0;missing=0.2': 1.0, 'noise=0.1;missing=0.0': 0.9821428571428571, 'noise=0.1;missing=0.2': 1.0, 'noise=0.2;missing=0.0': 0.9166666666666666, 'noise=0.2;missing=0.2': 0.9211822660098522}",0.9,0.016666666666666666,5,7,19,2.3684210526315788,0.31666666666666665,4,1.25,1.3541666666666667,0.48703703703703705,4.480524762900187,"{2: 14, 3: 3, 4: 2}",19,0.0,0.31750639619883037
0.9658251231527094,0.875,0.9658251231527094,"{0.0: 1.0, 0.1: 0.9831349206349207, 0.2: 0.9143404488232074}","{'noise=0.0;missing=0.0': 1.0, 'noise=0.0;missing=0.2': 1.0, 'noise=0.1;missing=0.0': 0.9662698412698412, 'noise=0.1;missing=0.2': 1.0, 'noise=0.2;missing=0.0': 0.9087301587301587, 'noise=0.2;missing=0.2': 0.9199507389162562}",0.9,0.016666666666666666,5,7,16,2.3125,0.26666666666666666,4,1.0277777777777777,1.304783950617284,0.5788288288288288,4.195675662809303,"{2: 13, 3: 1, 4: 2}",16,0.0,0.2696098251028806
0.9701810800948732,0.8869047619047619,0.9701810800948732,"{0.0: 1.0, 0.1: 0.9804324028461959, 0.2: 0.9301108374384236}","{'noise=0.0;missing=0.0': 1.0, 'noise=0.0;missing=0.2': 1.0, 'noise=0.1;missing=0.0': 0.9682539682539683, 'noise=0.1;missing=0.2': 0.9926108374384236, 'noise=0.2;missing=0.0': 0.9107142857142857, 'noise=0.2;missing=0.2': 0.9495073891625615}",0.9333333333333333,0.03333333333333333,5,7,15,2.2,0.25,5,0.9166666666666666,1.2986111111111112,0.6018518518518519,4.086526226193701,"{2: 13, 3: 1, 4: 1}",15,0.0,0.2529942129629629
0.9714468162744025,0.8988095238095238,0.9714468162744025,"{0.0: 1.0, 0.1: 0.9910714285714286, 0.2: 0.9232690202517789}","{'noise=0.0;missing=0.0': 1.0, 'noise=0.0;missing=0.2': 1.0, 'noise=0.1;missing=0.0': 0.9821428571428571, 'noise=0.1;missing=0.2': 1.0, 'noise=0.2;missing=0.0': 0.9265873015873015, 'noise=0.2;missing=0.2': 0.9199507389162562}",0.9166666666666666,0.016666666666666666,5,7,17,2.2941176470588234,0.2833333333333333,4,1.0833333333333333,1.1319444444444446,0.5249287749287749,4.355539077670186,"{2: 13, 3: 3, 4: 1}",17,0.0,0.2852866966230937
0.9697933771209635,0.8988095238095238,0.9697933771209635,"{0.0: 1.0, 0.1: 0.990079365079365, 0.2: 0.9193007662835248}","{'noise=0.0;missing=0.0': 1.0, 'noise=0.0;missing=0.2': 1.0, 'noise=0.1;missing=0.0': 0.9801587301587301, 'noise=0.1;missing=0.2': 1.0, 'noise=0.2;missing=0.0': 0.9186507936507936, 'noise=0.2;missing=0.2': 0.9199507389162562}",0.9333333333333333,0.0,5,7,18,2.2777777777777777,0.3,6,1.1388888888888888,1.5084876543209877,0.5291327913279132,4.338663284842051,"{2: 14, 3: 3, 4: 1}",18,0.0,0.30106931584362134
0.9704433497536946,0.8928571428571429,0.9704433497536946,"{0.0: 1.0, 0.1: 0.9831349206349207, 0.2: 0.928195128626163}","{'noise=0.0;missing=0.0': 1.0, 'noise=0.0;missing=0.2': 1.0, 'noise=0.1;missing=0.0': 0.9662698412698412, 'noise=0.1;missing=0.2': 1.0, 'noise=0.2;missing=0.0': 0.9265873015873015, 'noise=0.2;missing=0.2': 0.9298029556650247}",0.9166666666666666,0.0,5,7,16,2.3125,0.26666666666666666,4,1.0277777777777777,1.1381172839506175,0.5487987987987988,4.283381405994074,"{2: 13, 3: 1, 4: 2}",16,0.0,0.2695820473251029
0.9674671592775042,0.8809523809523809,0.9674671592775042,"{0.0: 1.0, 0.1: 0.9831349206349207, 0.2: 0.9192665571975918}","{'noise=0.0;missing=0.0': 1.0, 'noise=0.0;missing=0.2': 1.0, 'noise=0.1;missing=0.0': 0.9662698412698412, 'noise=0.1;missing=0.2': 1.0, 'noise=0.2;missing=0.0': 0.9087301587301587, 'noise=0.2;missing=0.2': 0.9298029556650247}",0.9,0.016666666666666666,5,7,16,2.375,0.26666666666666666,4,1.0555555555555556,1.3858024691358029,0.5833333333333334,4.188331131693838,"{2: 12, 3: 2, 4: 2}",16,0.0,0.2700573559670782
0.9728151797117315,0.9047619047619048,0.9728151797117315,"{0.0: 1.0, 0.1: 0.996031746031746, 0.2: 0.9224137931034483}","{'noise=0.0;missing=0.0': 1.0, 'noise=0.0;missing=0.2': 1.0, 'noise=0.1;missing=0.0': 0.9920634920634921, 'noise=0.1;missing=0.2': 1.0, 'noise=0.2;missing=0.0': 0.9285714285714286, 'noise=0.2;missing=0.2': 0.916256157635468}",0.95,0.016666666666666666,5,7,20,2.35,0.3333333333333333,4,1.3055555555555556,1.3788580246913582,0.4710401891252955,4.527681138773588,"{2: 15, 3: 3, 4: 2}",20,0.0,0.333215920781893
0.9684706257982121,0.8869047619047619,0.9684706257982121,"{0.0: 1.0, 0.1: 0.986111111111111, 0.2: 0.919300766283525}","{'noise=0.0;missing=0.0': 1.0, 'noise=0.0;missing=0.2': 1.0, 'noise=0.1;missing=0.0': 0.9722222222222222, 'noise=0.1;missing=0.2': 1.0, 'noise=0.2;missing=0.0': 0.9186507936507936, 'noise=0.2;missing=0.2': 0.9199507389162562}",0.9333333333333333,0.016666666666666666,5,7,21,2.238095238095238,0.35,7,1.3055555555555556,2.0455246913580245,0.5407801418439716,4.3223304057011775,"{2: 17, 3: 3, 4: 1}",21,0.0,0.348383248824221
0.9724274767378217,0.9047619047619048,0.9724274767378217,"{0.0: 1.0, 0.1: 0.986111111111111, 0.2: 0.9311713191023535}","{'noise=0.0;missing=0.0': 1.0, 'noise=0.0;missing=0.2': 1.0, 'noise=0.1;missing=0.0': 0.9722222222222222, 'noise=0.1;missing=0.2': 1.0, 'noise=0.2;missing=0.0': 0.9325396825396826, 'noise=0.2;missing=0.2': 0.9298029556650247}",0.9333333333333333,0.0,5,7,16,2.1875,0.26666666666666666,4,0.9722222222222222,1.1381172839506173,0.5722222222222222,4.207435516759526,"{2: 14, 3: 1, 4: 1}",16,0.0,0.2687139917695473
0.9721880131362891,0.8928571428571429,0.9721880131362891,"{0.0: 1.0, 0.1: 0.9834085933223865, 0.2: 0.9331554460864806}","{'noise=0.0;missing=0.0': 1.0, 'noise=0.0;missing=0.2': 1.0, 'noise=0.1;missing=0.0': 0.9742063492063492, 'noise=0.1;missing=0.2': 0.9926108374384236, 'noise=0.2;missing=0.0': 0.9365079365079365, 'noise=0.2;missing=0.2': 0.9298029556650247}",0.9166666666666666,0.03333333333333333,5,7,18,2.4444444444444446,0.3,5,1.2222222222222223,1.5061728395061729,0.5,4.433990357756303,"{2: 13, 3: 2, 4: 3}",18,0.0,0.30222633744855965
0.9701126619230067,0.8928571428571429,0.9701126619230067,"{0.0: 1.0, 0.1: 0.9871031746031746, 0.2: 0.9232348111658456}","{'noise=0.0;missing=0.0': 1.0, 'noise=0.0;missing=0.2': 1.0, 'noise=0.1;missing=0.0': 0.9742063492063492, 'noise=0.1;missing=0.2': 1.0, 'noise=0.2;missing=0.0': 0.9166666666666666, 'noise=0.2;missing=0.2': 0.9298029556650247}",0.9166666666666666,0.016666666666666666,5,7,18,2.388888888888889,0.3,5,1.1944444444444444,1.7121913580246912,0.563953488372093,4.266397243517744,"{2: 13, 3: 3, 4: 2}",18,0.0,0.3018748713991769
0.97428617040686,0.9047619047619048,0.97428617040686,"{0.0: 1.0, 0.1: 0.9910714285714286, 0.2: 0.9317870826491517}","{'noise=0.0;missing=0.0': 1.0, 'noise=0.0;missing=0.2': 1.0, 'noise=0.1;missing=0.0': 0.9821428571428571, 'noise=0.1;missing=0.2': 1.0, 'noise=0.2;missing=0.0': 0.9325396825396826, 'noise=0.2;missing=0.2': 0.9310344827586208}",0.9,0.016666666666666666,5,7,21,2.380952380952381,0.35,5,1.3888888888888888,1.5709876543209875,0.47555555555555556,4.526370130156181,"{2: 15, 3: 4, 4: 2}",21,0.0,0.34929622281011163
