average_recovery_accuracy,exact_match_accuracy,noise_robustness,accuracy_by_noise,accuracy_by_noise_and_missing,close_pattern_discrimination,close_pattern_confusion_rate,close_pair_count,close_pattern_distance,hyperedge_count,average_hyperedge_size,density,max_vertex_degree,mean_vertex_degree,vertex_degree_variance,degree_gini,degree_entropy,hyperedge_size_histogram,selected_hyperedges,constraint_penalty,complexity_objective
0.953430031016238,0.8333333333333334,0.953430031016238,"{0.0: 1.0, 0.1: 0.9542624521072797, 0.2: 0.9060276409414341}","{'noise=0.0;missing=0.0': 1.0, 'noise=0.0;missing=0.2': 1.0, 'noise=0.1;missing=0.0': 0.9503968253968254, 'noise=0.1;missing=0.2': 0.958128078817734, 'noise=0.2;missing=0.0': 0.8908730158730158, 'noise=0.2;missing=0.2': 0.9211822660098523}",0.8181818181818182,0.030303030303030304,6,7,34,2.1470588235294117,0.5666666666666667,13,2.0277777777777777,5.471450617283949,0.5140791476407914,4.417713636934599,"{2: 29, 3: 5}",34,4.0,0.5541553724885016
0.95415982484948,0.8273809523809523,0.95415982484948,"{0.0: 1.0, 0.1: 0.9477285166940339, 0.2: 0.9147509578544061}","{'noise=0.0;missing=0.0': 1.0, 'noise=0.0;missing=0.2': 1.0, 'noise=0.1;missing=0.0': 0.9484126984126985, 'noise=0.1;missing=0.2': 0.9470443349753693, 'noise=0.2;missing=0.0': 0.9206349206349207, 'noise=0.2;missing=0.2': 0.9088669950738917}",0.8333333333333334,0.09090909090909091,6,7,35,2.1714285714285713,0.5833333333333334,11,2.111111111111111,4.320987654320987,0.47149122807017546,4.541315825328391,"{2: 30, 3: 4, 4: 1}",35,5.0,0.5699661963550853
0.9433953658091587,0.7976190476190477,0.9433953658091587,"{0.0: 1.0, 0.1: 0.9381499726327311, 0.2: 0.8920361247947455}","{'noise=0.0;missing=0.0': 1.0, 'noise=0.0;missing=0.2': 1.0, 'noise=0.1;missing=0.0': 0.9206349206349207, 'noise=0.1;missing=0.2': 0.9556650246305418, 'noise=0.2;missing=0.0': 0.869047619047619, 'noise=0.2;missing=0.2': 0.9150246305418719}",0.8181818181818182,0.07575757575757576,6,7,35,2.2285714285714286,0.5833333333333334,9,2.1666666666666665,4.305555555555556,0.4928774928774929,4.507603622703295,"{2: 27, 3: 8}",35,5.0,0.5703604497354497
0.9435778142674693,0.7976190476190477,0.9435778142674693,"{0.0: 1.0, 0.1: 0.9376368363437327, 0.2: 0.8930966064586754}","{'noise=0.0;missing=0.0': 1.0, 'noise=0.0;missing=0.2': 1.0, 'noise=0.1;missing=0.0': 0.9503968253968254, 'noise=0.1;missing=0.2': 0.9248768472906403, 'noise=0.2;missing=0.0': 0.8908730158730158, 'noise=0.2;missing=0.2': 0.8953201970443349}",0.7575757575757576,0.09090909090909091,6,7,35,2.2285714285714286,0.5833333333333334,15,2.1666666666666665,6.916666666666668,0.5306267806267806,4.3515279894820535,"{2: 28, 3: 6, 4: 1}",35,5.0,0.5707956349206349
0.9487091771574531,0.8273809523809523,0.9487091771574531,"{0.0: 1.0, 0.1: 0.9499863163656267, 0.2: 0.8961412151067324}","{'noise=0.0;missing=0.0': 1.0, 'noise=0.0;missing=0.2': 1.0, 'noise=0.1;missing=0.0': 0.9603174603174603, 'noise=0.1;missing=0.2': 0.939655172413793, 'noise=0.2;missing=0.0': 0.8452380952380951, 'noise=0.2;missing=0.2': 0.9470443349753694}",0.8181818181818182,0.07575757575757576,6,7,27,2.185185185185185,0.45,8,1.6388888888888888,3.0640432098765427,0.5390772128060264,4.330967201537525,"{2: 22, 3: 5}",27,0.0,0.4431855709876543
0.94963282247765,0.8154761904761905,0.94963282247765,"{0.0: 1.0, 0.1: 0.9539203612479474, 0.2: 0.8949781061850028}","{'noise=0.0;missing=0.0': 1.0, 'noise=0.0;missing=0.2': 1.0, 'noise=0.1;missing=0.0': 0.9583333333333334, 'noise=0.1;missing=0.2': 0.9495073891625615, 'noise=0.2;missing=0.0': 0.865079365079365, 'noise=0.2;missing=0.2': 0.9248768472906403}",0.8181818181818182,0.06060606060606061,6,7,30,2.1333333333333333,0.5,12,1.7777777777777777,4.728395061728396,0.5477430555555556,4.302057960931275,"{2: 26, 3: 4}",30,0.0,0.4906028806584362
0.9403393541324576,0.7916666666666666,0.9403393541324576,"{0.0: 1.0, 0.1: 0.9256636562671046, 0.2: 0.8953544061302683}","{'noise=0.0;missing=0.0': 1.0, 'noise=0.0;missing=0.2': 1.0, 'noise=0.1;missing=0.0': 0.9067460317460317, 'noise=0.1;missing=0.2': 0.9445812807881773, 'noise=0.2;missing=0.0': 0.8670634920634921, 'noise=0.2;missing=0.2': 0.9236453201970444}",0.7878787878787878,0.07575757575757576,6,7,32,2.15625,0.5333333333333333,12,1.9166666666666667,5.6319444444444455,0.5752818035426731,4.258310646303559,"{2: 28, 3: 3, 4: 1}",32,2.0,0.5225792824074074
0.9477399197226782,0.8273809523809523,0.9477399197226782,"{0.0: 1.0, 0.1: 0.9467022441160372, 0.2: 0.8965175150519977}","{'noise=0.0;missing=0.0': 1.0, 'noise=0.0;missing=0.2': 1.0, 'noise=0.1;missing=0.0': 0.9365079365079365, 'noise=0.1;missing=0.2': 0.9568965517241379, 'noise=0.2;missing=0.0': 0.8472222222222222, 'noise=0.2;missing=0.2': 0.9458128078817734}",0.803030303030303,0.06060606060606061,6,7,32,2.15625,0.5333333333333333,11,1.9166666666666667,6.1875,0.6332528180354268,4.071462989111094,"{2: 28, 3: 3, 4: 1}",32,2.0,0.522671875
0.9584473636197773,0.8392857142857143,0.9584473636197773,"{0.0: 1.0, 0.1: 0.9541940339354131, 0.2: 0.9211480569239189}","{'noise=0.0;missing=0.0': 1.0, 'noise=0.0;missing=0.2': 1.0, 'noise=0.1;missing=0.0': 0.9662698412698413, 'noise=0.1;missing=0.2': 0.9421182266009852, 'noise=0.2;missing=0.0': 0.9186507936507936, 'noise=0.2;missing=0.2': 0.9236453201970443}",0.8484848484848485,0.07575757575757576,6,7,20,2.25,0.3333333333333333,8,1.25,2.6875,0.6104938271604938,4.1000933078165485,"{2: 16, 3: 3, 4: 1}",20,0.0,0.3327395833333333
0.9555281882868089,0.8392857142857143,0.9555281882868089,"{0.0: 1.0, 0.1: 0.9530309250136837, 0.2: 0.9135536398467432}","{'noise=0.0;missing=0.0': 1.0, 'noise=0.0;missing=0.2': 1.0, 'noise=0.1;missing=0.0': 0.9503968253968254, 'noise=0.1;missing=0.2': 0.9556650246305419, 'noise=0.2;missing=0.0': 0.8948412698412698, 'noise=0.2;missing=0.2': 0.9322660098522167}",0.8181818181818182,0.045454545454545456,6,7,30,2.3,0.5,9,1.9166666666666667,4.020833333333333,0.53341384863124,4.388087725178678,"{2: 23, 3: 5, 4: 2}",30,0.0,0.4916423611111111
0.9464969896004378,0.8095238095238095,0.9464969896004378,"{0.0: 1.0, 0.1: 0.9592227695675971, 0.2: 0.8802681992337165}","{'noise=0.0;missing=0.0': 1.0, 'noise=0.0;missing=0.2': 1.0, 'noise=0.1;missing=0.0': 0.9603174603174603, 'noise=0.1;missing=0.2': 0.958128078817734, 'noise=0.2;missing=0.0': 0.8492063492063492, 'noise=0.2;missing=0.2': 0.9113300492610837}",0.8333333333333334,0.09090909090909091,6,7,33,2.1818181818181817,0.55,13,2.0,5.166666666666667,0.4976851851851852,4.454788969204976,"{2: 28, 3: 4, 4: 1}",33,3.0,0.5385126262626262
0.9512634555738004,0.8214285714285714,0.9512634555738004,"{0.0: 1.0, 0.1: 0.9502257799671593, 0.2: 0.903564586754242}","{'noise=0.0;missing=0.0': 1.0, 'noise=0.0;missing=0.2': 1.0, 'noise=0.1;missing=0.0': 0.9583333333333333, 'noise=0.1;missing=0.2': 0.9421182266009852, 'noise=0.2;missing=0.0': 0.8908730158730159, 'noise=0.2;missing=0.2': 0.916256157635468}",0.8484848484848485,0.045454545454545456,6,7,31,2.225806451612903,0.5166666666666667,9,1.9166666666666667,3.6875,0.49798711755233493,4.482148957000026,"{2: 26, 3: 3, 4: 2}",31,1.0,0.5069049059139785
0.9383096150337529,0.7857142857142857,0.9383096150337529,"{0.0: 1.0, 0.1: 0.9326423097974822, 0.2: 0.8822865353037768}","{'noise=0.0;missing=0.0': 1.0, 'noise=0.0;missing=0.2': 1.0, 'noise=0.1;missing=0.0': 0.9305555555555555, 'noise=0.1;missing=0.2': 0.9347290640394089, 'noise=0.2;missing=0.0': 0.8630952380952381, 'noise=0.2;missing=0.2': 0.9014778325123152}",0.8181818181818182,0.06060606060606061,6,7,31,2.225806451612903,0.5166666666666667,12,1.9166666666666667,4.743055555555556,0.5165056360708534,4.396365536670666,"{2: 25, 3: 5, 4: 1}",31,1.0,0.5070808318399045
0.9549694398832331,0.8392857142857143,0.9549694398832331,"{0.0: 1.0, 0.1: 0.9614463601532568, 0.2: 0.9034619594964423}","{'noise=0.0;missing=0.0': 1.0, 'noise=0.0;missing=0.2': 1.0, 'noise=0.1;missing=0.0': 0.9623015873015872, 'noise=0.1;missing=0.2': 0.960591133004926, 'noise=0.2;missing=0.0': 0.8968253968253969, 'noise=0.2;missing=0.2': 0.9100985221674875}",0.8636363636363636,0.045454545454545456,6,7,33,2.212121212121212,0.55,13,2.0277777777777777,5.471450617283951,0.5125570776255708,4.412366246173459,"{2: 27, 3: 5, 4: 1}",33,3.0,0.5387738612981668
0.9504538405400473,0.8154761904761905,0.9504538405400473,"{0.0: 1.0, 0.1: 0.9535782703886152, 0.2: 0.8977832512315272}","{'noise=0.0;missing=0.0': 1.0, 'noise=0.0;missing=0.2': 1.0, 'noise=0.1;missing=0.0': 0.9662698412698413, 'noise=0.1;missing=0.2': 0.9408866995073891, 'noise=0.2;missing=0.0': 0.857142857142857, 'noise=0.2;missing=0.2': 0.938423645320197}",0.8636363636363636,0.045454545454545456,6,7,31,2.161290322580645,0.5166666666666667,13,1.8611111111111112,5.230709876543211,0.5211442786069652,4.370721133872725,"{2: 27, 3: 3, 4: 1}",31,1.0,0.5067140788862339
0.9510924101441344,0.8214285714285714,0.9510924101441344,"{0.0: 1.0, 0.1: 0.9492337164750957, 0.2: 0.904043513957307}","{'noise=0.0;missing=0.0': 1.0, 'noise=0.0;missing=0.2': 1.0, 'noise=0.1;missing=0.0': 0.9563492063492064, 'noise=0.1;missing=0.2': 0.9421182266009852, 'noise=0.2;missing=0.0': 0.8869047619047619, 'noise=0.2;missing=0.2': 0.9211822660098523}",0.8484848484848485,0.07575757575757576,6,7,39,2.1794871794871793,0.65,12,2.361111111111111,5.73070987654321,0.4950980392156863,4.485590424694505,"{2: 33, 3: 5, 4: 1}",39,9.0,0.6335904459480848
0.9444900565590221,0.8333333333333334,0.9444900565590221,"{0.0: 1.0, 0.1: 0.956588669950739, 0.2: 0.8768814997263272}","{'noise=0.0;missing=0.0': 1.0, 'noise=0.0;missing=0.2': 1.0, 'noise=0.1;missing=0.0': 0.9464285714285714, 'noise=0.1;missing=0.2': 0.9667487684729065, 'noise=0.2;missing=0.0': 0.8313492063492063, 'noise=0.2;missing=0.2': 0.9224137931034482}",0.8181818181818182,0.030303030303030304,6,7,26,2.1538461538461537,0.43333333333333335,7,1.5555555555555556,2.135802469135803,0.4732142857142857,4.51438399426177,"{2: 22, 3: 4}",26,0.0,0.42697989870212094
0.9362456668491151,0.7916666666666666,0.9362456668491151,"{0.0: 1.0, 0.1: 0.938423645320197, 0.2: 0.8703133552271483}","{'noise=0.0;missing=0.0': 1.0, 'noise=0.0;missing=0.2': 1.0, 'noise=0.1;missing=0.0': 0.9285714285714286, 'noise=0.1;missing=0.2': 0.9482758620689655, 'noise=0.2;missing=0.0': 0.8551587301587301, 'noise=0.2;missing=0.2': 0.8854679802955665}",0.8181818181818182,0.06060606060606061,6,7,24,2.2083333333333335,0.4,8,1.4722222222222223,3.3047839506172836,0.5948637316561844,4.181238030958726,"{2: 19, 3: 5}",24,0.0,0.395886445473251
0.9576719576719577,0.8452380952380952,0.9576719576719577,"{0.0: 1.0, 0.1: 0.9522441160372195, 0.2: 0.9207717569786534}","{'noise=0.0;missing=0.0': 1.0, 'noise=0.0;missing=0.2': 1.0, 'noise=0.1;missing=0.0': 0.9722222222222222, 'noise=0.1;missing=0.2': 0.9322660098522169, 'noise=0.2;missing=0.0': 0.9166666666666666, 'noise=0.2;missing=0.2': 0.9248768472906403}",0.8787878787878788,0.06060606060606061,6,7,35,2.1714285714285713,0.5833333333333334,11,2.111111111111111,3.4876543209876547,0.3969298245614035,4.684141522331988,"{2: 29, 3: 6}",35,5.0,0.5698273074661964
0.9508757525998904,0.8214285714285714,0.9508757525998904,"{0.0: 1.0, 0.1: 0.9612068965517242, 0.2: 0.8914203612479474}","{'noise=0.0;missing=0.0': 1.0, 'noise=0.0;missing=0.2': 1.0, 'noise=0.1;missing=0.0': 0.9642857142857143, 'noise=0.1;missing=0.2': 0.958128078817734, 'noise=0.2;missing=0.0': 0.869047619047619, 'noise=0.2;missing=0.2': 0.9137931034482759}",0.8787878787878788,0.045454545454545456,6,7,32,2.28125,0.5333333333333333,13,2.0277777777777777,5.638117283950617,0.539193302891933,4.33914736990022,"{2: 25, 3: 5, 4: 2}",32,2.0,0.5234483667695472
0.9577403758438242,0.8452380952380952,0.9577403758438242,"{0.0: 1.0, 0.1: 0.9521756978653532, 0.2: 0.9210454296661192}","{'noise=0.0;missing=0.0': 1.0, 'noise=0.0;missing=0.2': 1.0, 'noise=0.1;missing=0.0': 0.9523809523809524, 'noise=0.1;missing=0.2': 0.9519704433497537, 'noise=0.2;missing=0.0': 0.888888888888889, 'noise=0.2;missing=0.2': 0.9532019704433498}",0.8636363636363636,0.06060606060606061,6,7,21,2.142857142857143,0.35,8,1.25,2.5208333333333335,0.6055555555555555,4.1023125404856575,"{2: 18, 3: 3}",21,0.0,0.3478010912698412
0.9499863163656267,0.8273809523809523,0.9499863163656267,"{0.0: 1.0, 0.1: 0.9589833059660646, 0.2: 0.8909756431308155}","{'noise=0.0;missing=0.0': 1.0, 'noise=0.0;missing=0.2': 1.0, 'noise=0.1;missing=0.0': 0.9623015873015872, 'noise=0.1;missing=0.2': 0.9556650246305419, 'noise=0.2;missing=0.0': 0.8829365079365078, 'noise=0.2;missing=0.2': 0.899014778325123}",0.8333333333333334,0.045454545454545456,6,7,32,2.1875,0.5333333333333333,13,1.9444444444444444,5.441358024691358,0.5238095238095238,4.361362205122413,"{2: 27, 3: 4, 4: 1}",32,2.0,0.522764531893004
0.9518792191205983,0.8273809523809523,0.9518792191205983,"{0.0: 1.0, 0.1: 0.9542624521072796, 0.2: 0.9013752052545156}","{'noise=0.0;missing=0.0': 1.0, 'noise=0.0;missing=0.2': 1.0, 'noise=0.1;missing=0.0': 0.9503968253968254, 'noise=0.1;missing=0.2': 0.958128078817734, 'noise=0.2;missing=0.0': 0.8988095238095238, 'noise=0.2;missing=0.2': 0.9039408866995073}",0.8484848484848485,0.045454545454545456,6,7,33,2.242424242424242,0.55,14,2.0555555555555554,6.330246913580249,0.5315315315315315,4.372532292765476,"{2: 27, 3: 4, 4: 2}",33,3.0,0.5391274317246539
0.9442619959861338,0.7976190476190477,0.9442619959861338,"{0.0: 1.0, 0.1: 0.950499452654625, 0.2: 0.8822865353037767}","{'noise=0.0;missing=0.0': 1.0, 'noise=0.0;missing=0.2': 1.0, 'noise=0.1;missing=0.0': 0.9662698412698413, 'noise=0.1;missing=0.2': 0.9347290640394089, 'noise=0.2;missing=0.0': 0.863095238095238, 'noise=0.2;missing=0.2': 0.9014778325123152}",0.803030303030303,0.10606060606060606,6,7,31,2.161290322580645,0.5166666666666667,12,1.8611111111111112,4.2307098765432105,0.4755389718076285,4.472149078226859,"{2: 26, 3: 5}",31,1.0,0.5065474122195672
0.948036398467433,0.8214285714285714,0.948036398467433,"{0.0: 1.0, 0.1: 0.9510467980295567, 0.2: 0.8930623973727422}","{'noise=0.0;missing=0.0': 1.0, 'noise=0.0;missing=0.2': 1.0, 'noise=0.1;missing=0.0': 0.9464285714285714, 'noise=0.1;missing=0.2': 0.9556650246305418, 'noise=0.2;missing=0.0': 0.8452380952380951, 'noise=0.2;missing=0.2': 0.9408866995073891}",0.8181818181818182,0.045454545454545456,6,7,29,2.1724137931034484,0.48333333333333334,8,1.75,3.1875,0.5260141093474426,4.389357701002968,"{2: 24, 3: 5}",29,0.0,0.47478412356321836
0.9524949826673964,0.8273809523809523,0.9524949826673964,"{0.0: 1.0, 0.1: 0.9587780514504652, 0.2: 0.8987068965517242}","{'noise=0.0;missing=0.0': 1.0, 'noise=0.0;missing=0.2': 1.0, 'noise=0.1;missing=0.0': 0.9742063492063492, 'noise=0.1;missing=0.2': 0.9433497536945813, 'noise=0.2;missing=0.0': 0.9107142857142857, 'noise=0.2;missing=0.2': 0.8866995073891625}",0.803030303030303,0.07575757575757576,6,7,25,2.08,0.4166666666666667,11,1.4444444444444444,4.413580246913581,0.6517094017094017,3.942019991405238,"{2: 23, 3: 2}",25,0.0,0.4110133744855967
0.9576719576719577,0.8452380952380952,0.9576719576719577,"{0.0: 1.0, 0.1: 0.9522441160372195, 0.2: 0.9207717569786534}","{'noise=0.0;missing=0.0': 1.0, 'noise=0.0;missing=0.2': 1.0, 'noise=0.1;missing=0.0': 0.9722222222222222, 'noise=0.1;missing=0.2': 0.9322660098522169, 'noise=0.2;missing=0.0': 0.9166666666666666, 'noise=0.2;missing=0.2': 0.9248768472906403}",0.8787878787878788,0.06060606060606061,6,7,36,2.1666666666666665,0.6,11,2.1666666666666665,3.6388888888888897,0.4066951566951567,4.678505291680781,"{2: 30, 3: 6}",36,6.0,0.5856527777777777
0.9495986133917168,0.8154761904761905,0.9495986133917168,"{0.0: 1.0, 0.1: 0.9527914614121512, 0.2: 0.8960043787629994}","{'noise=0.0;missing=0.0': 1.0, 'noise=0.0;missing=0.2': 1.0, 'noise=0.1;missing=0.0': 0.9523809523809523, 'noise=0.1;missing=0.2': 0.9532019704433498, 'noise=0.2;missing=0.0': 0.8769841269841271, 'noise=0.2;missing=0.2': 0.9150246305418719}",0.8333333333333334,0.07575757575757576,6,7,34,2.176470588235294,0.5666666666666667,15,2.0555555555555554,6.274691358024693,0.49324324324324326,4.427188886584735,"{2: 29, 3: 4, 4: 1}",34,4.0,0.5544934943113047
0.9347518700966978,0.7857142857142857,0.9347518700966978,"{0.0: 1.0, 0.1: 0.9347290640394089, 0.2: 0.8695265462506842}","{'noise=0.0;missing=0.0': 1.0, 'noise=0.0;missing=0.2': 1.0, 'noise=0.1;missing=0.0': 0.9285714285714286, 'noise=0.1;missing=0.2': 0.9408866995073891, 'noise=0.2;missing=0.0': 0.8412698412698412, 'noise=0.2;missing=0.2': 0.897783251231527}",0.8181818181818182,0.06060606060606061,6,7,26,2.1923076923076925,0.43333333333333335,9,1.5833333333333333,3.8541666666666665,0.5989278752436648,4.174933988480217,"{2: 21, 3: 5}",26,0.0,0.42753338675213676
0.9386517058930851,0.8095238095238095,0.9386517058930851,"{0.0: 1.0, 0.1: 0.9433839627805145, 0.2: 0.872571154898741}","{'noise=0.0;missing=0.0': 1.0, 'noise=0.0;missing=0.2': 1.0, 'noise=0.1;missing=0.0': 0.9384920634920635, 'noise=0.1;missing=0.2': 0.9482758620689654, 'noise=0.2;missing=0.0': 0.8313492063492064, 'noise=0.2;missing=0.2': 0.9137931034482758}",0.803030303030303,0.030303030303030304,6,7,30,2.2333333333333334,0.5,10,1.8611111111111112,4.1195987654321,0.5211442786069652,4.405516340216259,"{2: 24, 3: 5, 4: 1}",30,0.0,0.49119585905349794
0.9621419449005655,0.8511904761904762,0.9621419449005655,"{0.0: 1.0, 0.1: 0.9640462506841817, 0.2: 0.922379584017515}","{'noise=0.0;missing=0.0': 1.0, 'noise=0.0;missing=0.2': 1.0, 'noise=0.1;missing=0.0': 0.9662698412698413, 'noise=0.1;missing=0.2': 0.9618226600985221, 'noise=0.2;missing=0.0': 0.9186507936507936, 'noise=0.2;missing=0.2': 0.9261083743842364}",0.8636363636363636,0.09090909090909091,6,7,21,2.2857142857142856,0.35,8,1.3333333333333333,2.8333333333333335,0.5960648148148148,4.16070150120865,"{2: 16, 3: 4, 4: 1}",21,0.0,0.34884523809523804
0.9405103995621238,0.8035714285714286,0.9405103995621238,"{0.0: 1.0, 0.1: 0.9458812260536398, 0.2: 0.8756499726327311}","{'noise=0.0;missing=0.0': 1.0, 'noise=0.0;missing=0.2': 1.0, 'noise=0.1;missing=0.0': 0.9484126984126984, 'noise=0.1;missing=0.2': 0.9433497536945812, 'noise=0.2;missing=0.0': 0.8313492063492064, 'noise=0.2;missing=0.2': 0.9199507389162562}",0.8333333333333334,0.06060606060606061,6,7,38,2.289473684210526,0.6333333333333333,13,2.4166666666666665,5.965277777777779,0.48243933588761173,4.5349431309318895,"{2: 29, 3: 7, 4: 2}",38,8.0,0.6185600024366471
0.9485609377850757,0.8214285714285714,0.9485609377850757,"{0.0: 1.0, 0.1: 0.9459838533114395, 0.2: 0.8996989600437876}","{'noise=0.0;missing=0.0': 1.0, 'noise=0.0;missing=0.2': 1.0, 'noise=0.1;missing=0.0': 0.9424603174603173, 'noise=0.1;missing=0.2': 0.9495073891625615, 'noise=0.2;missing=0.0': 0.8769841269841269, 'noise=0.2;missing=0.2': 0.9224137931034483}",0.7878787878787878,0.045454545454545456,6,7,31,2.193548387096774,0.5166666666666667,8,1.8888888888888888,3.1543209876543212,0.4852941176470588,4.522703606045811,"{2: 25, 3: 6}",31,1.0,0.5065920284083366
0.9524265644955301,0.8273809523809523,0.9524265644955301,"{0.0: 1.0, 0.1: 0.9637041598248495, 0.2: 0.8935755336617406}","{'noise=0.0;missing=0.0': 1.0, 'noise=0.0;missing=0.2': 1.0, 'noise=0.1;missing=0.0': 0.9742063492063492, 'noise=0.1;missing=0.2': 0.9532019704433498, 'noise=0.2;missing=0.0': 0.851190476190476, 'noise=0.2;missing=0.2': 0.9359605911330048}",0.8484848484848485,0.06060606060606061,6,7,27,2.111111111111111,0.45,11,1.5833333333333333,3.7430555555555554,0.5238791423001949,4.353619657822625,"{2: 24, 3: 3}",27,0.0,0.44278433641975307
0.9568509396095602,0.8273809523809523,0.9568509396095602,"{0.0: 1.0, 0.1: 0.9542624521072797, 0.2: 0.9162903667214012}","{'noise=0.0;missing=0.0': 1.0, 'noise=0.0;missing=0.2': 1.0, 'noise=0.1;missing=0.0': 0.9503968253968254, 'noise=0.1;missing=0.2': 0.958128078817734, 'noise=0.2;missing=0.0': 0.9027777777777778, 'noise=0.2;missing=0.2': 0.9298029556650247}",0.8787878787878788,0.09090909090909091,6,7,28,2.357142857142857,0.4666666666666667,10,1.8333333333333333,3.6944444444444438,0.5016835016835017,4.4654092798347484,"{2: 20, 3: 6, 4: 2}",28,0.0,0.4603181216931217
0.9469987228607918,0.8095238095238095,0.9469987228607918,"{0.0: 1.0, 0.1: 0.9259373289545704, 0.2: 0.9150588396278051}","{'noise=0.0;missing=0.0': 1.0, 'noise=0.0;missing=0.2': 1.0, 'noise=0.1;missing=0.0': 0.9146825396825397, 'noise=0.1;missing=0.2': 0.9371921182266009, 'noise=0.2;missing=0.0': 0.9027777777777777, 'noise=0.2;missing=0.2': 0.9273399014778325}",0.8181818181818182,0.045454545454545456,6,7,29,2.310344827586207,0.48333333333333334,8,1.8611111111111112,3.6751543209876547,0.5277777777777778,4.420108967510101,"{2: 22, 3: 5, 4: 2}",29,0.0,0.4758232536895133
0.9477399197226782,0.8273809523809523,0.9477399197226782,"{0.0: 1.0, 0.1: 0.9467022441160372, 0.2: 0.8965175150519977}","{'noise=0.0;missing=0.0': 1.0, 'noise=0.0;missing=0.2': 1.0, 'noise=0.1;missing=0.0': 0.9365079365079365, 'noise=0.1;missing=0.2': 0.9568965517241379, 'noise=0.2;missing=0.0': 0.8472222222222222, 'noise=0.2;missing=0.2': 0.9458128078817734}",0.803030303030303,0.06060606060606061,6,7,31,2.161290322580645,0.5166666666666667,11,1.8611111111111112,5.675154320987655,0.6256218905472637,4.0913340980168575,"{2: 27, 3: 3, 4: 1}",31,1.0,0.506788152960308
0.9383096150337529,0.7857142857142857,0.9383096150337529,"{0.0: 1.0, 0.1: 0.9326423097974822, 0.2: 0.8822865353037768}","{'noise=0.0;missing=0.0': 1.0, 'noise=0.0;missing=0.2': 1.0, 'noise=0.1;missing=0.0': 0.9305555555555555, 'noise=0.1;missing=0.2': 0.9347290640394089, 'noise=0.2;missing=0.0': 0.8630952380952381, 'noise=0.2;missing=0.2': 0.9014778325123152}",0.8181818181818182,0.06060606060606061,6,7,29,2.2413793103448274,0.48333333333333334,11,1.8055555555555556,4.156635802469135,0.5226495726495727,4.392705493244801,"{2: 23, 3: 5, 4: 1}",29,0.0,0.47542457340002836
0.9412629994526547,0.7976190476190477,0.9412629994526547,"{0.0: 1.0, 0.1: 0.9385946907498631, 0.2: 0.8851943076081008}","{'noise=0.0;missing=0.0': 1.0, 'noise=0.0;missing=0.2': 1.0, 'noise=0.1;missing=0.0': 0.9424603174603173, 'noise=0.1;missing=0.2': 0.9347290640394089, 'noise=0.2;missing=0.0': 0.8849206349206348, 'noise=0.2;missing=0.2': 0.8854679802955665}",0.803030303030303,0.06060606060606061,6,7,33,2.212121212121212,0.55,14,2.0277777777777777,6.082561728395063,0.5254946727549468,4.35376942378403,"{2: 27, 3: 5, 4: 1}",33,3.0,0.5388757131500187
0.9462119138843277,0.8392857142857143,0.9462119138843277,"{0.0: 1.0, 0.1: 0.956588669950739, 0.2: 0.8820470717022442}","{'noise=0.0;missing=0.0': 1.0, 'noise=0.0;missing=0.2': 1.0, 'noise=0.1;missing=0.0': 0.9464285714285714, 'noise=0.1;missing=0.2': 0.9667487684729065, 'noise=0.2;missing=0.0': 0.8293650793650793, 'noise=0.2;missing=0.2': 0.9347290640394087}",0.8333333333333334,0.030303030303030304,6,7,24,2.1666666666666665,0.4,5,1.4444444444444444,1.5246913580246912,0.4551282051282051,4.56352788201102,"{2: 20, 3: 4}",24,0.0,0.39530041152263373
0.9542054369640576,0.8273809523809523,0.9542054369640576,"{0.0: 1.0, 0.1: 0.9541940339354131, 0.2: 0.9084222769567596}","{'noise=0.0;missing=0.0': 1.0, 'noise=0.0;missing=0.2': 1.0, 'noise=0.1;missing=0.0': 0.9662698412698413, 'noise=0.1;missing=0.2': 0.9421182266009852, 'noise=0.2;missing=0.0': 0.9067460317460317, 'noise=0.2;missing=0.2': 0.9100985221674877}",0.8484848484848485,0.07575757575757576,6,7,21,2.238095238095238,0.35,9,1.3055555555555556,3.1010802469135803,0.6140661938534279,4.083131075165478,"{2: 17, 3: 3, 4: 1}",21,0.0,0.3485591747501469
0.9514915161466885,0.8333333333333334,0.9514915161466885,"{0.0: 1.0, 0.1: 0.9396209633278599, 0.2: 0.9148535851122058}","{'noise=0.0;missing=0.0': 1.0, 'noise=0.0;missing=0.2': 1.0, 'noise=0.1;missing=0.0': 0.9543650793650793, 'noise=0.1;missing=0.2': 0.9248768472906403, 'noise=0.2;missing=0.0': 0.8789682539682538, 'noise=0.2;missing=0.2': 0.9507389162561576}",0.8333333333333334,0.07575757575757576,6,7,20,2.15,0.3333333333333333,6,1.1944444444444444,1.60108024691358,0.5316537467700259,4.344187428818823,"{2: 17, 3: 3}",20,0.0,0.33186406893004117
0.9532703886152163,0.8273809523809523,0.9532703886152163,"{0.0: 1.0, 0.1: 0.9461891078270389, 0.2: 0.9136220580186097}","{'noise=0.0;missing=0.0': 1.0, 'noise=0.0;missing=0.2': 1.0, 'noise=0.1;missing=0.0': 0.9305555555555555, 'noise=0.1;missing=0.2': 0.9618226600985221, 'noise=0.2;missing=0.0': 0.9146825396825397, 'noise=0.2;missing=0.2': 0.9125615763546797}",0.8333333333333334,0.045454545454545456,6,7,22,2.1363636363636362,0.36666666666666664,6,1.3055555555555556,1.9899691358024691,0.5360520094562647,4.349712458420388,"{2: 19, 3: 3}",22,0.0,0.36350085344182564
0.9491538952745848,0.8035714285714286,0.9491538952745848,"{0.0: 1.0, 0.1: 0.9463943623426382, 0.2: 0.9010673234811166}","{'noise=0.0;missing=0.0': 1.0, 'noise=0.0;missing=0.2': 1.0, 'noise=0.1;missing=0.0': 0.9543650793650793, 'noise=0.1;missing=0.2': 0.938423645320197, 'noise=0.2;missing=0.0': 0.880952380952381, 'noise=0.2;missing=0.2': 0.9211822660098522}",0.8484848484848485,0.07575757575757576,6,7,24,2.25,0.4,9,1.5,3.4722222222222223,0.5987654320987654,4.16879971527931,"{2: 19, 3: 4, 4: 1}",24,0.0,0.3962037037037037
0.955915891260719,0.8273809523809523,0.955915891260719,"{0.0: 1.0, 0.1: 0.961788451012589, 0.2: 0.9059592227695676}","{'noise=0.0;missing=0.0': 1.0, 'noise=0.0;missing=0.2': 1.0, 'noise=0.1;missing=0.0': 0.9543650793650793, 'noise=0.1;missing=0.2': 0.9692118226600985, 'noise=0.2;missing=0.0': 0.8710317460317459, 'noise=0.2;missing=0.2': 0.9408866995073891}",0.8181818181818182,0.07575757575757576,6,7,27,2.1481481481481484,0.45,13,1.6111111111111112,5.070987654320988,0.564176245210728,4.211605230970877,"{2: 23, 3: 4}",27,0.0,0.44326286008230453
0.954718573253056,0.8452380952380952,0.954718573253056,"{0.0: 1.0, 0.1: 0.9509783798576902, 0.2: 0.9131773399014778}","{'noise=0.0;missing=0.0': 1.0, 'noise=0.0;missing=0.2': 1.0, 'noise=0.1;missing=0.0': 0.9623015873015872, 'noise=0.1;missing=0.2': 0.939655172413793, 'noise=0.2;missing=0.0': 0.857142857142857, 'noise=0.2;missing=0.2': 0.9692118226600985}",0.8333333333333334,0.07575757575757576,6,7,25,2.2,0.4166666666666667,6,1.5277777777777777,2.4158950617283956,0.5328282828282829,4.357654940364693,"{2: 20, 3: 5}",25,0.0,0.41151376028806586
0.937420178799489,0.7976190476190477,0.937420178799489,"{0.0: 1.0, 0.1: 0.9330186097427476, 0.2: 0.8792419266557197}","{'noise=0.0;missing=0.0': 1.0, 'noise=0.0;missing=0.2': 1.0, 'noise=0.1;missing=0.0': 0.9325396825396826, 'noise=0.1;missing=0.2': 0.9334975369458128, 'noise=0.2;missing=0.0': 0.8373015873015872, 'noise=0.2;missing=0.2': 0.9211822660098522}",0.8333333333333334,0.045454545454545456,6,7,27,2.1481481481481484,0.45,9,1.6111111111111112,2.9043209876543212,0.5076628352490421,4.417483149926973,"{2: 23, 3: 4}",27,0.0,0.44290174897119344
0.9538291370187921,0.8214285714285714,0.9538291370187921,"{0.0: 1.0, 0.1: 0.9634304871373837, 0.2: 0.8980569239189929}","{'noise=0.0;missing=0.0': 1.0, 'noise=0.0;missing=0.2': 1.0, 'noise=0.1;missing=0.0': 0.9662698412698413, 'noise=0.1;missing=0.2': 0.960591133004926, 'noise=0.2;missing=0.0': 0.865079365079365, 'noise=0.2;missing=0.2': 0.9310344827586208}",0.8484848484848485,0.07575757575757576,6,7,27,2.2222222222222223,0.45,11,1.6666666666666667,4.0,0.5370370370370371,4.328841624140169,"{2: 22, 3: 4, 4: 1}",27,0.0,0.44359876543209875
0.942391899288451,0.8154761904761905,0.942391899288451,"{0.0: 1.0, 0.1: 0.9423918992884511, 0.2: 0.8847837985769019}","{'noise=0.0;missing=0.0': 1.0, 'noise=0.0;missing=0.2': 1.0, 'noise=0.1;missing=0.0': 0.9365079365079365, 'noise=0.1;missing=0.2': 0.9482758620689654, 'noise=0.2;missing=0.0': 0.8730158730158729, 'noise=0.2;missing=0.2': 0.8965517241379309}",0.8484848484848485,0.045454545454545456,6,7,23,2.217391304347826,0.38333333333333336,8,1.4166666666666667,3.520833333333333,0.6432461873638344,4.018725412017822,"{2: 18, 3: 5}",23,0.0,0.3801520229468599
0.9533616128443715,0.8392857142857143,0.9533616128443715,"{0.0: 1.0, 0.1: 0.9499863163656267, 0.2: 0.9100985221674875}","{'noise=0.0;missing=0.0': 1.0, 'noise=0.0;missing=0.2': 1.0, 'noise=0.1;missing=0.0': 0.9603174603174603, 'noise=0.1;missing=0.2': 0.939655172413793, 'noise=0.2;missing=0.0': 0.857142857142857, 'noise=0.2;missing=0.2': 0.9630541871921182}",0.8181818181818182,0.07575757575757576,6,7,26,2.1923076923076925,0.43333333333333335,7,1.5833333333333333,2.7430555555555554,0.5394736842105263,4.338146865462322,"{2: 21, 3: 5}",26,0.0,0.4273482015669516
0.9476715015508119,0.8154761904761905,0.9476715015508119,"{0.0: 1.0, 0.1: 0.939176245210728, 0.2: 0.9038382594417077}","{'noise=0.0;missing=0.0': 1.0, 'noise=0.0;missing=0.2': 1.0, 'noise=0.1;missing=0.0': 0.9325396825396826, 'noise=0.1;missing=0.2': 0.9458128078817734, 'noise=0.2;missing=0.0': 0.8630952380952381, 'noise=0.2;missing=0.2': 0.9445812807881773}",0.8333333333333334,0.07575757575757576,6,7,29,2.310344827586207,0.48333333333333334,11,1.8611111111111112,4.286265432098766,0.5294361525704809,4.372987312991139,"{2: 22, 3: 5, 4: 2}",29,0.0,0.47592510554136513
0.9451058201058201,0.8154761904761905,0.9451058201058201,"{0.0: 1.0, 0.1: 0.9443076081007116, 0.2: 0.8910098522167488}","{'noise=0.0;missing=0.0': 1.0, 'noise=0.0;missing=0.2': 1.0, 'noise=0.1;missing=0.0': 0.9206349206349207, 'noise=0.1;missing=0.2': 0.9679802955665024, 'noise=0.2;missing=0.0': 0.8571428571428571, 'noise=0.2;missing=0.2': 0.9248768472906403}",0.8484848484848485,0.030303030303030304,6,7,25,2.16,0.4166666666666667,7,1.5,2.0833333333333335,0.4845679012345679,4.474123438112909,"{2: 21, 3: 4}",25,0.0,0.4111805555555556
0.9602490421455938,0.8452380952380952,0.9602490421455938,"{0.0: 1.0, 0.1: 0.9600095785440612, 0.2: 0.9207375478927202}","{'noise=0.0;missing=0.0': 1.0, 'noise=0.0;missing=0.2': 1.0, 'noise=0.1;missing=0.0': 0.9742063492063492, 'noise=0.1;missing=0.2': 0.9458128078817734, 'noise=0.2;missing=0.0': 0.9067460317460316, 'noise=0.2;missing=0.2': 0.9347290640394087}",0.8333333333333334,0.06060606060606061,6,7,23,2.217391304347826,0.38333333333333336,7,1.4166666666666667,2.7430555555555554,0.5974945533769063,4.176725833393183,"{2: 19, 3: 3, 4: 1}",23,0.0,0.38002239331723026
0.9482644590403211,0.8154761904761905,0.9482644590403211,"{0.0: 1.0, 0.1: 0.9648330596606459, 0.2: 0.8799603174603173}","{'noise=0.0;missing=0.0': 1.0, 'noise=0.0;missing=0.2': 1.0, 'noise=0.1;missing=0.0': 0.9801587301587301, 'noise=0.1;missing=0.2': 0.9495073891625615, 'noise=0.2;missing=0.0': 0.867063492063492, 'noise=0.2;missing=0.2': 0.8928571428571429}",0.8333333333333334,0.06060606060606061,6,7,21,2.142857142857143,0.35,8,1.25,2.576388888888889,0.6117283950617284,4.091418651692923,"{2: 18, 3: 3}",21,0.0,0.3478103505291005
0.9429392446633825,0.8154761904761905,0.9429392446633825,"{0.0: 1.0, 0.1: 0.9443418171866448, 0.2: 0.8844759168035031}","{'noise=0.0;missing=0.0': 1.0, 'noise=0.0;missing=0.2': 1.0, 'noise=0.1;missing=0.0': 0.9305555555555556, 'noise=0.1;missing=0.2': 0.958128078817734, 'noise=0.2;missing=0.0': 0.85515873015873, 'noise=0.2;missing=0.2': 0.9137931034482758}",0.8181818181818182,0.045454545454545456,6,7,23,2.217391304347826,0.38333333333333336,6,1.4166666666666667,2.5208333333333335,0.5571895424836601,4.290003901500556,"{2: 18, 3: 5}",23,0.0,0.3799853562801932
0.9517993979200876,0.8333333333333334,0.9517993979200876,"{0.0: 1.0, 0.1: 0.9499521072796934, 0.2: 0.9054460864805692}","{'noise=0.0;missing=0.0': 1.0, 'noise=0.0;missing=0.2': 1.0, 'noise=0.1;missing=0.0': 0.9503968253968254, 'noise=0.1;missing=0.2': 0.9495073891625615, 'noise=0.2;missing=0.0': 0.8650793650793649, 'noise=0.2;missing=0.2': 0.9458128078817734}",0.803030303030303,0.045454545454545456,6,7,33,2.1818181818181817,0.55,10,2.0,4.0,0.49537037037037035,4.491202481433726,"{2: 27, 3: 6}",33,3.0,0.5383181818181818
0.9499293012224047,0.8214285714285714,0.9499293012224047,"{0.0: 1.0, 0.1: 0.9498494800218938, 0.2: 0.8999384236453203}","{'noise=0.0;missing=0.0': 1.0, 'noise=0.0;missing=0.2': 1.0, 'noise=0.1;missing=0.0': 0.9563492063492063, 'noise=0.1;missing=0.2': 0.9433497536945813, 'noise=0.2;missing=0.0': 0.9107142857142857, 'noise=0.2;missing=0.2': 0.8891625615763548}",0.803030303030303,0.07575757575757576,6,7,25,2.12,0.4166666666666667,11,1.4722222222222223,4.471450617283952,0.64937106918239,3.950699449045692,"{2: 22, 3: 3}",25,0.0,0.41130079732510294
0.9433497536945813,0.8035714285714286,0.9433497536945813,"{0.0: 1.0, 0.1: 0.9320265462506842, 0.2: 0.8980227148330596}","{'noise=0.0;missing=0.0': 1.0, 'noise=0.0;missing=0.2': 1.0, 'noise=0.1;missing=0.0': 0.9305555555555555, 'noise=0.1;missing=0.2': 0.9334975369458128, 'noise=0.2;missing=0.0': 0.8908730158730158, 'noise=0.2;missing=0.2': 0.9051724137931034}",0.8333333333333334,0.06060606060606061,6,7,29,2.206896551724138,0.48333333333333334,11,1.7777777777777777,4.172839506172839,0.5295138888888888,4.376124206469727,"{2: 24, 3: 4, 4: 1}",29,0.0,0.4751878104157798
0.9371008939974459,0.7916666666666666,0.9371008939974459,"{0.0: 1.0, 0.1: 0.9250821018062397, 0.2: 0.8862205801860974}","{'noise=0.0;missing=0.0': 1.0, 'noise=0.0;missing=0.2': 1.0, 'noise=0.1;missing=0.0': 0.9166666666666666, 'noise=0.1;missing=0.2': 0.9334975369458128, 'noise=0.2;missing=0.0': 0.861111111111111, 'noise=0.2;missing=0.2': 0.9113300492610837}",0.8181818181818182,0.06060606060606061,6,7,29,2.1379310344827585,0.48333333333333334,9,1.7222222222222223,3.200617283950618,0.5125448028673835,4.4193815443212054,"{2: 25, 3: 4}",29,0.0,0.4745468461756776
0.9412858055099433,0.8154761904761905,0.9412858055099433,"{0.0: 1.0, 0.1: 0.9582307060755336, 0.2: 0.8656267104542967}","{'noise=0.0;missing=0.0': 1.0, 'noise=0.0;missing=0.2': 1.0, 'noise=0.1;missing=0.0': 0.9583333333333333, 'noise=0.1;missing=0.2': 0.958128078817734, 'noise=0.2;missing=0.0': 0.8174603174603173, 'noise=0.2;missing=0.2': 0.9137931034482758}",0.8333333333333334,0.030303030303030304,6,7,23,2.217391304347826,0.38333333333333336,7,1.4166666666666667,2.409722222222222,0.5484749455337691,4.325934470146846,"{2: 18, 3: 5}",23,0.0,0.3799668377616747
0.9576149425287357,0.8571428571428571,0.9576149425287357,"{0.0: 1.0, 0.1: 0.9620963327859879, 0.2: 0.910748494800219}","{'noise=0.0;missing=0.0': 1.0, 'noise=0.0;missing=0.2': 1.0, 'noise=0.1;missing=0.0': 0.9722222222222222, 'noise=0.1;missing=0.2': 0.9519704433497537, 'noise=0.2;missing=0.0': 0.9027777777777778, 'noise=0.2;missing=0.2': 0.91871921182266}",0.8181818181818182,0.07575757575757576,6,7,20,2.25,0.3333333333333333,6,1.25,1.8541666666666667,0.5611111111111111,4.252421151644845,"{2: 15, 3: 5}",20,0.0,0.33260069444444446
0.9584473636197773,0.8392857142857143,0.9584473636197773,"{0.0: 1.0, 0.1: 0.9541940339354131, 0.2: 0.9211480569239189}","{'noise=0.0;missing=0.0': 1.0, 'noise=0.0;missing=0.2': 1.0, 'noise=0.1;missing=0.0': 0.9662698412698413, 'noise=0.1;missing=0.2': 0.9421182266009852, 'noise=0.2;missing=0.0': 0.9186507936507936, 'noise=0.2;missing=0.2': 0.9236453201970443}",0.8484848484848485,0.07575757575757576,6,7,19,2.210526315789474,0.31666666666666665,7,1.1666666666666667,2.0833333333333335,0.5925925925925926,4.156218685614626,"{2: 16, 3: 2, 4: 1}",19,0.0,0.31653143274853796
0.9539659733625252,0.8392857142857143,0.9539659733625252,"{0.0: 1.0, 0.1: 0.942084017515052, 0.2: 0.9198139025725232}","{'noise=0.0;missing=0.0': 1.0, 'noise=0.0;missing=0.2': 1.0, 'noise=0.1;missing=0.0': 0.9543650793650793, 'noise=0.1;missing=0.2': 0.9298029556650247, 'noise=0.2;missing=0.0': 0.8888888888888887, 'noise=0.2;missing=0.2': 0.9507389162561576}",0.8636363636363636,0.07575757575757576,6,7,21,2.142857142857143,0.35,7,1.25,1.9097222222222223,0.5376543209876543,4.321385663817296,"{2: 18, 3: 3}",21,0.0,0.34769923941798936
0.9567939244663383,0.8333333333333334,0.9567939244663383,"{0.0: 1.0, 0.1: 0.9598043240284619, 0.2: 0.9105774493705528}","{'noise=0.0;missing=0.0': 1.0, 'noise=0.0;missing=0.2': 1.0, 'noise=0.1;missing=0.0': 0.9503968253968252, 'noise=0.1;missing=0.2': 0.9692118226600985, 'noise=0.2;missing=0.0': 0.888888888888889, 'noise=0.2;missing=0.2': 0.9322660098522169}",0.8181818181818182,0.07575757575757576,6,7,28,2.1785714285714284,0.4666666666666667,13,1.6944444444444444,5.212191358024691,0.5687613843351548,4.209432922392144,"{2: 23, 3: 5}",28,0.0,0.45933100014697237
0.9370780879401569,0.8035714285714286,0.9370780879401569,"{0.0: 1.0, 0.1: 0.939928845101259, 0.2: 0.8713054187192117}","{'noise=0.0;missing=0.0': 1.0, 'noise=0.0;missing=0.2': 1.0, 'noise=0.1;missing=0.0': 0.9365079365079365, 'noise=0.1;missing=0.2': 0.9433497536945813, 'noise=0.2;missing=0.0': 0.8571428571428571, 'noise=0.2;missing=0.2': 0.8854679802955665}",0.803030303030303,0.045454545454545456,6,7,24,2.2083333333333335,0.4,8,1.4722222222222223,3.7492283950617296,0.6430817610062893,4.025301002534378,"{2: 19, 3: 5}",24,0.0,0.3959605195473251
0.9563149972632731,0.8273809523809523,0.9563149972632731,"{0.0: 1.0, 0.1: 0.9582307060755336, 0.2: 0.9107142857142857}","{'noise=0.0;missing=0.0': 1.0, 'noise=0.0;missing=0.2': 1.0, 'noise=0.1;missing=0.0': 0.9583333333333333, 'noise=0.1;missing=0.2': 0.9581280788177339, 'noise=0.2;missing=0.0': 0.8928571428571429, 'noise=0.2;missing=0.2': 0.9285714285714286}",0.803030303030303,0.10606060606060606,6,7,26,2.1923076923076925,0.43333333333333335,9,1.5833333333333333,3.2430555555555554,0.5501949317738791,4.317036891464602,"{2: 22, 3: 3, 4: 1}",26,0.0,0.4274315349002849
0.9528142674694399,0.8154761904761905,0.9528142674694399,"{0.0: 1.0, 0.1: 0.9481048166392994, 0.2: 0.9103379857690203}","{'noise=0.0;missing=0.0': 1.0, 'noise=0.0;missing=0.2': 1.0, 'noise=0.1;missing=0.0': 0.9503968253968254, 'noise=0.1;missing=0.2': 0.9458128078817734, 'noise=0.2;missing=0.0': 0.8908730158730159, 'noise=0.2;missing=0.2': 0.9298029556650247}",0.8636363636363636,0.09090909090909091,6,7,28,2.357142857142857,0.4666666666666667,10,1.8333333333333333,3.638888888888889,0.4941077441077441,4.476846969261468,"{2: 20, 3: 6, 4: 2}",28,0.0,0.46030886243386243
0.9532703886152163,0.8273809523809523,0.9532703886152163,"{0.0: 1.0, 0.1: 0.9461891078270389, 0.2: 0.9136220580186097}","{'noise=0.0;missing=0.0': 1.0, 'noise=0.0;missing=0.2': 1.0, 'noise=0.1;missing=0.0': 0.9305555555555555, 'noise=0.1;missing=0.2': 0.9618226600985221, 'noise=0.2;missing=0.0': 0.9146825396825397, 'noise=0.2;missing=0.2': 0.9125615763546797}",0.8333333333333334,0.045454545454545456,6,7,23,2.1739130434782608,0.38333333333333336,7,1.3888888888888888,2.515432098765432,0.5544444444444444,4.301147631579379,"{2: 19, 3: 4}",23,0.0,0.37968252370728217
0.9578430031016237,0.8392857142857143,0.9578430031016237,"{0.0: 1.0, 0.1: 0.9640462506841817, 0.2: 0.9094827586206896}","{'noise=0.0;missing=0.0': 1.0, 'noise=0.0;missing=0.2': 1.0, 'noise=0.1;missing=0.0': 0.9662698412698413, 'noise=0.1;missing=0.2': 0.9618226600985221, 'noise=0.2;missing=0.0': 0.8928571428571429, 'noise=0.2;missing=0.2': 0.9261083743842364}",0.8333333333333334,0.09090909090909091,6,7,20,2.3,0.3333333333333333,7,1.2777777777777777,2.533950617283951,0.606280193236715,4.131909511904762,"{2: 15, 3: 4, 4: 1}",20,0.0,0.3330612139917695
0.9529168947272395,0.8273809523809523,0.9529168947272395,"{0.0: 1.0, 0.1: 0.9566228790366721, 0.2: 0.9021278051450466}","{'noise=0.0;missing=0.0': 1.0, 'noise=0.0;missing=0.2': 1.0, 'noise=0.1;missing=0.0': 0.9563492063492064, 'noise=0.1;missing=0.2': 0.956896551724138, 'noise=0.2;missing=0.0': 0.8670634920634922, 'noise=0.2;missing=0.2': 0.9371921182266009}",0.8636363636363636,0.06060606060606061,6,7,20,2.1,0.3333333333333333,8,1.1666666666666667,2.305555555555556,0.593915343915344,4.129947184477478,"{2: 18, 3: 2}",20,0.0,0.33163425925925927
0.9505108556832693,0.8154761904761905,0.9505108556832693,"{0.0: 1.0, 0.1: 0.9525177887246853, 0.2: 0.8990147783251231}","{'noise=0.0;missing=0.0': 1.0, 'noise=0.0;missing=0.2': 1.0, 'noise=0.1;missing=0.0': 0.9444444444444444, 'noise=0.1;missing=0.2': 0.960591133004926, 'noise=0.2;missing=0.0': 0.8928571428571429, 'noise=0.2;missing=0.2': 0.9051724137931034}",0.8787878787878788,0.06060606060606061,6,7,31,2.3225806451612905,0.5166666666666667,12,2.0,5.222222222222222,0.5354938271604939,4.370993842099648,"{2: 23, 3: 6, 4: 2}",31,1.0,0.5078327359617683
0.9573754789272031,0.8511904761904762,0.9573754789272031,"{0.0: 1.0, 0.1: 0.9543992884510126, 0.2: 0.9177271483305967}","{'noise=0.0;missing=0.0': 1.0, 'noise=0.0;missing=0.2': 1.0, 'noise=0.1;missing=0.0': 0.9543650793650793, 'noise=0.1;missing=0.2': 0.9544334975369458, 'noise=0.2;missing=0.0': 0.9265873015873014, 'noise=0.2;missing=0.2': 0.9088669950738916}",0.8636363636363636,0.06060606060606061,6,7,27,2.3333333333333335,0.45,7,1.75,3.6875,0.5559964726631393,4.335344456893186,"{2: 20, 3: 5, 4: 2}",27,0.0,0.444318287037037
0.9568509396095602,0.8511904761904762,0.9568509396095602,"{0.0: 1.0, 0.1: 0.9497468527640941, 0.2: 0.9208059660645868}","{'noise=0.0;missing=0.0': 1.0, 'noise=0.0;missing=0.2': 1.0, 'noise=0.1;missing=0.0': 0.9623015873015872, 'noise=0.1;missing=0.2': 0.9371921182266009, 'noise=0.2;missing=0.0': 0.8908730158730157, 'noise=0.2;missing=0.2': 0.9507389162561576}",0.8484848484848485,0.07575757575757576,6,7,20,2.15,0.3333333333333333,6,1.1944444444444444,1.8233024691358024,0.5742894056847545,4.22220806840402,"{2: 17, 3: 3}",20,0.0,0.33190110596707817
0.953236179529283,0.8333333333333334,0.953236179529283,"{0.0: 1.0, 0.1: 0.9571018062397373, 0.2: 0.9026067323481116}","{'noise=0.0;missing=0.0': 1.0, 'noise=0.0;missing=0.2': 1.0, 'noise=0.1;missing=0.0': 0.9523809523809523, 'noise=0.1;missing=0.2': 0.9618226600985221, 'noise=0.2;missing=0.0': 0.8988095238095238, 'noise=0.2;missing=0.2': 0.9064039408866995}",0.8484848484848485,0.06060606060606061,6,7,23,2.217391304347826,0.38333333333333336,6,1.4166666666666667,1.576388888888889,0.4395424836601307,4.583998381102339,"{2: 18, 3: 5}",23,0.0,0.3798279488727858
0.9539203612479474,0.8214285714285714,0.9539203612479474,"{0.0: 1.0, 0.1: 0.9597359058565955, 0.2: 0.9020251778872469}","{'noise=0.0;missing=0.0': 1.0, 'noise=0.0;missing=0.2': 1.0, 'noise=0.1;missing=0.0': 0.9662698412698413, 'noise=0.1;missing=0.2': 0.9532019704433498, 'noise=0.2;missing=0.0': 0.8730158730158729, 'noise=0.2;missing=0.2': 0.9310344827586208}",0.8484848484848485,0.07575757575757576,6,7,26,2.230769230769231,0.43333333333333335,11,1.6111111111111112,3.904320987654321,0.5383141762452107,4.315949515985082,"{2: 21, 3: 4, 4: 1}",26,0.0,0.4278088398227287
0.9491196861886516,0.8095238095238095,0.9491196861886516,"{0.0: 1.0, 0.1: 0.9450259989053093, 0.2: 0.9023330596606459}","{'noise=0.0;missing=0.0': 1.0, 'noise=0.0;missing=0.2': 1.0, 'noise=0.1;missing=0.0': 0.9503968253968254, 'noise=0.1;missing=0.2': 0.939655172413793, 'noise=0.2;missing=0.0': 0.8908730158730158, 'noise=0.2;missing=0.2': 0.9137931034482759}",0.8333333333333334,0.09090909090909091,6,7,27,2.3333333333333335,0.45,9,1.75,3.076388888888889,0.4880952380952381,4.498573328324178,"{2: 20, 3: 5, 4: 2}",27,0.0,0.44421643518518517
0.9498038679073162,0.8214285714285714,0.9498038679073162,"{0.0: 1.0, 0.1: 0.9574096880131363, 0.2: 0.8920019157088123}","{'noise=0.0;missing=0.0': 1.0, 'noise=0.0;missing=0.2': 1.0, 'noise=0.1;missing=0.0': 0.9702380952380952, 'noise=0.1;missing=0.2': 0.9445812807881774, 'noise=0.2;missing=0.0': 0.8591269841269841, 'noise=0.2;missing=0.2': 0.9248768472906403}",0.8333333333333334,0.06060606060606061,6,7,25,2.04,0.4166666666666667,11,1.4166666666666667,3.8541666666666674,0.585511982570806,4.151571953553119,"{2: 24, 3: 1}",25,0.0,0.41064236111111113
0.9632594417077175,0.8571428571428571,0.9632594417077175,"{0.0: 1.0, 0.1: 0.9603516694033934, 0.2: 0.929426655719759}","{'noise=0.0;missing=0.0': 1.0, 'noise=0.0;missing=0.2': 1.0, 'noise=0.1;missing=0.0': 0.9662698412698413, 'noise=0.1;missing=0.2': 0.9544334975369458, 'noise=0.2;missing=0.0': 0.9265873015873015, 'noise=0.2;missing=0.2': 0.9322660098522167}",0.8787878787878788,0.06060606060606061,6,7,21,2.2857142857142856,0.35,9,1.3333333333333333,3.166666666666666,0.6053240740740741,4.118220250848072,"{2: 16, 3: 4, 4: 1}",21,0.0,0.34890079365079363
0.9560983397190294,0.8452380952380952,0.9560983397190294,"{0.0: 1.0, 0.1: 0.9707854406130269, 0.2: 0.8975095785440613}","{'noise=0.0;missing=0.0': 1.0, 'noise=0.0;missing=0.2': 1.0, 'noise=0.1;missing=0.0': 0.9920634920634921, 'noise=0.1;missing=0.2': 0.9495073891625615, 'noise=0.2;missing=0.0': 0.8849206349206348, 'noise=0.2;missing=0.2': 0.9100985221674875}",0.8484848484848485,0.06060606060606061,6,7,20,2.25,0.3333333333333333,6,1.25,2.2430555555555554,0.6080246913580247,4.127762474435139,"{2: 16, 3: 3, 4: 1}",20,0.0,0.33266550925925925
0.9569421638387157,0.8392857142857143,0.9569421638387157,"{0.0: 1.0, 0.1: 0.9618910782703887, 0.2: 0.9089354132457581}","{'noise=0.0;missing=0.0': 1.0, 'noise=0.0;missing=0.2': 1.0, 'noise=0.1;missing=0.0': 0.9484126984126985, 'noise=0.1;missing=0.2': 0.9753694581280788, 'noise=0.2;missing=0.0': 0.9126984126984127, 'noise=0.2;missing=0.2': 0.9051724137931035}",0.8636363636363636,0.07575757575757576,6,7,21,2.142857142857143,0.35,10,1.25,3.2430555555555554,0.6104938271604938,4.053429630702997,"{2: 18, 3: 3}",21,0.0,0.3479214616402116
0.9550948731983214,0.8273809523809523,0.9550948731983214,"{0.0: 1.0, 0.1: 0.9530309250136836, 0.2: 0.9122536945812809}","{'noise=0.0;missing=0.0': 1.0, 'noise=0.0;missing=0.2': 1.0, 'noise=0.1;missing=0.0': 0.9503968253968254, 'noise=0.1;missing=0.2': 0.9556650246305418, 'noise=0.2;missing=0.0': 0.8750000000000001, 'noise=0.2;missing=0.2': 0.9495073891625615}",0.8484848484848485,0.09090909090909091,6,7,20,2.2,0.3333333333333333,8,1.2222222222222223,2.450617283950617,0.5972222222222222,4.135234743489788,"{2: 17, 3: 2, 4: 1}",20,0.0,0.3323528806584362
0.9606937602627257,0.8571428571428571,0.9606937602627257,"{0.0: 1.0, 0.1: 0.9707854406130269, 0.2: 0.9112958401751506}","{'noise=0.0;missing=0.0': 1.0, 'noise=0.0;missing=0.2': 1.0, 'noise=0.1;missing=0.0': 0.9920634920634921, 'noise=0.1;missing=0.2': 0.9495073891625615, 'noise=0.2;missing=0.0': 0.8829365079365079, 'noise=0.2;missing=0.2': 0.939655172413793}",0.8484848484848485,0.06060606060606061,6,7,23,2.217391304347826,0.38333333333333336,7,1.4166666666666667,2.409722222222222,0.5517429193899782,4.309174607945408,"{2: 19, 3: 3, 4: 1}",23,0.0,0.3799668377616747
0.9489030286444079,0.8095238095238095,0.9489030286444079,"{0.0: 1.0, 0.1: 0.9471127531472359, 0.2: 0.8995963327859879}","{'noise=0.0;missing=0.0': 1.0, 'noise=0.0;missing=0.2': 1.0, 'noise=0.1;missing=0.0': 0.9484126984126985, 'noise=0.1;missing=0.2': 0.9458128078817734, 'noise=0.2;missing=0.0': 0.882936507936508, 'noise=0.2;missing=0.2': 0.916256157635468}",0.8484848484848485,0.09090909090909091,6,7,25,2.28,0.4166666666666667,11,1.5833333333333333,3.6875,0.5151072124756335,4.366863298211458,"{2: 19, 3: 5, 4: 1}",25,0.0,0.41228125
0.9604428936325489,0.8452380952380952,0.9604428936325489,"{0.0: 1.0, 0.1: 0.9673987411056376, 0.2: 0.9139299397920088}","{'noise=0.0;missing=0.0': 1.0, 'noise=0.0;missing=0.2': 1.0, 'noise=0.1;missing=0.0': 0.9742063492063492, 'noise=0.1;missing=0.2': 0.960591133004926, 'noise=0.2;missing=0.0': 0.8968253968253969, 'noise=0.2;missing=0.2': 0.9310344827586208}",0.8636363636363636,0.07575757575757576,6,7,31,2.2903225806451615,0.5166666666666667,12,1.9722222222222223,4.638117283950617,0.4988262910798122,4.453921373111611,"{2: 24, 3: 5, 4: 2}",31,1.0,0.5075113708018054
0.9621419449005655,0.8511904761904762,0.9621419449005655,"{0.0: 1.0, 0.1: 0.9640462506841817, 0.2: 0.922379584017515}","{'noise=0.0;missing=0.0': 1.0, 'noise=0.0;missing=0.2': 1.0, 'noise=0.1;missing=0.0': 0.9662698412698413, 'noise=0.1;missing=0.2': 0.9618226600985221, 'noise=0.2;missing=0.0': 0.9186507936507936, 'noise=0.2;missing=0.2': 0.9261083743842364}",0.8636363636363636,0.09090909090909091,6,7,20,2.3,0.3333333333333333,8,1.2777777777777777,2.7006172839506175,0.5954106280193237,4.151400749996931,"{2: 15, 3: 4, 4: 1}",20,0.0,0.3330889917695473
0.9570333880678709,0.8571428571428571,0.9570333880678709,"{0.0: 1.0, 0.1: 0.942220853858785, 0.2: 0.9288793103448276}","{'noise=0.0;missing=0.0': 1.0, 'noise=0.0;missing=0.2': 1.0, 'noise=0.1;missing=0.0': 0.9583333333333334, 'noise=0.1;missing=0.2': 0.9261083743842364, 'noise=0.2;missing=0.0': 0.9107142857142857, 'noise=0.2;missing=0.2': 0.9470443349753694}",0.8484848484848485,0.030303030303030304,6,7,27,2.2222222222222223,0.45,10,1.6666666666666667,4.111111111111111,0.5768518518518518,4.230167946706389,"{2: 22, 3: 4, 4: 1}",27,0.0,0.4436172839506173
0.9602946542601716,0.8452380952380952,0.9602946542601716,"{0.0: 1.0, 0.1: 0.9612753147235906, 0.2: 0.9196086480569239}","{'noise=0.0;missing=0.0': 1.0, 'noise=0.0;missing=0.2': 1.0, 'noise=0.1;missing=0.0': 0.9484126984126985, 'noise=0.1;missing=0.2': 0.9741379310344828, 'noise=0.2;missing=0.0': 0.9007936507936506, 'noise=0.2;missing=0.2': 0.938423645320197}",0.8787878787878788,0.07575757575757576,6,7,26,2.230769230769231,0.43333333333333335,11,1.6111111111111112,4.015432098765432,0.5498084291187739,4.294482059125832,"{2: 20, 3: 6}",26,0.0,0.42782735834124724
0.9539887794198139,0.8392857142857143,0.9539887794198139,"{0.0: 1.0, 0.1: 0.9707854406130269, 0.2: 0.891180897646415}","{'noise=0.0;missing=0.0': 1.0, 'noise=0.0;missing=0.2': 1.0, 'noise=0.1;missing=0.0': 0.9920634920634921, 'noise=0.1;missing=0.2': 0.9495073891625615, 'noise=0.2;missing=0.0': 0.871031746031746, 'noise=0.2;missing=0.2': 0.9113300492610836}",0.8484848484848485,0.06060606060606061,6,7,24,2.25,0.4,7,1.5,2.8055555555555554,0.573045267489712,4.25237957790852,"{2: 19, 3: 4, 4: 1}",24,0.0,0.3960925925925926
0.9478539500091225,0.8214285714285714,0.9478539500091225,"{0.0: 1.0, 0.1: 0.9451628352490421, 0.2: 0.8983990147783251}","{'noise=0.0;missing=0.0': 1.0, 'noise=0.0;missing=0.2': 1.0, 'noise=0.1;missing=0.0': 0.9543650793650793, 'noise=0.1;missing=0.2': 0.935960591133005, 'noise=0.2;missing=0.0': 0.857142857142857, 'noise=0.2;missing=0.2': 0.939655172413793}",0.8636363636363636,0.07575757575757576,6,7,18,2.1666666666666665,0.3,6,1.0833333333333333,1.576388888888889,0.5576923076923077,4.246188756990946,"{2: 15, 3: 3}",18,0.0,0.30030902777777774
0.9625068418171865,0.8690476190476191,0.9625068418171865,"{0.0: 1.0, 0.1: 0.961959496442255, 0.2: 0.925561029009305}","{'noise=0.0;missing=0.0': 1.0, 'noise=0.0;missing=0.2': 1.0, 'noise=0.1;missing=0.0': 0.9682539682539683, 'noise=0.1;missing=0.2': 0.9556650246305419, 'noise=0.2;missing=0.0': 0.9126984126984128, 'noise=0.2;missing=0.2': 0.9384236453201972}",0.8636363636363636,0.06060606060606061,6,7,20,2.15,0.3333333333333333,8,1.1944444444444444,2.6566358024691357,0.6401808785529716,3.9896499288691367,"{2: 17, 3: 3}",20,0.0,0.3320399948559671
0.9542396460499909,0.8273809523809523,0.9542396460499909,"{0.0: 1.0, 0.1: 0.9473522167487685, 0.2: 0.9153667214012042}","{'noise=0.0;missing=0.0': 1.0, 'noise=0.0;missing=0.2': 1.0, 'noise=0.1;missing=0.0': 0.9464285714285714, 'noise=0.1;missing=0.2': 0.9482758620689654, 'noise=0.2;missing=0.0': 0.9206349206349206, 'noise=0.2;missing=0.2': 0.9100985221674877}",0.8484848484848485,0.07575757575757576,6,7,21,2.380952380952381,0.35,6,1.3888888888888888,2.626543209876543,0.5966666666666667,4.178171939471839,"{2: 15, 3: 4, 4: 2}",21,0.0,0.34947214873603755
0.952004652435687,0.8333333333333334,0.952004652435687,"{0.0: 1.0, 0.1: 0.9648330596606459, 0.2: 0.891180897646415}","{'noise=0.0;missing=0.0': 1.0, 'noise=0.0;missing=0.2': 1.0, 'noise=0.1;missing=0.0': 0.9801587301587301, 'noise=0.1;missing=0.2': 0.9495073891625615, 'noise=0.2;missing=0.0': 0.871031746031746, 'noise=0.2;missing=0.2': 0.9113300492610836}",0.8484848484848485,0.06060606060606061,6,7,21,2.238095238095238,0.35,7,1.3055555555555556,2.6010802469135808,0.6164302600472813,4.101808533858618,"{2: 17, 3: 3, 4: 1}",21,0.0,0.3484758414168136
0.9632594417077175,0.8571428571428571,0.9632594417077175,"{0.0: 1.0, 0.1: 0.9603516694033934, 0.2: 0.929426655719759}","{'noise=0.0;missing=0.0': 1.0, 'noise=0.0;missing=0.2': 1.0, 'noise=0.1;missing=0.0': 0.9662698412698413, 'noise=0.1;missing=0.2': 0.9544334975369458, 'noise=0.2;missing=0.0': 0.9265873015873015, 'noise=0.2;missing=0.2': 0.9322660098522167}",0.8787878787878788,0.06060606060606061,6,7,22,2.272727272727273,0.36666666666666664,9,1.3888888888888888,3.2932098765432096,0.6055555555555555,4.130881379939833,"{2: 17, 3: 4, 4: 1}",22,0.0,0.3646650299289188
0.9587552453931765,0.8392857142857143,0.9587552453931765,"{0.0: 1.0, 0.1: 0.9510467980295567, 0.2: 0.9252189381499727}","{'noise=0.0;missing=0.0': 1.0, 'noise=0.0;missing=0.2': 1.0, 'noise=0.1;missing=0.0': 0.9464285714285714, 'noise=0.1;missing=0.2': 0.9556650246305418, 'noise=0.2;missing=0.0': 0.884920634920635, 'noise=0.2;missing=0.2': 0.9655172413793104}",0.8333333333333334,0.09090909090909091,6,7,23,2.260869565217391,0.38333333333333336,8,1.4444444444444444,2.802469135802469,0.5673076923076923,4.265262978081656,"{2: 18, 3: 4, 4: 1}",23,0.0,0.3803342279477545
0.958128078817734,0.8452380952380952,0.958128078817734,"{0.0: 1.0, 0.1: 0.9574096880131363, 0.2: 0.9169745484400657}","{'noise=0.0;missing=0.0': 1.0, 'noise=0.0;missing=0.2': 1.0, 'noise=0.1;missing=0.0': 0.9702380952380951, 'noise=0.1;missing=0.2': 0.9445812807881774, 'noise=0.2;missing=0.0': 0.886904761904762, 'noise=0.2;missing=0.2': 0.9470443349753693}",0.8939393939393939,0.06060606060606061,6,7,22,2.0454545454545454,0.36666666666666664,7,1.25,2.0208333333333335,0.5549382716049382,4.2660473305801165,"{2: 21, 3: 1}",22,0.0,0.36287468434343434
0.9531221492428389,0.8273809523809523,0.9531221492428389,"{0.0: 1.0, 0.1: 0.949575807334428, 0.2: 0.9097906403940887}","{'noise=0.0;missing=0.0': 1.0, 'noise=0.0;missing=0.2': 1.0, 'noise=0.1;missing=0.0': 0.9484126984126985, 'noise=0.1;missing=0.2': 0.9507389162561576, 'noise=0.2;missing=0.0': 0.9107142857142856, 'noise=0.2;missing=0.2': 0.9088669950738916}",0.8333333333333334,0.07575757575757576,6,7,20,2.15,0.3333333333333333,9,1.1944444444444444,2.767746913580247,0.6065891472868217,4.0765182426716855,"{2: 17, 3: 3}",20,0.0,0.3320585133744856
0.9599069512862616,0.8452380952380952,0.9599069512862616,"{0.0: 1.0, 0.1: 0.9568965517241379, 0.2: 0.9228243021346471}","{'noise=0.0;missing=0.0': 1.0, 'noise=0.0;missing=0.2': 1.0, 'noise=0.1;missing=0.0': 0.9642857142857143, 'noise=0.1;missing=0.2': 0.9495073891625615, 'noise=0.2;missing=0.0': 0.9047619047619045, 'noise=0.2;missing=0.2': 0.9408866995073891}",0.8333333333333334,0.07575757575757576,6,7,21,2.2857142857142856,0.35,8,1.3333333333333333,2.666666666666666,0.5949074074074074,4.157268229617388,"{2: 16, 3: 4, 4: 1}",21,0.0,0.3488174603174603
0.9514459040321109,0.8273809523809523,0.9514459040321109,"{0.0: 1.0, 0.1: 0.9393130815544609, 0.2: 0.9150246305418719}","{'noise=0.0;missing=0.0': 1.0, 'noise=0.0;missing=0.2': 1.0, 'noise=0.1;missing=0.0': 0.9365079365079365, 'noise=0.1;missing=0.2': 0.9421182266009852, 'noise=0.2;missing=0.0': 0.8928571428571429, 'noise=0.2;missing=0.2': 0.9371921182266011}",0.8333333333333334,0.06060606060606061,6,7,20,2.15,0.3333333333333333,8,1.1944444444444444,2.323302469135802,0.5897932816537468,4.146740335896194,"{2: 17, 3: 3}",20,0.0,0.3319844393004115
0.9548668126254334,0.8273809523809523,0.9548668126254334,"{0.0: 1.0, 0.1: 0.9566228790366721, 0.2: 0.9079775588396278}","{'noise=0.0;missing=0.0': 1.0, 'noise=0.0;missing=0.2': 1.0, 'noise=0.1;missing=0.0': 0.9563492063492064, 'noise=0.1;missing=0.2': 0.956896551724138, 'noise=0.2;missing=0.0': 0.884920634920635, 'noise=0.2;missing=0.2': 0.9310344827586207}",0.8787878787878788,0.06060606060606061,6,7,26,2.269230769230769,0.43333333333333335,10,1.6388888888888888,3.23070987654321,0.501412429378531,4.4081732449603,"{2: 20, 3: 5, 4: 1}",26,0.0,0.4279636653213042
0.9550264550264551,0.8392857142857143,0.9550264550264551,"{0.0: 1.0, 0.1: 0.9661672140120416, 0.2: 0.8989121510673235}","{'noise=0.0;missing=0.0': 1.0, 'noise=0.0;missing=0.2': 1.0, 'noise=0.1;missing=0.0': 0.9742063492063492, 'noise=0.1;missing=0.2': 0.958128078817734, 'noise=0.2;missing=0.0': 0.863095238095238, 'noise=0.2;missing=0.2': 0.9347290640394087}",0.8787878787878788,0.07575757575757576,6,7,20,2.1,0.3333333333333333,6,1.1666666666666667,1.5833333333333333,0.5343915343915344,4.33209539866017,"{2: 18, 3: 2}",20,0.0,0.3315138888888889
0.9592227695675972,0.8452380952380952,0.9592227695675972,"{0.0: 1.0, 0.1: 0.9525519978106186, 0.2: 0.9251163108921728}","{'noise=0.0;missing=0.0': 1.0, 'noise=0.0;missing=0.2': 1.0, 'noise=0.1;missing=0.0': 0.9543650793650793, 'noise=0.1;missing=0.2': 0.9507389162561576, 'noise=0.2;missing=0.0': 0.9265873015873016, 'noise=0.2;missing=0.2': 0.9236453201970443}",0.8333333333333334,0.07575757575757576,6,7,17,2.1176470588235294,0.2833333333333333,7,1.0,1.8888888888888888,0.6095679012345679,4.04752578042657,"{2: 15, 3: 2}",17,0.0,0.28418736383442267
0.958128078817734,0.8452380952380952,0.958128078817734,"{0.0: 1.0, 0.1: 0.9574096880131363, 0.2: 0.9169745484400657}","{'noise=0.0;missing=0.0': 1.0, 'noise=0.0;missing=0.2': 1.0, 'noise=0.1;missing=0.0': 0.9702380952380951, 'noise=0.1;missing=0.2': 0.9445812807881774, 'noise=0.2;missing=0.0': 0.886904761904762, 'noise=0.2;missing=0.2': 0.9470443349753693}",0.8939393939393939,0.06060606060606061,6,7,23,2.1739130434782608,0.38333333333333336,7,1.3888888888888888,2.2376543209876543,0.5444444444444444,4.325533250556852,"{2: 20, 3: 2, 4: 1}",23,0.0,0.37963622741098585
0.9685390439700784,0.8869047619047619,0.9685390439700784,"{0.0: 1.0, 0.1: 0.9683223864258347, 0.2: 0.9372947454844007}","{'noise=0.0;missing=0.0': 1.0, 'noise=0.0;missing=0.2': 1.0, 'noise=0.1;missing=0.0': 0.9920634920634921, 'noise=0.1;missing=0.2': 0.9445812807881773, 'noise=0.2;missing=0.0': 0.9226190476190476, 'noise=0.2;missing=0.2': 0.9519704433497537}",0.9090909090909091,0.06060606060606061,6,7,20,2.15,0.3333333333333333,6,1.1944444444444444,1.9344135802469138,0.5872093023255814,4.187097021791766,"{2: 17, 3: 3}",20,0.0,0.3319196244855967
0.9602946542601716,0.8452380952380952,0.9602946542601716,"{0.0: 1.0, 0.1: 0.9612753147235906, 0.2: 0.9196086480569239}","{'noise=0.0;missing=0.0': 1.0, 'noise=0.0;missing=0.2': 1.0, 'noise=0.1;missing=0.0': 0.9484126984126985, 'noise=0.1;missing=0.2': 0.9741379310344828, 'noise=0.2;missing=0.0': 0.9007936507936506, 'noise=0.2;missing=0.2': 0.938423645320197}",0.8787878787878788,0.07575757575757576,6,7,24,2.125,0.4,10,1.4166666666666667,3.131944444444444,0.5386710239651417,4.285581107595013,"{2: 21, 3: 3}",24,0.0,0.39527893518518514
0.9621419449005655,0.8511904761904762,0.9621419449005655,"{0.0: 1.0, 0.1: 0.9640462506841817, 0.2: 0.922379584017515}","{'noise=0.0;missing=0.0': 1.0, 'noise=0.0;missing=0.2': 1.0, 'noise=0.1;missing=0.0': 0.9662698412698413, 'noise=0.1;missing=0.2': 0.9618226600985221, 'noise=0.2;missing=0.0': 0.9186507936507936, 'noise=0.2;missing=0.2': 0.9261083743842364}",0.8636363636363636,0.09090909090909091,6,7,20,2.25,0.3333333333333333,7,1.25,2.298611111111111,0.5845679012345679,4.193933719517082,"{2: 16, 3: 3, 4: 1}",20,0.0,0.3326747685185185
0.9617770479839446,0.8630952380952381,0.9617770479839446,"{0.0: 1.0, 0.1: 0.9604885057471264, 0.2: 0.9248426382047071}","{'noise=0.0;missing=0.0': 1.0, 'noise=0.0;missing=0.2': 1.0, 'noise=0.1;missing=0.0': 0.9702380952380951, 'noise=0.1;missing=0.2': 0.9507389162561576, 'noise=0.2;missing=0.0': 0.9186507936507936, 'noise=0.2;missing=0.2': 0.9310344827586208}",0.9090909090909091,0.06060606060606061,6,7,20,2.05,0.3333333333333333,7,1.1388888888888888,2.0084876543209877,0.5887533875338753,4.158496895868567,"{2: 19, 3: 1}",20,0.0,0.33123752572016457
0.9645821930304689,0.8630952380952381,0.9645821930304689,"{0.0: 1.0, 0.1: 0.9603516694033934, 0.2: 0.9333949096880131}","{'noise=0.0;missing=0.0': 1.0, 'noise=0.0;missing=0.2': 1.0, 'noise=0.1;missing=0.0': 0.9662698412698413, 'noise=0.1;missing=0.2': 0.9544334975369458, 'noise=0.2;missing=0.0': 0.9345238095238094, 'noise=0.2;missing=0.2': 0.9322660098522167}",0.8787878787878788,0.06060606060606061,6,7,20,2.15,0.3333333333333333,9,1.1944444444444444,3.156635802469136,0.646640826873385,3.946061487452224,"{2: 17, 3: 3}",20,0.0,0.3321233281893004
0.9550720671410327,0.8392857142857143,0.9550720671410327,"{0.0: 1.0, 0.1: 0.9521756978653532, 0.2: 0.913040503557745}","{'noise=0.0;missing=0.0': 1.0, 'noise=0.0;missing=0.2': 1.0, 'noise=0.1;missing=0.0': 0.9523809523809524, 'noise=0.1;missing=0.2': 0.9519704433497537, 'noise=0.2;missing=0.0': 0.888888888888889, 'noise=0.2;missing=0.2': 0.9371921182266011}",0.8484848484848485,0.06060606060606061,6,7,21,2.142857142857143,0.35,9,1.25,2.8541666666666665,0.6129629629629629,4.062880595800827,"{2: 18, 3: 3}",21,0.0,0.3478566468253968
0.9488118044152527,0.8273809523809523,0.9488118044152527,"{0.0: 1.0, 0.1: 0.951115216201423, 0.2: 0.8953201970443349}","{'noise=0.0;missing=0.0': 1.0, 'noise=0.0;missing=0.2': 1.0, 'noise=0.1;missing=0.0': 0.9662698412698412, 'noise=0.1;missing=0.2': 0.935960591133005, 'noise=0.2;missing=0.0': 0.857142857142857, 'noise=0.2;missing=0.2': 0.9334975369458128}",0.8636363636363636,0.07575757575757576,6,7,21,2.2857142857142856,0.35,7,1.3333333333333333,2.2777777777777777,0.5682870370370371,4.2533761057025385,"{2: 16, 3: 4, 4: 1}",21,0.0,0.34875264550264545
0.9560983397190294,0.8452380952380952,0.9560983397190294,"{0.0: 1.0, 0.1: 0.9707854406130269, 0.2: 0.8975095785440613}","{'noise=0.0;missing=0.0': 1.0, 'noise=0.0;missing=0.2': 1.0, 'noise=0.1;missing=0.0': 0.9920634920634921, 'noise=0.1;missing=0.2': 0.9495073891625615, 'noise=0.2;missing=0.0': 0.8849206349206348, 'noise=0.2;missing=0.2': 0.9100985221674875}",0.8484848484848485,0.06060606060606061,6,7,19,2.210526315789474,0.31666666666666665,5,1.1666666666666667,1.75,0.58994708994709,4.1751884828081955,"{2: 16, 3: 2, 4: 1}",19,0.0,0.3164758771929824
0.9514915161466885,0.8333333333333334,0.9514915161466885,"{0.0: 1.0, 0.1: 0.9396209633278599, 0.2: 0.9148535851122058}","{'noise=0.0;missing=0.0': 1.0, 'noise=0.0;missing=0.2': 1.0, 'noise=0.1;missing=0.0': 0.9543650793650793, 'noise=0.1;missing=0.2': 0.9248768472906403, 'noise=0.2;missing=0.0': 0.8789682539682538, 'noise=0.2;missing=0.2': 0.9507389162561576}",0.8333333333333334,0.07575757575757576,6,7,22,2.272727272727273,0.36666666666666664,7,1.3888888888888888,2.1265432098765427,0.5277777777777778,4.3753377504703135,"{2: 16, 3: 6}",22,0.0,0.36447058548447436
0.9554369640576535,0.8333333333333334,0.9554369640576535,"{0.0: 1.0, 0.1: 0.9572386425834701, 0.2: 0.9090722495894911}","{'noise=0.0;missing=0.0': 1.0, 'noise=0.0;missing=0.2': 1.0, 'noise=0.1;missing=0.0': 0.9563492063492064, 'noise=0.1;missing=0.2': 0.958128078817734, 'noise=0.2;missing=0.0': 0.880952380952381, 'noise=0.2;missing=0.2': 0.9371921182266009}",0.8787878787878788,0.06060606060606061,6,7,21,2.142857142857143,0.35,9,1.25,2.7430555555555554,0.5932098765432099,4.124100318071126,"{2: 18, 3: 3}",21,0.0,0.34783812830687827
0.9474890530925014,0.8154761904761905,0.9474890530925014,"{0.0: 1.0, 0.1: 0.942084017515052, 0.2: 0.9003831417624522}","{'noise=0.0;missing=0.0': 1.0, 'noise=0.0;missing=0.2': 1.0, 'noise=0.1;missing=0.0': 0.9543650793650793, 'noise=0.1;missing=0.2': 0.9298029556650247, 'noise=0.2;missing=0.0': 0.861111111111111, 'noise=0.2;missing=0.2': 0.939655172413793}",0.8636363636363636,0.07575757575757576,6,7,20,2.15,0.3333333333333333,6,1.1944444444444444,1.6010802469135803,0.5316537467700259,4.344187428818823,"{2: 17, 3: 3}",20,0.0,0.33186406893004117
0.9491995073891625,0.8214285714285714,0.9491995073891625,"{0.0: 1.0, 0.1: 0.9600437876299946, 0.2: 0.8875547345374931}","{'noise=0.0;missing=0.0': 1.0, 'noise=0.0;missing=0.2': 1.0, 'noise=0.1;missing=0.0': 0.9484126984126985, 'noise=0.1;missing=0.2': 0.9716748768472907, 'noise=0.2;missing=0.0': 0.8551587301587301, 'noise=0.2;missing=0.2': 0.9199507389162562}",0.8333333333333334,0.06060606060606061,6,7,24,2.2083333333333335,0.4,10,1.4722222222222223,3.527006172839507,0.5728511530398323,4.212095993664381,"{2: 19, 3: 5}",24,0.0,0.3959234825102881
0.9615945995256341,0.8452380952380952,0.9615945995256341,"{0.0: 1.0, 0.1: 0.9513204707170225, 0.2: 0.9334633278598795}","{'noise=0.0;missing=0.0': 1.0, 'noise=0.0;missing=0.2': 1.0, 'noise=0.1;missing=0.0': 0.9543650793650793, 'noise=0.1;missing=0.2': 0.9482758620689654, 'noise=0.2;missing=0.0': 0.9186507936507936, 'noise=0.2;missing=0.2': 0.9482758620689654}",0.8484848484848485,0.07575757575757576,6,7,21,2.0952380952380953,0.35,8,1.2222222222222223,2.5617283950617282,0.6123737373737373,4.078638720860855,"{2: 19, 3: 2}",21,0.0,0.3474772192827748
0.9529168947272395,0.8273809523809523,0.9529168947272395,"{0.0: 1.0, 0.1: 0.9566228790366721, 0.2: 0.9021278051450466}","{'noise=0.0;missing=0.0': 1.0, 'noise=0.0;missing=0.2': 1.0, 'noise=0.1;missing=0.0': 0.9563492063492064, 'noise=0.1;missing=0.2': 0.956896551724138, 'noise=0.2;missing=0.0': 0.8670634920634922, 'noise=0.2;missing=0.2': 0.9371921182266011}",0.8484848484848485,0.06060606060606061,6,7,19,2.1052631578947367,0.31666666666666665,8,1.1111111111111112,2.209876543209877,0.5930555555555556,4.115311532225102,"{2: 17, 3: 2}",19,0.0,0.3158215291314706
0.9565202517788725,0.8511904761904762,0.9565202517788725,"{0.0: 1.0, 0.1: 0.9517309797482211, 0.2: 0.9178297755883962}","{'noise=0.0;missing=0.0': 1.0, 'noise=0.0;missing=0.2': 1.0, 'noise=0.1;missing=0.0': 0.9662698412698412, 'noise=0.1;missing=0.2': 0.9371921182266009, 'noise=0.2;missing=0.0': 0.8849206349206348, 'noise=0.2;missing=0.2': 0.9507389162561576}",0.8636363636363636,0.07575757575757576,6,7,21,2.3333333333333335,0.35,7,1.3611111111111112,2.3418209876543212,0.5697278911564626,4.254076487726287,"{2: 15, 3: 5, 4: 1}",21,0.0,0.3490940072016461
0.960169220945083,0.8571428571428571,0.960169220945083,"{0.0: 1.0, 0.1: 0.963943623426382, 0.2: 0.9165640394088669}","{'noise=0.0;missing=0.0': 1.0, 'noise=0.0;missing=0.2': 1.0, 'noise=0.1;missing=0.0': 0.9722222222222222, 'noise=0.1;missing=0.2': 0.9556650246305418, 'noise=0.2;missing=0.0': 0.9107142857142857, 'noise=0.2;missing=0.2': 0.9224137931034482}",0.8484848484848485,0.07575757575757576,6,7,22,2.272727272727273,0.36666666666666664,7,1.3888888888888888,2.126543209876543,0.5311111111111111,4.3504355005135835,"{2: 16, 3: 6}",22,0.0,0.36447058548447436
0.9651751505199782,0.875,0.9651751505199782,"{0.0: 1.0, 0.1: 0.961959496442255, 0.2: 0.9335659551176791}","{'noise=0.0;missing=0.0': 1.0, 'noise=0.0;missing=0.2': 1.0, 'noise=0.1;missing=0.0': 0.9682539682539683, 'noise=0.1;missing=0.2': 0.9556650246305419, 'noise=0.2;missing=0.0': 0.9126984126984128, 'noise=0.2;missing=0.2': 0.9544334975369458}",0.8787878787878788,0.06060606060606061,6,7,21,2.142857142857143,0.35,8,1.25,2.6875,0.6290123456790123,4.030198929422624,"{2: 18, 3: 3}",21,0.0,0.347828869047619
0.9533274037584383,0.8214285714285714,0.9533274037584383,"{0.0: 1.0, 0.1: 0.9516967706622879, 0.2: 0.9082854406130269}","{'noise=0.0;missing=0.0': 1.0, 'noise=0.0;missing=0.2': 1.0, 'noise=0.1;missing=0.0': 0.9563492063492064, 'noise=0.1;missing=0.2': 0.9470443349753693, 'noise=0.2;missing=0.0': 0.8670634920634921, 'noise=0.2;missing=0.2': 0.9495073891625615}",0.8484848484848485,0.09090909090909091,6,7,21,2.0476190476190474,0.35,7,1.1944444444444444,1.9344135802469136,0.5549095607235142,4.254023546409849,"{2: 20, 3: 1}",21,0.0,0.3470419789829512
0.9631226053639846,0.8690476190476191,0.9631226053639846,"{0.0: 1.0, 0.1: 0.9629857690202518, 0.2: 0.9263820470717022}","{'noise=0.0;missing=0.0': 1.0, 'noise=0.0;missing=0.2': 1.0, 'noise=0.1;missing=0.0': 0.9801587301587301, 'noise=0.1;missing=0.2': 0.9458128078817734, 'noise=0.2;missing=0.0': 0.9007936507936508, 'noise=0.2;missing=0.2': 0.9519704433497537}",0.8787878787878788,0.06060606060606061,6,7,16,2.125,0.26666666666666666,5,0.9444444444444444,1.3858024691358022,0.6111111111111112,4.068957238806496,"{2: 14, 3: 2}",16,0.0,0.26832124485596703
0.9603516694033936,0.8571428571428571,0.9603516694033936,"{0.0: 1.0, 0.1: 0.9636015325670498, 0.2: 0.9174534756431308}","{'noise=0.0;missing=0.0': 1.0, 'noise=0.0;missing=0.2': 1.0, 'noise=0.1;missing=0.0': 0.9801587301587301, 'noise=0.1;missing=0.2': 0.9470443349753693, 'noise=0.2;missing=0.0': 0.8829365079365079, 'noise=0.2;missing=0.2': 0.9519704433497537}",0.8787878787878788,0.07575757575757576,6,7,20,2.15,0.3333333333333333,5,1.1944444444444444,1.5455246913580245,0.5471576227390181,4.306753929413316,"{2: 17, 3: 3}",20,0.0,0.3318548096707819
0.958128078817734,0.8452380952380952,0.958128078817734,"{0.0: 1.0, 0.1: 0.9574096880131363, 0.2: 0.9169745484400657}","{'noise=0.0;missing=0.0': 1.0, 'noise=0.0;missing=0.2': 1.0, 'noise=0.1;missing=0.0': 0.9702380952380951, 'noise=0.1;missing=0.2': 0.9445812807881774, 'noise=0.2;missing=0.0': 0.886904761904762, 'noise=0.2;missing=0.2': 0.9470443349753693}",0.8939393939393939,0.06060606060606061,6,7,21,2.0476190476190474,0.35,7,1.1944444444444444,1.9899691358024691,0.5652454780361758,4.236468023103722,"{2: 20, 3: 1}",21,0.0,0.34705123824221046
0.9612068965517241,0.8511904761904762,0.9612068965517241,"{0.0: 1.0, 0.1: 0.9585043787629994, 0.2: 0.9251163108921728}","{'noise=0.0;missing=0.0': 1.0, 'noise=0.0;missing=0.2': 1.0, 'noise=0.1;missing=0.0': 0.9662698412698413, 'noise=0.1;missing=0.2': 0.9507389162561576, 'noise=0.2;missing=0.0': 0.9265873015873016, 'noise=0.2;missing=0.2': 0.9236453201970443}",0.8484848484848485,0.07575757575757576,6,7,19,2.1578947368421053,0.31666666666666665,8,1.1388888888888888,2.619598765432099,0.6334688346883469,3.994764127034493,"{2: 16, 3: 3}",19,0.0,0.316255313244531
0.9575123152709359,0.8452380952380952,0.9575123152709359,"{0.0: 1.0, 0.1: 0.9587780514504652, 0.2: 0.9137588943623426}","{'noise=0.0;missing=0.0': 1.0, 'noise=0.0;missing=0.2': 1.0, 'noise=0.1;missing=0.0': 0.9742063492063492, 'noise=0.1;missing=0.2': 0.9433497536945813, 'noise=0.2;missing=0.0': 0.8829365079365079, 'noise=0.2;missing=0.2': 0.9445812807881773}",0.8787878787878788,0.06060606060606061,6,7,20,2.2,0.3333333333333333,6,1.2222222222222223,1.6728395061728394,0.5315656565656566,4.345350936622436,"{2: 17, 3: 2, 4: 1}",20,0.0,0.33222325102880657
0.9558132640029191,0.8452380952380952,0.9558132640029191,"{0.0: 1.0, 0.1: 0.956007115489874, 0.2: 0.9114326765188834}","{'noise=0.0;missing=0.0': 1.0, 'noise=0.0;missing=0.2': 1.0, 'noise=0.1;missing=0.0': 0.9563492063492064, 'noise=0.1;missing=0.2': 0.9556650246305418, 'noise=0.2;missing=0.0': 0.8869047619047619, 'noise=0.2;missing=0.2': 0.9359605911330048}",0.8181818181818182,0.06060606060606061,6,7,16,2.0,0.26666666666666666,7,0.8888888888888888,1.8209876543209873,0.6649305555555556,3.838710641914682,{2: 16},16,0.0,0.267525720164609
0.9576377485860245,0.8452380952380952,0.9576377485860245,"{0.0: 1.0, 0.1: 0.9530993431855501, 0.2: 0.9198139025725232}","{'noise=0.0;missing=0.0': 1.0, 'noise=0.0;missing=0.2': 1.0, 'noise=0.1;missing=0.0': 0.9702380952380952, 'noise=0.1;missing=0.2': 0.935960591133005, 'noise=0.2;missing=0.0': 0.8888888888888887, 'noise=0.2;missing=0.2': 0.9507389162561576}",0.8787878787878788,0.07575757575757576,6,7,17,2.1176470588235294,0.2833333333333333,5,1.0,1.3333333333333333,0.5679012345679012,4.208003043578682,"{2: 15, 3: 2}",17,0.0,0.2840947712418301
0.9647646414887794,0.8690476190476191,0.9647646414887794,"{0.0: 1.0, 0.1: 0.9593938149972632, 0.2: 0.9349001094690751}","{'noise=0.0;missing=0.0': 1.0, 'noise=0.0;missing=0.2': 1.0, 'noise=0.1;missing=0.0': 0.9742063492063492, 'noise=0.1;missing=0.2': 0.9445812807881774, 'noise=0.2;missing=0.0': 0.9067460317460317, 'noise=0.2;missing=0.2': 0.9630541871921182}",0.8939393939393939,0.06060606060606061,6,7,22,2.090909090909091,0.36666666666666664,7,1.2777777777777777,2.200617283950618,0.571256038647343,4.237447619997662,"{2: 20, 3: 2}",22,0.0,0.3632203049008605
0.9731800766283524,0.8928571428571429,0.9731800766283524,"{0.0: 1.0, 0.1: 0.9661672140120415, 0.2: 0.9533730158730158}","{'noise=0.0;missing=0.0': 1.0, 'noise=0.0;missing=0.2': 1.0, 'noise=0.1;missing=0.0': 0.9742063492063492, 'noise=0.1;missing=0.2': 0.958128078817734, 'noise=0.2;missing=0.0': 0.9424603174603174, 'noise=0.2;missing=0.2': 0.9642857142857143}",0.9090909090909091,0.06060606060606061,6,7,20,2.15,0.3333333333333333,7,1.1944444444444444,2.267746913580247,0.6208010335917312,4.061822092770538,"{2: 17, 3: 3}",20,0.0,0.33197518004115223
0.9509555738004013,0.8333333333333334,0.9509555738004013,"{0.0: 1.0, 0.1: 0.9513204707170225, 0.2: 0.9015462506841817}","{'noise=0.0;missing=0.0': 1.0, 'noise=0.0;missing=0.2': 1.0, 'noise=0.1;missing=0.0': 0.9543650793650793, 'noise=0.1;missing=0.2': 0.9482758620689655, 'noise=0.2;missing=0.0': 0.8769841269841271, 'noise=0.2;missing=0.2': 0.9261083743842365}",0.8787878787878788,0.06060606060606061,6,7,22,2.1818181818181817,0.36666666666666664,9,1.3333333333333333,3.1666666666666665,0.625,4.052694271103767,"{2: 18, 3: 4}",22,0.0,0.36401262626262626
0.9577859879584019,0.8392857142857143,0.9577859879584019,"{0.0: 1.0, 0.1: 0.9561097427476738, 0.2: 0.9172482211275315}","{'noise=0.0;missing=0.0': 1.0, 'noise=0.0;missing=0.2': 1.0, 'noise=0.1;missing=0.0': 0.9503968253968255, 'noise=0.1;missing=0.2': 0.9618226600985221, 'noise=0.2;missing=0.0': 0.8948412698412699, 'noise=0.2;missing=0.2': 0.939655172413793}",0.8636363636363636,0.07575757575757576,6,7,17,2.0588235294117645,0.2833333333333333,8,0.9722222222222222,1.8603395061728394,0.5468253968253968,4.157854445516394,"{2: 16, 3: 1}",17,0.0,0.2837741088719438
0.9652435686918446,0.8630952380952381,0.9652435686918446,"{0.0: 1.0, 0.1: 0.9603516694033934, 0.2: 0.9353790366721402}","{'noise=0.0;missing=0.0': 1.0, 'noise=0.0;missing=0.2': 1.0, 'noise=0.1;missing=0.0': 0.9662698412698413, 'noise=0.1;missing=0.2': 0.9544334975369458, 'noise=0.2;missing=0.0': 0.9384920634920634, 'noise=0.2;missing=0.2': 0.9322660098522167}",0.8787878787878788,0.07575757575757576,6,7,21,2.142857142857143,0.35,9,1.25,3.1875,0.6401234567901235,3.9885477520686847,"{2: 18, 3: 3}",21,0.0,0.34791220238095233
0.9543764823937237,0.8392857142857143,0.9543764823937237,"{0.0: 1.0, 0.1: 0.9533045977011494, 0.2: 0.9098248494800218}","{'noise=0.0;missing=0.0': 1.0, 'noise=0.0;missing=0.2': 1.0, 'noise=0.1;missing=0.0': 0.9583333333333333, 'noise=0.1;missing=0.2': 0.9482758620689654, 'noise=0.2;missing=0.0': 0.8849206349206348, 'noise=0.2;missing=0.2': 0.9347290640394087}",0.8484848484848485,0.07575757575757576,6,7,20,2.1,0.3333333333333333,6,1.1666666666666667,1.4722222222222223,0.5079365079365079,4.39768795823549,"{2: 18, 3: 2}",20,0.0,0.33149537037037036
0.967102262360883,0.8809523809523809,0.967102262360883,"{0.0: 1.0, 0.1: 0.9640120415982485, 0.2: 0.9372947454844007}","{'noise=0.0;missing=0.0': 1.0, 'noise=0.0;missing=0.2': 1.0, 'noise=0.1;missing=0.0': 0.9920634920634921, 'noise=0.1;missing=0.2': 0.9359605911330048, 'noise=0.2;missing=0.0': 0.9226190476190476, 'noise=0.2;missing=0.2': 0.9519704433497537}",0.9090909090909091,0.06060606060606061,6,7,20,2.2,0.3333333333333333,5,1.2222222222222223,1.5617283950617282,0.5404040404040404,4.325924732707134,"{2: 17, 3: 2, 4: 1}",20,0.0,0.33220473251028804
0.9571360153256704,0.8511904761904762,0.9571360153256704,"{0.0: 1.0, 0.1: 0.957991242474001, 0.2: 0.9134168035030105}","{'noise=0.0;missing=0.0': 1.0, 'noise=0.0;missing=0.2': 1.0, 'noise=0.1;missing=0.0': 0.9603174603174603, 'noise=0.1;missing=0.2': 0.9556650246305419, 'noise=0.2;missing=0.0': 0.9265873015873015, 'noise=0.2;missing=0.2': 0.9002463054187192}",0.8484848484848485,0.06060606060606061,6,7,23,2.130434782608696,0.38333333333333336,9,1.3611111111111112,3.3418209876543212,0.6309523809523809,4.040046262562729,"{2: 20, 3: 3}",23,0.0,0.37951832282161385
0.9608534026637473,0.8690476190476191,0.9608534026637473,"{0.0: 1.0, 0.1: 0.9608305966064586, 0.2: 0.9217296113847837}","{'noise=0.0;missing=0.0': 1.0, 'noise=0.0;missing=0.2': 1.0, 'noise=0.1;missing=0.0': 0.9623015873015872, 'noise=0.1;missing=0.2': 0.95935960591133, 'noise=0.2;missing=0.0': 0.9087301587301587, 'noise=0.2;missing=0.2': 0.9347290640394087}",0.9090909090909091,0.045454545454545456,6,7,24,2.25,0.4,6,1.5,2.4166666666666665,0.5565843621399177,4.300640742663824,"{2: 18, 3: 6}",24,0.0,0.39602777777777776
0.9582307060755336,0.8452380952380952,0.9582307060755336,"{0.0: 1.0, 0.1: 0.9525519978106186, 0.2: 0.9221401204159824}","{'noise=0.0;missing=0.0': 1.0, 'noise=0.0;missing=0.2': 1.0, 'noise=0.1;missing=0.0': 0.9543650793650793, 'noise=0.1;missing=0.2': 0.9507389162561576, 'noise=0.2;missing=0.0': 0.9206349206349206, 'noise=0.2;missing=0.2': 0.9236453201970443}",0.8333333333333334,0.07575757575757576,6,7,18,2.1666666666666665,0.3,8,1.0833333333333333,2.2430555555555554,0.5975783475783476,4.0865589495760055,"{2: 15, 3: 3}",18,0.0,0.30042013888888885
0.9494389709906953,0.8333333333333334,0.9494389709906953,"{0.0: 1.0, 0.1: 0.9546045429666119, 0.2: 0.8937123700054733}","{'noise=0.0;missing=0.0': 1.0, 'noise=0.0;missing=0.2': 1.0, 'noise=0.1;missing=0.0': 0.9424603174603173, 'noise=0.1;missing=0.2': 0.9667487684729065, 'noise=0.2;missing=0.0': 0.8908730158730158, 'noise=0.2;missing=0.2': 0.8965517241379312}",0.8787878787878788,0.045454545454545456,6,7,17,2.1176470588235294,0.2833333333333333,7,1.0,1.7777777777777777,0.6003086419753086,4.082112238699807,"{2: 15, 3: 2}",17,0.0,0.28416884531590414
0.9659733625250867,0.875,0.9659733625250867,"{0.0: 1.0, 0.1: 0.9705117679255609, 0.2: 0.927408319649699}","{'noise=0.0;missing=0.0': 1.0, 'noise=0.0;missing=0.2': 1.0, 'noise=0.1;missing=0.0': 0.9841269841269842, 'noise=0.1;missing=0.2': 0.9568965517241379, 'noise=0.2;missing=0.0': 0.9126984126984127, 'noise=0.2;missing=0.2': 0.9421182266009852}",0.8787878787878788,0.06060606060606061,6,7,21,2.142857142857143,0.35,7,1.25,2.3541666666666665,0.6018518518518519,4.143607886039518,"{2: 18, 3: 3}",21,0.0,0.3477733134920635
0.9630655902207627,0.8571428571428571,0.9630655902207627,"{0.0: 1.0, 0.1: 0.9541940339354132, 0.2: 0.9350027367268746}","{'noise=0.0;missing=0.0': 1.0, 'noise=0.0;missing=0.2': 1.0, 'noise=0.1;missing=0.0': 0.9662698412698413, 'noise=0.1;missing=0.2': 0.9421182266009851, 'noise=0.2;missing=0.0': 0.9365079365079365, 'noise=0.2;missing=0.2': 0.9334975369458128}",0.8484848484848485,0.07575757575757576,6,7,20,2.05,0.3333333333333333,7,1.1388888888888888,2.0640432098765427,0.6036585365853658,4.109716408063689,"{2: 19, 3: 1}",20,0.0,0.33124678497942384
0.9631226053639846,0.8690476190476191,0.9631226053639846,"{0.0: 1.0, 0.1: 0.9629857690202518, 0.2: 0.9263820470717022}","{'noise=0.0;missing=0.0': 1.0, 'noise=0.0;missing=0.2': 1.0, 'noise=0.1;missing=0.0': 0.9801587301587301, 'noise=0.1;missing=0.2': 0.9458128078817734, 'noise=0.2;missing=0.0': 0.9007936507936508, 'noise=0.2;missing=0.2': 0.9519704433497537}",0.8787878787878788,0.06060606060606061,6,7,17,2.1176470588235294,0.2833333333333333,5,1.0,1.4444444444444444,0.6080246913580247,4.096891932467571,"{2: 15, 3: 2}",17,0.0,0.2841132897603486
0.9627006933041415,0.8690476190476191,0.9627006933041415,"{0.0: 1.0, 0.1: 0.9602148330596607, 0.2: 0.9278872468527641}","{'noise=0.0;missing=0.0': 1.0, 'noise=0.0;missing=0.2': 1.0, 'noise=0.1;missing=0.0': 0.9623015873015872, 'noise=0.1;missing=0.2': 0.958128078817734, 'noise=0.2;missing=0.0': 0.9087301587301587, 'noise=0.2;missing=0.2': 0.9470443349753694}",0.8939393939393939,0.06060606060606061,6,7,20,2.2,0.3333333333333333,8,1.2222222222222223,2.6172839506172836,0.6287878787878788,4.027169118440618,"{2: 16, 3: 4}",20,0.0,0.332380658436214
0.9578087940156905,0.8511904761904762,0.9578087940156905,"{0.0: 1.0, 0.1: 0.9604885057471264, 0.2: 0.9129378762999453}","{'noise=0.0;missing=0.0': 1.0, 'noise=0.0;missing=0.2': 1.0, 'noise=0.1;missing=0.0': 0.9702380952380951, 'noise=0.1;missing=0.2': 0.9507389162561576, 'noise=0.2;missing=0.0': 0.8948412698412699, 'noise=0.2;missing=0.2': 0.9310344827586208}",0.8939393939393939,0.06060606060606061,6,7,20,2.15,0.3333333333333333,7,1.1944444444444444,1.8788580246913575,0.5445736434108527,4.2943802323054205,"{2: 17, 3: 3}",20,0.0,0.33191036522633743
0.9685390439700784,0.8869047619047619,0.9685390439700784,"{0.0: 1.0, 0.1: 0.9683223864258347, 0.2: 0.9372947454844007}","{'noise=0.0;missing=0.0': 1.0, 'noise=0.0;missing=0.2': 1.0, 'noise=0.1;missing=0.0': 0.9920634920634921, 'noise=0.1;missing=0.2': 0.9445812807881773, 'noise=0.2;missing=0.0': 0.9226190476190476, 'noise=0.2;missing=0.2': 0.9519704433497537}",0.9090909090909091,0.06060606060606061,6,7,22,2.1363636363636362,0.36666666666666664,6,1.3055555555555556,1.9899691358024694,0.5608747044917257,4.277161191734919,"{2: 19, 3: 3}",22,0.0,0.36350085344182564
0.9673189199051268,0.8690476190476191,0.9673189199051268,"{0.0: 1.0, 0.1: 0.9615831964969895, 0.2: 0.9403735632183908}","{'noise=0.0;missing=0.0': 1.0, 'noise=0.0;missing=0.2': 1.0, 'noise=0.1;missing=0.0': 0.9662698412698413, 'noise=0.1;missing=0.2': 0.9568965517241379, 'noise=0.2;missing=0.0': 0.9226190476190476, 'noise=0.2;missing=0.2': 0.958128078817734}",0.8484848484848485,0.07575757575757576,6,7,16,2.125,0.26666666666666666,6,0.9444444444444444,1.4969135802469133,0.6111111111111112,4.057476076289931,"{2: 14, 3: 2}",16,0.0,0.26833976337448556
0.9559386973180077,0.8392857142857143,0.9559386973180077,"{0.0: 1.0, 0.1: 0.9593938149972632, 0.2: 0.9084222769567596}","{'noise=0.0;missing=0.0': 1.0, 'noise=0.0;missing=0.2': 1.0, 'noise=0.1;missing=0.0': 0.9742063492063492, 'noise=0.1;missing=0.2': 0.9445812807881773, 'noise=0.2;missing=0.0': 0.9067460317460317, 'noise=0.2;missing=0.2': 0.9100985221674875}",0.803030303030303,0.07575757575757576,6,7,20,2.1,0.3333333333333333,7,1.1666666666666667,2.4166666666666665,0.6428571428571429,3.9750367695566067,"{2: 18, 3: 2}",20,0.0,0.33165277777777774
0.9560869366903849,0.8452380952380952,0.9560869366903849,"{0.0: 1.0, 0.1: 0.96042008757526, 0.2: 0.907840722495895}","{'noise=0.0;missing=0.0': 1.0, 'noise=0.0;missing=0.2': 1.0, 'noise=0.1;missing=0.0': 0.9503968253968254, 'noise=0.1;missing=0.2': 0.9704433497536946, 'noise=0.2;missing=0.0': 0.8809523809523807, 'noise=0.2;missing=0.2': 0.9347290640394087}",0.8484848484848485,0.06060606060606061,6,7,17,2.1176470588235294,0.2833333333333333,6,1.0,1.5555555555555556,0.595679012345679,4.120635070586275,"{2: 15, 3: 2}",17,0.0,0.2841318082788671
0.9696337347199415,0.8928571428571429,0.9696337347199415,"{0.0: 1.0, 0.1: 0.9665777230432403, 0.2: 0.9423234811165846}","{'noise=0.0;missing=0.0': 1.0, 'noise=0.0;missing=0.2': 1.0, 'noise=0.1;missing=0.0': 0.986111111111111, 'noise=0.1;missing=0.2': 0.9470443349753694, 'noise=0.2;missing=0.0': 0.9166666666666666, 'noise=0.2;missing=0.2': 0.9679802955665026}",0.9090909090909091,0.06060606060606061,6,7,19,2.210526315789474,0.31666666666666665,5,1.1666666666666667,1.4166666666666667,0.5370370370370371,4.32971764937184,"{2: 16, 3: 2, 4: 1}",19,0.0,0.31642032163742684
0.967102262360883,0.8809523809523809,0.967102262360883,"{0.0: 1.0, 0.1: 0.9640120415982485, 0.2: 0.9372947454844007}","{'noise=0.0;missing=0.0': 1.0, 'noise=0.0;missing=0.2': 1.0, 'noise=0.1;missing=0.0': 0.9920634920634921, 'noise=0.1;missing=0.2': 0.9359605911330048, 'noise=0.2;missing=0.0': 0.9226190476190476, 'noise=0.2;missing=0.2': 0.9519704433497537}",0.9090909090909091,0.06060606060606061,6,7,18,2.2222222222222223,0.3,5,1.1111111111111112,1.4876543209876543,0.5652777777777778,4.2439427079182686,"{2: 15, 3: 2, 4: 1}",18,0.0,0.3006800411522634
0.9733169129720852,0.8928571428571429,0.9733169129720852,"{0.0: 1.0, 0.1: 0.9700328407224958, 0.2: 0.9499178981937603}","{'noise=0.0;missing=0.0': 1.0, 'noise=0.0;missing=0.2': 1.0, 'noise=0.1;missing=0.0': 0.9880952380952381, 'noise=0.1;missing=0.2': 0.9519704433497537, 'noise=0.2;missing=0.0': 0.9404761904761905, 'noise=0.2;missing=0.2': 0.9593596059113301}",0.9090909090909091,0.045454545454545456,6,7,22,2.0454545454545454,0.36666666666666664,6,1.25,1.9652777777777777,0.5635802469135802,4.258302540677967,"{2: 21, 3: 1}",22,0.0,0.3628654250841751
0.9589262908228425,0.8511904761904762,0.9589262908228425,"{0.0: 1.0, 0.1: 0.9602148330596607, 0.2: 0.9165640394088669}","{'noise=0.0;missing=0.0': 1.0, 'noise=0.0;missing=0.2': 1.0, 'noise=0.1;missing=0.0': 0.9623015873015873, 'noise=0.1;missing=0.2': 0.958128078817734, 'noise=0.2;missing=0.0': 0.9107142857142857, 'noise=0.2;missing=0.2': 0.9224137931034483}",0.8333333333333334,0.09090909090909091,6,7,21,2.1904761904761907,0.35,7,1.2777777777777777,2.4228395061728403,0.5966183574879227,4.158977174901209,"{2: 17, 3: 4}",21,0.0,0.3481154467960023
0.9659733625250867,0.875,0.9659733625250867,"{0.0: 1.0, 0.1: 0.9705117679255609, 0.2: 0.927408319649699}","{'noise=0.0;missing=0.0': 1.0, 'noise=0.0;missing=0.2': 1.0, 'noise=0.1;missing=0.0': 0.9841269841269842, 'noise=0.1;missing=0.2': 0.9568965517241379, 'noise=0.2;missing=0.0': 0.9126984126984127, 'noise=0.2;missing=0.2': 0.9421182266009852}",0.8787878787878788,0.06060606060606061,6,7,20,2.15,0.3333333333333333,7,1.1944444444444444,2.267746913580247,0.6040051679586563,4.125889243983641,"{2: 17, 3: 3}",20,0.0,0.33197518004115223
0.9531221492428389,0.8333333333333334,0.9531221492428389,"{0.0: 1.0, 0.1: 0.9563834154351396, 0.2: 0.902983032293377}","{'noise=0.0;missing=0.0': 1.0, 'noise=0.0;missing=0.2': 1.0, 'noise=0.1;missing=0.0': 0.9583333333333333, 'noise=0.1;missing=0.2': 0.9544334975369458, 'noise=0.2;missing=0.0': 0.8650793650793649, 'noise=0.2;missing=0.2': 0.9408866995073891}",0.8333333333333334,0.07575757575757576,6,7,17,2.0588235294117645,0.2833333333333333,7,0.9722222222222222,1.8047839506172834,0.5833333333333334,4.0891009610430595,"{2: 16, 3: 1}",17,0.0,0.28376484961268456
0.9603516694033936,0.8571428571428571,0.9603516694033936,"{0.0: 1.0, 0.1: 0.9613437328954569, 0.2: 0.9197112753147236}","{'noise=0.0;missing=0.0': 1.0, 'noise=0.0;missing=0.2': 1.0, 'noise=0.1;missing=0.0': 0.9682539682539683, 'noise=0.1;missing=0.2': 0.9544334975369458, 'noise=0.2;missing=0.0': 0.9305555555555555, 'noise=0.2;missing=0.2': 0.9088669950738916}",0.8636363636363636,0.045454545454545456,6,7,16,2.125,0.26666666666666666,6,0.9444444444444444,1.6635802469135799,0.6258169934640523,3.998652546878166,"{2: 14, 3: 2}",16,0.0,0.2683675411522633
0.9557676518883415,0.8392857142857143,0.9557676518883415,"{0.0: 1.0, 0.1: 0.951115216201423, 0.2: 0.9161877394636014}","{'noise=0.0;missing=0.0': 1.0, 'noise=0.0;missing=0.2': 1.0, 'noise=0.1;missing=0.0': 0.9662698412698413, 'noise=0.1;missing=0.2': 0.935960591133005, 'noise=0.2;missing=0.0': 0.9087301587301587, 'noise=0.2;missing=0.2': 0.9236453201970443}",0.8636363636363636,0.06060606060606061,6,7,18,2.111111111111111,0.3,6,1.0555555555555556,1.8302469135802473,0.5935672514619883,4.115834092163221,"{2: 16, 3: 2}",18,0.0,0.29996553497942385
0.9630541871921181,0.8630952380952381,0.9630541871921181,"{0.0: 1.0, 0.1: 0.954296661193213, 0.2: 0.9348659003831418}","{'noise=0.0;missing=0.0': 1.0, 'noise=0.0;missing=0.2': 1.0, 'noise=0.1;missing=0.0': 0.9603174603174602, 'noise=0.1;missing=0.2': 0.9482758620689655, 'noise=0.2;missing=0.0': 0.9325396825396827, 'noise=0.2;missing=0.2': 0.9371921182266009}",0.9090909090909091,0.06060606060606061,6,7,21,2.0476190476190474,0.35,7,1.1944444444444444,2.2121913580246915,0.5988372093023255,4.143444767289768,"{2: 20, 3: 1}",21,0.0,0.34708827527924746
0.9623357963875204,0.8690476190476191,0.9623357963875204,"{0.0: 1.0, 0.1: 0.9628147235905856, 0.2: 0.9241926655719759}","{'noise=0.0;missing=0.0': 1.0, 'noise=0.0;missing=0.2': 1.0, 'noise=0.1;missing=0.0': 0.9662698412698413, 'noise=0.1;missing=0.2': 0.95935960591133, 'noise=0.2;missing=0.0': 0.9087301587301587, 'noise=0.2;missing=0.2': 0.939655172413793}",0.9090909090909091,0.045454545454545456,6,7,20,2.2,0.3333333333333333,5,1.2222222222222223,1.8395061728395055,0.5808080808080808,4.217859107657963,"{2: 16, 3: 4}",20,0.0,0.33225102880658436
0.95108100711549,0.8392857142857143,0.95108100711549,"{0.0: 1.0, 0.1: 0.9546045429666119, 0.2: 0.8986384783798577}","{'noise=0.0;missing=0.0': 1.0, 'noise=0.0;missing=0.2': 1.0, 'noise=0.1;missing=0.0': 0.9424603174603173, 'noise=0.1;missing=0.2': 0.9667487684729065, 'noise=0.2;missing=0.0': 0.8908730158730158, 'noise=0.2;missing=0.2': 0.9064039408866995}",0.8787878787878788,0.045454545454545456,6,7,19,2.210526315789474,0.31666666666666665,7,1.1666666666666667,2.1944444444444446,0.6097883597883598,4.096927614289077,"{2: 16, 3: 2, 4: 1}",19,0.0,0.3165499512670565
0.9685390439700784,0.8869047619047619,0.9685390439700784,"{0.0: 1.0, 0.1: 0.9683223864258347, 0.2: 0.9372947454844007}","{'noise=0.0;missing=0.0': 1.0, 'noise=0.0;missing=0.2': 1.0, 'noise=0.1;missing=0.0': 0.9920634920634921, 'noise=0.1;missing=0.2': 0.9445812807881773, 'noise=0.2;missing=0.0': 0.9226190476190476, 'noise=0.2;missing=0.2': 0.9519704433497537}",0.9090909090909091,0.06060606060606061,6,7,18,2.111111111111111,0.3,5,1.0555555555555556,1.4969135802469136,0.5906432748538012,4.1588728296211075,"{2: 16, 3: 2}",18,0.0,0.2999099794238683
0.9594850392264185,0.8452380952380952,0.9594850392264185,"{0.0: 1.0, 0.1: 0.949883689107827, 0.2: 0.9285714285714286}","{'noise=0.0;missing=0.0': 1.0, 'noise=0.0;missing=0.2': 1.0, 'noise=0.1;missing=0.0': 0.9662698412698413, 'noise=0.1;missing=0.2': 0.9334975369458128, 'noise=0.2;missing=0.0': 0.9285714285714286, 'noise=0.2;missing=0.2': 0.9285714285714286}",0.8484848484848485,0.07575757575757576,6,7,24,2.125,0.4,8,1.4166666666666667,2.6874999999999996,0.5713507625272332,4.2406694594488705,"{2: 21, 3: 3}",24,0.0,0.3952048611111111
0.9499863163656267,0.8333333333333334,0.9499863163656267,"{0.0: 1.0, 0.1: 0.9515257252326218, 0.2: 0.8984332238642584}","{'noise=0.0;missing=0.0': 1.0, 'noise=0.0;missing=0.2': 1.0, 'noise=0.1;missing=0.0': 0.9424603174603173, 'noise=0.1;missing=0.2': 0.960591133004926, 'noise=0.2;missing=0.0': 0.9027777777777778, 'noise=0.2;missing=0.2': 0.894088669950739}",0.8636363636363636,0.045454545454545456,6,7,15,2.066666666666667,0.25,6,0.8611111111111112,1.3418209876543212,0.6030465949820788,4.042433003725894,"{2: 14, 3: 1}",15,0.0,0.25207548868312757
0.9731800766283524,0.8928571428571429,0.9731800766283524,"{0.0: 1.0, 0.1: 0.9661672140120415, 0.2: 0.9533730158730158}","{'noise=0.0;missing=0.0': 1.0, 'noise=0.0;missing=0.2': 1.0, 'noise=0.1;missing=0.0': 0.9742063492063492, 'noise=0.1;missing=0.2': 0.958128078817734, 'noise=0.2;missing=0.0': 0.9424603174603174, 'noise=0.2;missing=0.2': 0.9642857142857143}",0.9090909090909091,0.06060606060606061,6,7,20,2.1,0.3333333333333333,7,1.1666666666666667,2.3055555555555554,0.6309523809523809,4.0313350547137565,"{2: 18, 3: 2}",20,0.0,0.33163425925925927
0.9705117679255609,0.8869047619047619,0.9705117679255609,"{0.0: 1.0, 0.1: 0.9661672140120415, 0.2: 0.9453680897646416}","{'noise=0.0;missing=0.0': 1.0, 'noise=0.0;missing=0.2': 1.0, 'noise=0.1;missing=0.0': 0.9742063492063492, 'noise=0.1;missing=0.2': 0.958128078817734, 'noise=0.2;missing=0.0': 0.9424603174603174, 'noise=0.2;missing=0.2': 0.9482758620689655}",0.8939393939393939,0.06060606060606061,6,7,19,2.1578947368421053,0.31666666666666665,7,1.1388888888888888,2.23070987654321,0.6321138211382114,4.024112139665472,"{2: 16, 3: 3}",19,0.0,0.3161904984297162
0.9733169129720852,0.8928571428571429,0.9733169129720852,"{0.0: 1.0, 0.1: 0.9700328407224958, 0.2: 0.9499178981937603}","{'noise=0.0;missing=0.0': 1.0, 'noise=0.0;missing=0.2': 1.0, 'noise=0.1;missing=0.0': 0.9880952380952381, 'noise=0.1;missing=0.2': 0.9519704433497537, 'noise=0.2;missing=0.0': 0.9404761904761905, 'noise=0.2;missing=0.2': 0.9593596059113301}",0.9090909090909091,0.045454545454545456,6,7,21,2.0476190476190474,0.35,6,1.1944444444444444,2.0455246913580245,0.6001291989664083,4.135339754601472,"{2: 20, 3: 1}",21,0.0,0.3470604975014697
0.9515599343185551,0.8392857142857143,0.9515599343185551,"{0.0: 1.0, 0.1: 0.9566228790366722, 0.2: 0.8980569239189929}","{'noise=0.0;missing=0.0': 1.0, 'noise=0.0;missing=0.2': 1.0, 'noise=0.1;missing=0.0': 0.9563492063492064, 'noise=0.1;missing=0.2': 0.9568965517241379, 'noise=0.2;missing=0.0': 0.865079365079365, 'noise=0.2;missing=0.2': 0.9310344827586208}",0.8333333333333334,0.06060606060606061,6,7,18,2.111111111111111,0.3,7,1.0555555555555556,2.05246913580247,0.618421052631579,4.039607856577963,"{2: 16, 3: 2}",18,0.0,0.3000025720164609
0.9566570881226054,0.8452380952380952,0.9566570881226054,"{0.0: 1.0, 0.1: 0.9562807881773399, 0.2: 0.9136904761904762}","{'noise=0.0;missing=0.0': 1.0, 'noise=0.0;missing=0.2': 1.0, 'noise=0.1;missing=0.0': 0.9642857142857143, 'noise=0.1;missing=0.2': 0.9482758620689654, 'noise=0.2;missing=0.0': 0.8988095238095238, 'noise=0.2;missing=0.2': 0.9285714285714286}",0.8181818181818182,0.06060606060606061,6,7,17,2.0588235294117645,0.2833333333333333,7,0.9722222222222222,2.027006172839506,0.6658730158730158,3.8605295324716318,"{2: 16, 3: 1}",17,0.0,0.2838018866497216
0.967102262360883,0.8809523809523809,0.967102262360883,"{0.0: 1.0, 0.1: 0.9640120415982485, 0.2: 0.9372947454844007}","{'noise=0.0;missing=0.0': 1.0, 'noise=0.0;missing=0.2': 1.0, 'noise=0.1;missing=0.0': 0.9920634920634921, 'noise=0.1;missing=0.2': 0.9359605911330048, 'noise=0.2;missing=0.0': 0.9226190476190476, 'noise=0.2;missing=0.2': 0.9519704433497537}",0.9090909090909091,0.06060606060606061,6,7,19,2.210526315789474,0.31666666666666665,5,1.1666666666666667,1.527777777777778,0.5542328042328042,4.2704265780462904,"{2: 16, 3: 2, 4: 1}",19,0.0,0.31643884015594537
0.9685390439700784,0.8869047619047619,0.9685390439700784,"{0.0: 1.0, 0.1: 0.9683223864258347, 0.2: 0.9372947454844007}","{'noise=0.0;missing=0.0': 1.0, 'noise=0.0;missing=0.2': 1.0, 'noise=0.1;missing=0.0': 0.9920634920634921, 'noise=0.1;missing=0.2': 0.9445812807881773, 'noise=0.2;missing=0.0': 0.9226190476190476, 'noise=0.2;missing=0.2': 0.9519704433497537}",0.9090909090909091,0.06060606060606061,6,7,23,2.130434782608696,0.38333333333333336,6,1.3611111111111112,2.119598765432099,0.5617913832199547,4.282378976459202,"{2: 20, 3: 3}",23,0.0,0.37931461911791015
0.9541712278781246,0.8392857142857143,0.9541712278781246,"{0.0: 1.0, 0.1: 0.956007115489874, 0.2: 0.9065065681444991}","{'noise=0.0;missing=0.0': 1.0, 'noise=0.0;missing=0.2': 1.0, 'noise=0.1;missing=0.0': 0.9563492063492064, 'noise=0.1;missing=0.2': 0.9556650246305418, 'noise=0.2;missing=0.0': 0.8869047619047619, 'noise=0.2;missing=0.2': 0.9261083743842364}",0.8181818181818182,0.06060606060606061,6,7,16,2.0625,0.26666666666666666,7,0.9166666666666666,1.7430555555555556,0.6220538720538721,3.9789014084878427,"{2: 15, 3: 1}",16,0.0,0.26794675925925926
0.9585613939062214,0.8511904761904762,0.9585613939062214,"{0.0: 1.0, 0.1: 0.9683565955117679, 0.2: 0.9073275862068966}","{'noise=0.0;missing=0.0': 1.0, 'noise=0.0;missing=0.2': 1.0, 'noise=0.1;missing=0.0': 0.9662698412698412, 'noise=0.1;missing=0.2': 0.9704433497536946, 'noise=0.2;missing=0.0': 0.8749999999999999, 'noise=0.2;missing=0.2': 0.939655172413793}",0.8636363636363636,0.06060606060606061,6,7,16,2.0625,0.26666666666666666,5,0.9166666666666666,1.1875000000000002,0.5782828282828283,4.1619875896989456,"{2: 15, 3: 1}",16,0.0,0.26785416666666667
0.9582535121328225,0.8571428571428571,0.9582535121328225,"{0.0: 1.0, 0.1: 0.9661330049261083, 0.2: 0.9086275314723592}","{'noise=0.0;missing=0.0': 1.0, 'noise=0.0;missing=0.2': 1.0, 'noise=0.1;missing=0.0': 0.9642857142857143, 'noise=0.1;missing=0.2': 0.9679802955665024, 'noise=0.2;missing=0.0': 0.8948412698412698, 'noise=0.2;missing=0.2': 0.9224137931034483}",0.8787878787878788,0.045454545454545456,6,7,16,2.125,0.26666666666666666,5,0.9444444444444444,1.3302469135802466,0.6062091503267973,4.091159812399539,"{2: 14, 3: 2}",16,0.0,0.26831198559670777
0.9724046706805327,0.8988095238095238,0.9724046706805327,"{0.0: 1.0, 0.1: 0.9708880678708265, 0.2: 0.9463259441707718}","{'noise=0.0;missing=0.0': 1.0, 'noise=0.0;missing=0.2': 1.0, 'noise=0.1;missing=0.0': 0.986111111111111, 'noise=0.1;missing=0.2': 0.9556650246305418, 'noise=0.2;missing=0.0': 0.9345238095238094, 'noise=0.2;missing=0.2': 0.958128078817734}",0.9090909090909091,0.06060606060606061,6,7,21,2.142857142857143,0.35,6,1.25,1.8541666666666667,0.558641975308642,4.280090318263436,"{2: 18, 3: 3}",21,0.0,0.34768998015873015
0.966429483670863,0.875,0.966429483670863,"{0.0: 1.0, 0.1: 0.9689381499726328, 0.2: 0.9303503010399562}","{'noise=0.0;missing=0.0': 1.0, 'noise=0.0;missing=0.2': 1.0, 'noise=0.1;missing=0.0': 0.9920634920634921, 'noise=0.1;missing=0.2': 0.9458128078817734, 'noise=0.2;missing=0.0': 0.9087301587301587, 'noise=0.2;missing=0.2': 0.9519704433497537}",0.8939393939393939,0.07575757575757576,6,7,20,2.15,0.3333333333333333,6,1.1944444444444444,1.878858024691358,0.5820413436692506,4.204652545097893,"{2: 17, 3: 3}",20,0.0,0.33191036522633743
0.9636585477102718,0.8630952380952381,0.9636585477102718,"{0.0: 1.0, 0.1: 0.9667829775588397, 0.2: 0.9241926655719759}","{'noise=0.0;missing=0.0': 1.0, 'noise=0.0;missing=0.2': 1.0, 'noise=0.1;missing=0.0': 0.9742063492063492, 'noise=0.1;missing=0.2': 0.9593596059113301, 'noise=0.2;missing=0.0': 0.9087301587301585, 'noise=0.2;missing=0.2': 0.939655172413793}",0.8939393939393939,0.07575757575757576,6,7,21,2.142857142857143,0.35,8,1.25,2.2430555555555554,0.5512345679012346,4.2691964294707,"{2: 18, 3: 3}",21,0.0,0.34775479497354495
0.97188013136289,0.8869047619047619,0.97188013136289,"{0.0: 1.0, 0.1: 0.9688013136288998, 0.2: 0.94683908045977}","{'noise=0.0;missing=0.0': 1.0, 'noise=0.0;missing=0.2': 1.0, 'noise=0.1;missing=0.0': 0.9880952380952381, 'noise=0.1;missing=0.2': 0.9495073891625615, 'noise=0.2;missing=0.0': 0.9404761904761906, 'noise=0.2;missing=0.2': 0.9532019704433498}",0.8939393939393939,0.06060606060606061,6,7,23,2.0434782608695654,0.38333333333333336,6,1.3055555555555556,2.2121913580246915,0.5750591016548463,4.238114320168547,"{2: 22, 3: 1}",23,0.0,0.37872618648237605
0.9688127166575442,0.8809523809523809,0.9688127166575442,"{0.0: 1.0, 0.1: 0.9592227695675971, 0.2: 0.9472153804050356}","{'noise=0.0;missing=0.0': 1.0, 'noise=0.0;missing=0.2': 1.0, 'noise=0.1;missing=0.0': 0.9603174603174602, 'noise=0.1;missing=0.2': 0.958128078817734, 'noise=0.2;missing=0.0': 0.9424603174603174, 'noise=0.2;missing=0.2': 0.9519704433497537}",0.8787878787878788,0.06060606060606061,6,7,16,2.125,0.26666666666666666,6,0.9444444444444444,1.6080246913580245,0.6372549019607843,3.9764499732851233,"{2: 14, 3: 2}",16,0.0,0.26835828189300404
0.9631226053639846,0.8690476190476191,0.9631226053639846,"{0.0: 1.0, 0.1: 0.9629857690202518, 0.2: 0.9263820470717022}","{'noise=0.0;missing=0.0': 1.0, 'noise=0.0;missing=0.2': 1.0, 'noise=0.1;missing=0.0': 0.9801587301587301, 'noise=0.1;missing=0.2': 0.9458128078817734, 'noise=0.2;missing=0.0': 0.9007936507936508, 'noise=0.2;missing=0.2': 0.9519704433497537}",0.8787878787878788,0.06060606060606061,6,7,19,2.1578947368421053,0.31666666666666665,6,1.1388888888888888,1.9529320987654322,0.6090785907859079,4.106717553029199,"{2: 16, 3: 3}",19,0.0,0.3161442021334199
0.9730660463419083,0.8928571428571429,0.9730660463419083,"{0.0: 1.0, 0.1: 0.9658251231527094, 0.2: 0.9533730158730158}","{'noise=0.0;missing=0.0': 1.0, 'noise=0.0;missing=0.2': 1.0, 'noise=0.1;missing=0.0': 0.9821428571428571, 'noise=0.1;missing=0.2': 0.9495073891625616, 'noise=0.2;missing=0.0': 0.9424603174603174, 'noise=0.2;missing=0.2': 0.9642857142857143}",0.9090909090909091,0.06060606060606061,6,7,17,2.235294117647059,0.2833333333333333,5,1.0555555555555556,1.3302469135802468,0.564327485380117,4.218469211370855,"{2: 14, 3: 2, 4: 1}",17,0.0,0.2849112503025902
0.9685390439700784,0.8869047619047619,0.9685390439700784,"{0.0: 1.0, 0.1: 0.9683223864258347, 0.2: 0.9372947454844007}","{'noise=0.0;missing=0.0': 1.0, 'noise=0.0;missing=0.2': 1.0, 'noise=0.1;missing=0.0': 0.9920634920634921, 'noise=0.1;missing=0.2': 0.9445812807881773, 'noise=0.2;missing=0.0': 0.9226190476190476, 'noise=0.2;missing=0.2': 0.9519704433497537}",0.9090909090909091,0.06060606060606061,6,7,19,2.1052631578947367,0.31666666666666665,5,1.1111111111111112,1.4876543209876543,0.5680555555555555,4.2373261452560085,"{2: 17, 3: 2}",19,0.0,0.3157011587611002
0.9632252326217843,0.8690476190476191,0.9632252326217843,"{0.0: 1.0, 0.1: 0.9643541324575807, 0.2: 0.9253215654077722}","{'noise=0.0;missing=0.0': 1.0, 'noise=0.0;missing=0.2': 1.0, 'noise=0.1;missing=0.0': 0.9841269841269842, 'noise=0.1;missing=0.2': 0.9445812807881773, 'noise=0.2;missing=0.0': 0.9146825396825397, 'noise=0.2;missing=0.2': 0.935960591133005}",0.8787878787878788,0.06060606060606061,6,7,21,2.142857142857143,0.35,7,1.25,2.298611111111111,0.595679012345679,4.154501774832252,"{2: 18, 3: 3}",21,0.0,0.3477640542328042
0.9580140485312899,0.8511904761904762,0.9580140485312899,"{0.0: 1.0, 0.1: 0.9544334975369458, 0.2: 0.9196086480569239}","{'noise=0.0;missing=0.0': 1.0, 'noise=0.0;missing=0.2': 1.0, 'noise=0.1;missing=0.0': 0.9642857142857143, 'noise=0.1;missing=0.2': 0.9445812807881773, 'noise=0.2;missing=0.0': 0.9365079365079365, 'noise=0.2;missing=0.2': 0.9027093596059113}",0.8636363636363636,0.06060606060606061,6,7,18,2.0555555555555554,0.3,6,1.0277777777777777,1.693672839506173,0.6043543543543544,4.100816878908575,"{2: 17, 3: 1}",18,0.0,0.299556970164609
0.9621647509578544,0.8630952380952381,0.9621647509578544,"{0.0: 1.0, 0.1: 0.9619594964422552, 0.2: 0.9245347564313081}","{'noise=0.0;missing=0.0': 1.0, 'noise=0.0;missing=0.2': 1.0, 'noise=0.1;missing=0.0': 0.9682539682539683, 'noise=0.1;missing=0.2': 0.9556650246305418, 'noise=0.2;missing=0.0': 0.9365079365079365, 'noise=0.2;missing=0.2': 0.9125615763546797}",0.8484848484848485,0.045454545454545456,6,7,16,2.125,0.26666666666666666,7,0.9444444444444444,1.8858024691358029,0.630718954248366,3.9578636660572015,"{2: 14, 3: 2}",16,0.0,0.26840457818930036
0.9581394818463783,0.8452380952380952,0.9581394818463783,"{0.0: 1.0, 0.1: 0.9609674329501916, 0.2: 0.9134510125889437}","{'noise=0.0;missing=0.0': 1.0, 'noise=0.0;missing=0.2': 1.0, 'noise=0.1;missing=0.0': 0.9662698412698413, 'noise=0.1;missing=0.2': 0.9556650246305418, 'noise=0.2;missing=0.0': 0.9007936507936508, 'noise=0.2;missing=0.2': 0.9261083743842364}",0.8333333333333334,0.07575757575757576,6,7,17,2.0,0.2833333333333333,7,0.9444444444444444,1.8858024691358024,0.6486928104575164,3.9134585188711144,{2: 17},17,0.0,0.2833698559670782
0.9647418354314904,0.875,0.9647418354314904,"{0.0: 1.0, 0.1: 0.957991242474001, 0.2: 0.9362342638204708}","{'noise=0.0;missing=0.0': 1.0, 'noise=0.0;missing=0.2': 1.0, 'noise=0.1;missing=0.0': 0.9603174603174603, 'noise=0.1;missing=0.2': 0.9556650246305419, 'noise=0.2;missing=0.0': 0.9365079365079365, 'noise=0.2;missing=0.2': 0.935960591133005}",0.8939393939393939,0.045454545454545456,6,7,20,2.15,0.3333333333333333,7,1.1944444444444444,2.323302469135802,0.6169250645994832,4.07322267406526,"{2: 17, 3: 3}",20,0.0,0.3319844393004115
0.9583333333333334,0.8511904761904762,0.9583333333333334,"{0.0: 1.0, 0.1: 0.9523125342090859, 0.2: 0.922687465790914}","{'noise=0.0;missing=0.0': 1.0, 'noise=0.0;missing=0.2': 1.0, 'noise=0.1;missing=0.0': 0.9563492063492064, 'noise=0.1;missing=0.2': 0.9482758620689654, 'noise=0.2;missing=0.0': 0.9007936507936508, 'noise=0.2;missing=0.2': 0.9445812807881774}",0.8181818181818182,0.045454545454545456,6,7,14,2.142857142857143,0.23333333333333334,6,0.8333333333333334,1.5277777777777777,0.6759259259259259,3.8062389286533893,"{2: 12, 3: 2}",14,0.0,0.2368022486772487
0.9592227695675972,0.8452380952380952,0.9592227695675972,"{0.0: 1.0, 0.1: 0.9525519978106186, 0.2: 0.9251163108921728}","{'noise=0.0;missing=0.0': 1.0, 'noise=0.0;missing=0.2': 1.0, 'noise=0.1;missing=0.0': 0.9543650793650793, 'noise=0.1;missing=0.2': 0.9507389162561576, 'noise=0.2;missing=0.0': 0.9265873015873016, 'noise=0.2;missing=0.2': 0.9236453201970443}",0.8333333333333334,0.07575757575757576,6,7,16,2.0625,0.26666666666666666,6,0.9166666666666666,1.3541666666666667,0.5816498316498316,4.12728313431329,"{2: 15, 3: 1}",16,0.0,0.2678819444444444
0.9733169129720852,0.8928571428571429,0.9733169129720852,"{0.0: 1.0, 0.1: 0.9700328407224958, 0.2: 0.9499178981937603}","{'noise=0.0;missing=0.0': 1.0, 'noise=0.0;missing=0.2': 1.0, 'noise=0.1;missing=0.0': 0.9880952380952381, 'noise=0.1;missing=0.2': 0.9519704433497537, 'noise=0.2;missing=0.0': 0.9404761904761905, 'noise=0.2;missing=0.2': 0.9593596059113301}",0.9090909090909091,0.045454545454545456,6,7,20,2.05,0.3333333333333333,6,1.1388888888888888,1.8973765432098761,0.6009485094850948,4.1315846264110005,"{2: 19, 3: 1}",20,0.0,0.3312190072016461
0.9658365261813537,0.8690476190476191,0.9658365261813537,"{0.0: 1.0, 0.1: 0.9623700054734537, 0.2: 0.9351395730706076}","{'noise=0.0;missing=0.0': 1.0, 'noise=0.0;missing=0.2': 1.0, 'noise=0.1;missing=0.0': 0.9801587301587301, 'noise=0.1;missing=0.2': 0.9445812807881774, 'noise=0.2;missing=0.0': 0.9047619047619048, 'noise=0.2;missing=0.2': 0.9655172413793104}",0.8939393939393939,0.045454545454545456,6,7,24,2.0833333333333335,0.4,8,1.3888888888888888,2.3487654320987654,0.5144444444444445,4.388758439731456,"{2: 22, 3: 2}",24,0.0,0.3948590534979424
0.9721880131362891,0.8928571428571429,0.9721880131362891,"{0.0: 1.0, 0.1: 0.9662698412698413, 0.2: 0.9502941981390257}","{'noise=0.0;missing=0.0': 1.0, 'noise=0.0;missing=0.2': 1.0, 'noise=0.1;missing=0.0': 0.9682539682539683, 'noise=0.1;missing=0.2': 0.9642857142857143, 'noise=0.2;missing=0.0': 0.9424603174603173, 'noise=0.2;missing=0.2': 0.958128078817734}",0.9090909090909091,0.030303030303030304,6,7,20,2.1,0.3333333333333333,6,1.1666666666666667,1.7500000000000002,0.5740740740740741,4.218883791465802,"{2: 18, 3: 2}",20,0.0,0.3315416666666667
0.9753352490421456,0.8988095238095238,0.9753352490421456,"{0.0: 1.0, 0.1: 0.9766009852216749, 0.2: 0.9494047619047619}","{'noise=0.0;missing=0.0': 1.0, 'noise=0.0;missing=0.2': 1.0, 'noise=0.1;missing=0.0': 1.0, 'noise=0.1;missing=0.2': 0.9532019704433498, 'noise=0.2;missing=0.0': 0.9345238095238095, 'noise=0.2;missing=0.2': 0.9642857142857143}",0.9090909090909091,0.07575757575757576,6,7,17,2.1176470588235294,0.2833333333333333,5,1.0,1.3333333333333333,0.5833333333333334,4.173416585305445,"{2: 15, 3: 2}",17,0.0,0.2840947712418301
0.9600095785440614,0.8511904761904762,0.9600095785440614,"{0.0: 1.0, 0.1: 0.9598727422003284, 0.2: 0.9201559934318554}","{'noise=0.0;missing=0.0': 1.0, 'noise=0.0;missing=0.2': 1.0, 'noise=0.1;missing=0.0': 0.9702380952380951, 'noise=0.1;missing=0.2': 0.9495073891625615, 'noise=0.2;missing=0.0': 0.9166666666666667, 'noise=0.2;missing=0.2': 0.9236453201970443}",0.8636363636363636,0.07575757575757576,6,7,17,2.1176470588235294,0.2833333333333333,6,1.0,1.7222222222222223,0.625,4.030493056757482,"{2: 15, 3: 2}",17,0.0,0.2841595860566449
0.9719827586206895,0.8928571428571429,0.9719827586206895,"{0.0: 1.0, 0.1: 0.9700328407224958, 0.2: 0.945915435139573}","{'noise=0.0;missing=0.0': 1.0, 'noise=0.0;missing=0.2': 1.0, 'noise=0.1;missing=0.0': 0.9880952380952381, 'noise=0.1;missing=0.2': 0.9519704433497537, 'noise=0.2;missing=0.0': 0.9226190476190476, 'noise=0.2;missing=0.2': 0.9692118226600986}",0.9090909090909091,0.045454545454545456,6,7,20,2.05,0.3333333333333333,6,1.1388888888888888,1.8973765432098761,0.6009485094850948,4.1315846264110005,"{2: 19, 3: 1}",20,0.0,0.3312190072016461
0.9730660463419083,0.8928571428571429,0.9730660463419083,"{0.0: 1.0, 0.1: 0.9658251231527094, 0.2: 0.9533730158730158}","{'noise=0.0;missing=0.0': 1.0, 'noise=0.0;missing=0.2': 1.0, 'noise=0.1;missing=0.0': 0.9821428571428571, 'noise=0.1;missing=0.2': 0.9495073891625616, 'noise=0.2;missing=0.0': 0.9424603174603174, 'noise=0.2;missing=0.2': 0.9642857142857143}",0.9090909090909091,0.06060606060606061,6,7,16,2.25,0.26666666666666666,5,1.0,1.2777777777777777,0.5740740740740741,4.194385682587764,"{2: 13, 3: 2, 4: 1}",16,0.0,0.26917129629629627
0.9499863163656267,0.8333333333333334,0.9499863163656267,"{0.0: 1.0, 0.1: 0.9515257252326218, 0.2: 0.8984332238642584}","{'noise=0.0;missing=0.0': 1.0, 'noise=0.0;missing=0.2': 1.0, 'noise=0.1;missing=0.0': 0.9424603174603173, 'noise=0.1;missing=0.2': 0.960591133004926, 'noise=0.2;missing=0.0': 0.9027777777777778, 'noise=0.2;missing=0.2': 0.894088669950739}",0.8636363636363636,0.045454545454545456,6,7,16,2.125,0.26666666666666666,7,0.9444444444444444,1.7746913580246912,0.6225490196078431,3.9944846218759227,"{2: 14, 3: 2}",16,0.0,0.26838605967078183
0.9670908593322386,0.875,0.9670908593322386,"{0.0: 1.0, 0.1: 0.9629857690202518, 0.2: 0.9382868089764642}","{'noise=0.0;missing=0.0': 1.0, 'noise=0.0;missing=0.2': 1.0, 'noise=0.1;missing=0.0': 0.9801587301587301, 'noise=0.1;missing=0.2': 0.9458128078817734, 'noise=0.2;missing=0.0': 0.9246031746031746, 'noise=0.2;missing=0.2': 0.9519704433497537}",0.8939393939393939,0.07575757575757576,6,7,18,2.111111111111111,0.3,5,1.0555555555555556,1.5524691358024691,0.5964912280701754,4.145972171840238,"{2: 16, 3: 2}",18,0.0,0.29991923868312753
0.9515257252326218,0.8273809523809523,0.9515257252326218,"{0.0: 1.0, 0.1: 0.9523467432950191, 0.2: 0.9022304324028462}","{'noise=0.0;missing=0.0': 1.0, 'noise=0.0;missing=0.2': 1.0, 'noise=0.1;missing=0.0': 0.9662698412698413, 'noise=0.1;missing=0.2': 0.938423645320197, 'noise=0.2;missing=0.0': 0.896825396825397, 'noise=0.2;missing=0.2': 0.9076354679802955}",0.803030303030303,0.07575757575757576,6,7,16,2.0,0.26666666666666666,6,0.8888888888888888,1.5987654320987654,0.6597222222222222,3.882048827786958,{2: 16},16,0.0,0.267488683127572
0.9548326035395001,0.8392857142857143,0.9548326035395001,"{0.0: 1.0, 0.1: 0.9617200328407226, 0.2: 0.9027777777777778}","{'noise=0.0;missing=0.0': 1.0, 'noise=0.0;missing=0.2': 1.0, 'noise=0.1;missing=0.0': 0.9702380952380951, 'noise=0.1;missing=0.2': 0.9532019704433498, 'noise=0.2;missing=0.0': 0.9126984126984127, 'noise=0.2;missing=0.2': 0.8928571428571429}",0.8636363636363636,0.07575757575757576,6,7,18,2.0,0.3,6,1.0,1.7222222222222223,0.6327160493827161,3.995906598484245,{2: 18},18,0.0,0.2991759259259259
0.9521072796934866,0.8392857142857143,0.9521072796934866,"{0.0: 1.0, 0.1: 0.9546045429666119, 0.2: 0.9017172961138478}","{'noise=0.0;missing=0.0': 1.0, 'noise=0.0;missing=0.2': 1.0, 'noise=0.1;missing=0.0': 0.9424603174603173, 'noise=0.1;missing=0.2': 0.9667487684729065, 'noise=0.2;missing=0.0': 0.8908730158730158, 'noise=0.2;missing=0.2': 0.9125615763546798}",0.8787878787878788,0.045454545454545456,6,7,15,2.066666666666667,0.25,7,0.8611111111111112,1.6195987654320991,0.6120071684587813,3.97334560211053,"{2: 14, 3: 1}",15,0.0,0.25212178497942384
0.9751984126984126,0.8988095238095238,0.9751984126984126,"{0.0: 1.0, 0.1: 0.9722222222222222, 0.2: 0.9533730158730158}","{'noise=0.0;missing=0.0': 1.0, 'noise=0.0;missing=0.2': 1.0, 'noise=0.1;missing=0.0': 0.9801587301587301, 'noise=0.1;missing=0.2': 0.9642857142857143, 'noise=0.2;missing=0.0': 0.9424603174603174, 'noise=0.2;missing=0.2': 0.9642857142857143}",0.9090909090909091,0.06060606060606061,6,7,22,2.090909090909091,0.36666666666666664,7,1.2777777777777777,2.3672839506172845,0.6026570048309179,4.134080500385411,"{2: 20, 3: 2}",22,0.0,0.36324808267863823
0.9662698412698412,0.875,0.9662698412698412,"{0.0: 1.0, 0.1: 0.9570333880678709, 0.2: 0.9417761357416529}","{'noise=0.0;missing=0.0': 1.0, 'noise=0.0;missing=0.2': 1.0, 'noise=0.1;missing=0.0': 0.9682539682539683, 'noise=0.1;missing=0.2': 0.9458128078817734, 'noise=0.2;missing=0.0': 0.9365079365079365, 'noise=0.2;missing=0.2': 0.9470443349753694}",0.8939393939393939,0.030303030303030304,6,7,19,2.1052631578947367,0.31666666666666665,6,1.1111111111111112,1.8209876543209877,0.6027777777777777,4.127567157116928,"{2: 17, 3: 2}",19,0.0,0.31575671431665575
0.9721538040503558,0.8988095238095238,0.9721538040503558,"{0.0: 1.0, 0.1: 0.9711275314723592, 0.2: 0.9453338806787083}","{'noise=0.0;missing=0.0': 1.0, 'noise=0.0;missing=0.2': 1.0, 'noise=0.1;missing=0.0': 0.9841269841269842, 'noise=0.1;missing=0.2': 0.958128078817734, 'noise=0.2;missing=0.0': 0.9325396825396826, 'noise=0.2;missing=0.2': 0.958128078817734}",0.9242424242424242,0.030303030303030304,6,7,17,2.2941176470588234,0.2833333333333333,5,1.0833333333333333,1.354166666666667,0.5562678062678063,4.262984193710269,"{2: 13, 3: 3, 4: 1}",17,0.0,0.2853237336601307
0.9753352490421456,0.8988095238095238,0.9753352490421456,"{0.0: 1.0, 0.1: 0.9766009852216749, 0.2: 0.9494047619047619}","{'noise=0.0;missing=0.0': 1.0, 'noise=0.0;missing=0.2': 1.0, 'noise=0.1;missing=0.0': 1.0, 'noise=0.1;missing=0.2': 0.9532019704433498, 'noise=0.2;missing=0.0': 0.9345238095238095, 'noise=0.2;missing=0.2': 0.9642857142857143}",0.9090909090909091,0.07575757575757576,6,7,16,2.0625,0.26666666666666666,4,0.9166666666666666,0.9652777777777778,0.5563973063973064,4.233639952626227,"{2: 15, 3: 1}",16,0.0,0.2678171296296296
0.9619937055281883,0.8571428571428571,0.9619937055281883,"{0.0: 1.0, 0.1: 0.9658251231527093, 0.2: 0.9201559934318554}","{'noise=0.0;missing=0.0': 1.0, 'noise=0.0;missing=0.2': 1.0, 'noise=0.1;missing=0.0': 0.9821428571428571, 'noise=0.1;missing=0.2': 0.9495073891625615, 'noise=0.2;missing=0.0': 0.9166666666666667, 'noise=0.2;missing=0.2': 0.9236453201970443}",0.8787878787878788,0.07575757575757576,6,7,19,2.0526315789473686,0.31666666666666665,6,1.0833333333333333,1.8541666666666667,0.6217948717948718,4.060416641661804,"{2: 18, 3: 1}",19,0.0,0.3153967470760234
0.9733169129720852,0.8928571428571429,0.9733169129720852,"{0.0: 1.0, 0.1: 0.9700328407224958, 0.2: 0.9499178981937603}","{'noise=0.0;missing=0.0': 1.0, 'noise=0.0;missing=0.2': 1.0, 'noise=0.1;missing=0.0': 0.9880952380952381, 'noise=0.1;missing=0.2': 0.9519704433497537, 'noise=0.2;missing=0.0': 0.9404761904761905, 'noise=0.2;missing=0.2': 0.9593596059113301}",0.9090909090909091,0.045454545454545456,6,7,20,2.1,0.3333333333333333,6,1.1666666666666667,1.8611111111111112,0.5925925925925926,4.159592720140253,"{2: 18, 3: 2}",20,0.0,0.33156018518518515
0.9603516694033936,0.8571428571428571,0.9603516694033936,"{0.0: 1.0, 0.1: 0.9613437328954569, 0.2: 0.9197112753147236}","{'noise=0.0;missing=0.0': 1.0, 'noise=0.0;missing=0.2': 1.0, 'noise=0.1;missing=0.0': 0.9682539682539683, 'noise=0.1;missing=0.2': 0.9544334975369458, 'noise=0.2;missing=0.0': 0.9305555555555555, 'noise=0.2;missing=0.2': 0.9088669950738916}",0.8636363636363636,0.045454545454545456,6,7,17,2.1176470588235294,0.2833333333333333,6,1.0,1.7222222222222223,0.625,4.030493056757482,"{2: 15, 3: 2}",17,0.0,0.2841595860566449
0.9537493158182814,0.8452380952380952,0.9537493158182814,"{0.0: 1.0, 0.1: 0.9546045429666119, 0.2: 0.906643404488232}","{'noise=0.0;missing=0.0': 1.0, 'noise=0.0;missing=0.2': 1.0, 'noise=0.1;missing=0.0': 0.9424603174603173, 'noise=0.1;missing=0.2': 0.9667487684729065, 'noise=0.2;missing=0.0': 0.8908730158730158, 'noise=0.2;missing=0.2': 0.9224137931034483}",0.8787878787878788,0.045454545454545456,6,7,15,2.0,0.25,7,0.8333333333333334,1.6388888888888886,0.6351851851851852,3.893344863722962,{2: 15},15,0.0,0.25166203703703705
0.9738756613756614,0.8928571428571429,0.9738756613756614,"{0.0: 1.0, 0.1: 0.9682539682539683, 0.2: 0.9533730158730158}","{'noise=0.0;missing=0.0': 1.0, 'noise=0.0;missing=0.2': 1.0, 'noise=0.1;missing=0.0': 0.9722222222222222, 'noise=0.1;missing=0.2': 0.9642857142857143, 'noise=0.2;missing=0.0': 0.9424603174603174, 'noise=0.2;missing=0.2': 0.9642857142857143}",0.9090909090909091,0.06060606060606061,6,7,21,2.0952380952380953,0.35,7,1.2222222222222223,2.2839506172839505,0.6073232323232324,4.114857540029794,"{2: 19, 3: 2}",21,0.0,0.3474309229864785
0.9592227695675972,0.8452380952380952,0.9592227695675972,"{0.0: 1.0, 0.1: 0.9525519978106186, 0.2: 0.9251163108921728}","{'noise=0.0;missing=0.0': 1.0, 'noise=0.0;missing=0.2': 1.0, 'noise=0.1;missing=0.0': 0.9543650793650793, 'noise=0.1;missing=0.2': 0.9507389162561576, 'noise=0.2;missing=0.0': 0.9265873015873016, 'noise=0.2;missing=0.2': 0.9236453201970443}",0.8333333333333334,0.07575757575757576,6,7,17,2.1176470588235294,0.2833333333333333,7,1.0,1.8888888888888888,0.6095679012345679,4.04752578042657,"{2: 15, 3: 2}",17,0.0,0.28418736383442267
0.9641716839992702,0.8630952380952381,0.9641716839992702,"{0.0: 1.0, 0.1: 0.9433155446086481, 0.2: 0.9491995073891625}","{'noise=0.0;missing=0.0': 1.0, 'noise=0.0;missing=0.2': 1.0, 'noise=0.1;missing=0.0': 0.9543650793650793, 'noise=0.1;missing=0.2': 0.9322660098522169, 'noise=0.2;missing=0.0': 0.9464285714285714, 'noise=0.2;missing=0.2': 0.9519704433497537}",0.8787878787878788,0.045454545454545456,6,7,13,2.230769230769231,0.21666666666666667,5,0.8055555555555556,1.1010802469135803,0.6139846743295019,4.017824858003424,"{2: 11, 3: 1, 4: 1}",13,0.0,0.22150829969927194
0.9468846925743477,0.8154761904761905,0.9468846925743477,"{0.0: 1.0, 0.1: 0.9319239189928845, 0.2: 0.9087301587301587}","{'noise=0.0;missing=0.0': 1.0, 'noise=0.0;missing=0.2': 1.0, 'noise=0.1;missing=0.0': 0.9365079365079365, 'noise=0.1;missing=0.2': 0.9273399014778325, 'noise=0.2;missing=0.0': 0.8531746031746031, 'noise=0.2;missing=0.2': 0.9642857142857143}",0.803030303030303,0.06060606060606061,6,7,14,2.0714285714285716,0.23333333333333334,6,0.8055555555555556,1.4344135802469136,0.6695402298850575,3.8143719431796272,"{2: 13, 3: 1}",14,0.0,0.23629065623162848
0.9753352490421456,0.8988095238095238,0.9753352490421456,"{0.0: 1.0, 0.1: 0.9766009852216749, 0.2: 0.9494047619047619}","{'noise=0.0;missing=0.0': 1.0, 'noise=0.0;missing=0.2': 1.0, 'noise=0.1;missing=0.0': 1.0, 'noise=0.1;missing=0.2': 0.9532019704433498, 'noise=0.2;missing=0.0': 0.9345238095238095, 'noise=0.2;missing=0.2': 0.9642857142857143}",0.9090909090909091,0.07575757575757576,6,7,18,2.111111111111111,0.3,5,1.0555555555555556,1.441358024691358,0.5847953216374269,4.178738290204357,"{2: 16, 3: 2}",18,0.0,0.29990072016460906
0.9599411603721948,0.8511904761904762,0.9599411603721948,"{0.0: 1.0, 0.1: 0.9615831964969895, 0.2: 0.9182402846195951}","{'noise=0.0;missing=0.0': 1.0, 'noise=0.0;missing=0.2': 1.0, 'noise=0.1;missing=0.0': 0.9662698412698412, 'noise=0.1;missing=0.2': 0.956896551724138, 'noise=0.2;missing=0.0': 0.8968253968253969, 'noise=0.2;missing=0.2': 0.939655172413793}",0.8939393939393939,0.06060606060606061,6,7,15,2.066666666666667,0.25,5,0.8611111111111112,1.1751543209876545,0.5994623655913979,4.079376456233206,"{2: 14, 3: 1}",15,0.0,0.2520477109053498
0.9710591133004924,0.8869047619047619,0.9710591133004924,"{0.0: 1.0, 0.1: 0.9700328407224958, 0.2: 0.9431444991789819}","{'noise=0.0;missing=0.0': 1.0, 'noise=0.0;missing=0.2': 1.0, 'noise=0.1;missing=0.0': 0.9880952380952381, 'noise=0.1;missing=0.2': 0.9519704433497537, 'noise=0.2;missing=0.0': 0.9404761904761905, 'noise=0.2;missing=0.2': 0.9458128078817734}",0.8939393939393939,0.045454545454545456,6,7,19,2.0526315789473686,0.31666666666666665,6,1.0833333333333333,1.7430555555555558,0.5990028490028491,4.131054782742918,"{2: 18, 3: 1}",19,0.0,0.31537822855750486
0.9519248312351759,0.8333333333333334,0.9519248312351759,"{0.0: 1.0, 0.1: 0.9557676518883416, 0.2: 0.9000068418171866}","{'noise=0.0;missing=0.0': 1.0, 'noise=0.0;missing=0.2': 1.0, 'noise=0.1;missing=0.0': 0.9583333333333334, 'noise=0.1;missing=0.2': 0.9532019704433498, 'noise=0.2;missing=0.0': 0.8948412698412699, 'noise=0.2;missing=0.2': 0.9051724137931034}",0.8636363636363636,0.045454545454545456,6,7,16,2.0625,0.26666666666666666,7,0.9166666666666666,1.5208333333333333,0.5580808080808081,4.14586428740684,"{2: 15, 3: 1}",16,0.0,0.2679097222222222
0.9559158912607189,0.8452380952380952,0.9559158912607189,"{0.0: 1.0, 0.1: 0.9572044334975368, 0.2: 0.9105432402846196}","{'noise=0.0;missing=0.0': 1.0, 'noise=0.0;missing=0.2': 1.0, 'noise=0.1;missing=0.0': 0.9464285714285714, 'noise=0.1;missing=0.2': 0.9679802955665024, 'noise=0.2;missing=0.0': 0.9146825396825397, 'noise=0.2;missing=0.2': 0.9064039408866995}",0.8484848484848485,0.06060606060606061,6,7,16,2.0625,0.26666666666666666,6,0.9166666666666666,1.7430555555555556,0.6675084175084175,3.861983513035609,"{2: 15, 3: 1}",16,0.0,0.26794675925925926
0.9721880131362889,0.8928571428571429,0.9721880131362889,"{0.0: 1.0, 0.1: 0.9631910235358511, 0.2: 0.9533730158730158}","{'noise=0.0;missing=0.0': 1.0, 'noise=0.0;missing=0.2': 1.0, 'noise=0.1;missing=0.0': 0.9682539682539683, 'noise=0.1;missing=0.2': 0.958128078817734, 'noise=0.2;missing=0.0': 0.9424603174603174, 'noise=0.2;missing=0.2': 0.9642857142857143}",0.8939393939393939,0.06060606060606061,6,7,16,2.125,0.26666666666666666,5,0.9444444444444444,1.3858024691358022,0.6241830065359477,4.032336282987774,"{2: 14, 3: 2}",16,0.0,0.26832124485596703
0.9700898558657178,0.8928571428571429,0.9700898558657178,"{0.0: 1.0, 0.1: 0.967911877394636, 0.2: 0.9423576902025178}","{'noise=0.0;missing=0.0': 1.0, 'noise=0.0;missing=0.2': 1.0, 'noise=0.1;missing=0.0': 0.9801587301587301, 'noise=0.1;missing=0.2': 0.9556650246305418, 'noise=0.2;missing=0.0': 0.9265873015873015, 'noise=0.2;missing=0.2': 0.958128078817734}",0.9090909090909091,0.045454545454545456,6,7,16,2.125,0.26666666666666666,5,0.9444444444444444,1.274691358024691,0.5980392156862745,4.113362385992581,"{2: 14, 3: 2}",16,0.0,0.2683027263374485
0.9653804050355774,0.875,0.9653804050355774,"{0.0: 1.0, 0.1: 0.9584017515051997, 0.2: 0.9377394636015326}","{'noise=0.0;missing=0.0': 1.0, 'noise=0.0;missing=0.2': 1.0, 'noise=0.1;missing=0.0': 0.9722222222222222, 'noise=0.1;missing=0.2': 0.9445812807881774, 'noise=0.2;missing=0.0': 0.9444444444444445, 'noise=0.2;missing=0.2': 0.9310344827586208}",0.9090909090909091,0.045454545454545456,6,7,19,2.0526315789473686,0.31666666666666665,6,1.0833333333333333,1.465277777777778,0.5434472934472935,4.2849009365890725,"{2: 18, 3: 1}",19,0.0,0.31533193226120854
0.9649927020616677,0.8690476190476191,0.9649927020616677,"{0.0: 1.0, 0.1: 0.9646278051450466, 0.2: 0.9303503010399562}","{'noise=0.0;missing=0.0': 1.0, 'noise=0.0;missing=0.2': 1.0, 'noise=0.1;missing=0.0': 0.9920634920634921, 'noise=0.1;missing=0.2': 0.9371921182266009, 'noise=0.2;missing=0.0': 0.9087301587301587, 'noise=0.2;missing=0.2': 0.9519704433497537}",0.8939393939393939,0.07575757575757576,6,7,17,2.235294117647059,0.2833333333333333,5,1.0555555555555556,1.3858024691358024,0.5628654970760234,4.238334671954105,"{2: 14, 3: 2, 4: 1}",17,0.0,0.28492050956184944
0.9704661558109833,0.8869047619047619,0.9704661558109833,"{0.0: 1.0, 0.1: 0.9660303776683088, 0.2: 0.9453680897646416}","{'noise=0.0;missing=0.0': 1.0, 'noise=0.0;missing=0.2': 1.0, 'noise=0.1;missing=0.0': 0.9702380952380951, 'noise=0.1;missing=0.2': 0.9618226600985221, 'noise=0.2;missing=0.0': 0.9424603174603174, 'noise=0.2;missing=0.2': 0.9482758620689655}",0.8939393939393939,0.06060606060606061,6,7,22,2.090909090909091,0.36666666666666664,7,1.2777777777777777,2.4228395061728403,0.6099033816425121,4.117669902512293,"{2: 20, 3: 2}",22,0.0,0.3632573419378975
0.9546615581098339,0.8452380952380952,0.9546615581098339,"{0.0: 1.0, 0.1: 0.962712096332786, 0.2: 0.9012725779967159}","{'noise=0.0;missing=0.0': 1.0, 'noise=0.0;missing=0.2': 1.0, 'noise=0.1;missing=0.0': 0.9722222222222222, 'noise=0.1;missing=0.2': 0.9532019704433498, 'noise=0.2;missing=0.0': 0.869047619047619, 'noise=0.2;missing=0.2': 0.933497536945813}",0.8484848484848485,0.030303030303030304,6,7,11,2.090909090909091,0.18333333333333332,5,0.6388888888888888,1.0640432098765429,0.7016908212560387,3.638147696204827,"{2: 10, 3: 1}",11,0.0,0.1888642092218481
0.9700898558657178,0.8928571428571429,0.9700898558657178,"{0.0: 1.0, 0.1: 0.967911877394636, 0.2: 0.9423576902025178}","{'noise=0.0;missing=0.0': 1.0, 'noise=0.0;missing=0.2': 1.0, 'noise=0.1;missing=0.0': 0.9801587301587301, 'noise=0.1;missing=0.2': 0.9556650246305418, 'noise=0.2;missing=0.0': 0.9265873015873015, 'noise=0.2;missing=0.2': 0.958128078817734}",0.9090909090909091,0.045454545454545456,6,7,15,2.1333333333333333,0.25,5,0.8888888888888888,1.2098765432098768,0.6006944444444444,4.090018266288633,"{2: 13, 3: 2}",15,0.0,0.2525164609053498
0.9614805692391899,0.8511904761904762,0.9614805692391899,"{0.0: 1.0, 0.1: 0.9525519978106186, 0.2: 0.9318897099069512}","{'noise=0.0;missing=0.0': 1.0, 'noise=0.0;missing=0.2': 1.0, 'noise=0.1;missing=0.0': 0.9543650793650793, 'noise=0.1;missing=0.2': 0.9507389162561576, 'noise=0.2;missing=0.0': 0.9265873015873016, 'noise=0.2;missing=0.2': 0.9371921182266009}",0.8484848484848485,0.07575757575757576,6,7,17,2.0588235294117645,0.2833333333333333,6,0.9722222222222222,1.4158950617283947,0.5801587301587302,4.150292659616668,"{2: 16, 3: 1}",17,0.0,0.28370003479786976
0.9560641306330963,0.8511904761904762,0.9560641306330963,"{0.0: 1.0, 0.1: 0.9546045429666119, 0.2: 0.9135878489326764}","{'noise=0.0;missing=0.0': 1.0, 'noise=0.0;missing=0.2': 1.0, 'noise=0.1;missing=0.0': 0.9424603174603173, 'noise=0.1;missing=0.2': 0.9667487684729065, 'noise=0.2;missing=0.0': 0.9047619047619049, 'noise=0.2;missing=0.2': 0.9224137931034483}",0.8787878787878788,0.045454545454545456,6,7,16,2.0,0.26666666666666666,7,0.8888888888888888,1.6543209876543208,0.6145833333333334,3.9873008763572906,{2: 16},16,0.0,0.2674979423868312
0.9721880131362889,0.8928571428571429,0.9721880131362889,"{0.0: 1.0, 0.1: 0.9631910235358511, 0.2: 0.9533730158730158}","{'noise=0.0;missing=0.0': 1.0, 'noise=0.0;missing=0.2': 1.0, 'noise=0.1;missing=0.0': 0.9682539682539683, 'noise=0.1;missing=0.2': 0.958128078817734, 'noise=0.2;missing=0.0': 0.9424603174603174, 'noise=0.2;missing=0.2': 0.9642857142857143}",0.8939393939393939,0.06060606060606061,6,7,13,2.0,0.21666666666666667,4,0.7222222222222222,0.7561728395061728,0.5854700854700855,4.085055102756477,{2: 13},13,0.0,0.2198482510288066
0.9692004196314541,0.875,0.9692004196314541,"{0.0: 1.0, 0.1: 0.9637383689107827, 0.2: 0.9438628899835796}","{'noise=0.0;missing=0.0': 1.0, 'noise=0.0;missing=0.2': 1.0, 'noise=0.1;missing=0.0': 0.9841269841269842, 'noise=0.1;missing=0.2': 0.9433497536945813, 'noise=0.2;missing=0.0': 0.9345238095238095, 'noise=0.2;missing=0.2': 0.9532019704433498}",0.8939393939393939,0.07575757575757576,6,7,17,2.0588235294117645,0.2833333333333333,6,0.9722222222222222,1.3603395061728394,0.5595238095238095,4.207435516759525,"{2: 16, 3: 1}",17,0.0,0.2836907755386105
0.9575807334428025,0.8511904761904762,0.9575807334428025,"{0.0: 1.0, 0.1: 0.947591680350301, 0.2: 0.9251505199781062}","{'noise=0.0;missing=0.0': 1.0, 'noise=0.0;missing=0.2': 1.0, 'noise=0.1;missing=0.0': 0.9444444444444444, 'noise=0.1;missing=0.2': 0.9507389162561576, 'noise=0.2;missing=0.0': 0.9365079365079365, 'noise=0.2;missing=0.2': 0.9137931034482758}",0.8787878787878788,0.045454545454545456,6,7,16,2.0625,0.26666666666666666,6,0.9166666666666666,1.465277777777778,0.6220538720538721,4.0060710131011685,"{2: 15, 3: 1}",16,0.0,0.26790046296296294
0.9753352490421456,0.8988095238095238,0.9753352490421456,"{0.0: 1.0, 0.1: 0.9766009852216749, 0.2: 0.9494047619047619}","{'noise=0.0;missing=0.0': 1.0, 'noise=0.0;missing=0.2': 1.0, 'noise=0.1;missing=0.0': 1.0, 'noise=0.1;missing=0.2': 0.9532019704433498, 'noise=0.2;missing=0.0': 0.9345238095238095, 'noise=0.2;missing=0.2': 0.9642857142857143}",0.9090909090909091,0.07575757575757576,6,7,18,2.111111111111111,0.3,5,1.0555555555555556,1.3858024691358024,0.5760233918128655,4.198603750787606,"{2: 16, 3: 2}",18,0.0,0.2998914609053498
0.9618910782703887,0.8571428571428571,0.9618910782703887,"{0.0: 1.0, 0.1: 0.9424261083743842, 0.2: 0.9432471264367815}","{'noise=0.0;missing=0.0': 1.0, 'noise=0.0;missing=0.2': 1.0, 'noise=0.1;missing=0.0': 0.9464285714285714, 'noise=0.1;missing=0.2': 0.938423645320197, 'noise=0.2;missing=0.0': 0.9345238095238095, 'noise=0.2;missing=0.2': 0.9519704433497537}",0.8787878787878788,0.045454545454545456,6,7,15,2.2,0.25,6,0.9166666666666666,1.3541666666666667,0.5816498316498316,4.12728313431329,"{2: 13, 3: 1, 4: 1}",15,0.0,0.2530034722222222
0.9533388067870826,0.8273809523809523,0.9533388067870826,"{0.0: 1.0, 0.1: 0.9387999452654626, 0.2: 0.9212164750957853}","{'noise=0.0;missing=0.0': 1.0, 'noise=0.0;missing=0.2': 1.0, 'noise=0.1;missing=0.0': 0.9305555555555556, 'noise=0.1;missing=0.2': 0.9470443349753694, 'noise=0.2;missing=0.0': 0.9027777777777778, 'noise=0.2;missing=0.2': 0.939655172413793}",0.8636363636363636,0.07575757575757576,6,7,18,2.0555555555555554,0.3,8,1.0277777777777777,2.138117283950617,0.5938438438438438,4.0671651897778585,"{2: 17, 3: 1}",18,0.0,0.2996310442386831
0.9508415435139573,0.8214285714285714,0.9508415435139573,"{0.0: 1.0, 0.1: 0.9438286808976464, 0.2: 0.9086959496442254}","{'noise=0.0;missing=0.0': 1.0, 'noise=0.0;missing=0.2': 1.0, 'noise=0.1;missing=0.0': 0.9603174603174603, 'noise=0.1;missing=0.2': 0.9273399014778325, 'noise=0.2;missing=0.0': 0.878968253968254, 'noise=0.2;missing=0.2': 0.938423645320197}",0.8181818181818182,0.07575757575757576,6,7,15,2.066666666666667,0.25,5,0.8611111111111112,1.2862654320987656,0.6281362007168458,3.9905091174537386,"{2: 14, 3: 1}",15,0.0,0.2520662294238683
0.9721538040503558,0.8988095238095238,0.9721538040503558,"{0.0: 1.0, 0.1: 0.9711275314723592, 0.2: 0.9453338806787083}","{'noise=0.0;missing=0.0': 1.0, 'noise=0.0;missing=0.2': 1.0, 'noise=0.1;missing=0.0': 0.9841269841269842, 'noise=0.1;missing=0.2': 0.958128078817734, 'noise=0.2;missing=0.0': 0.9325396825396826, 'noise=0.2;missing=0.2': 0.958128078817734}",0.9242424242424242,0.030303030303030304,6,7,16,2.3125,0.26666666666666666,5,1.0277777777777777,1.304783950617284,0.5623123123123123,4.239877609387674,"{2: 12, 3: 3, 4: 1}",16,0.0,0.2696098251028806
0.9483898923554096,0.8214285714285714,0.9483898923554096,"{0.0: 1.0, 0.1: 0.9484126984126984, 0.2: 0.8967569786535304}","{'noise=0.0;missing=0.0': 1.0, 'noise=0.0;missing=0.2': 1.0, 'noise=0.1;missing=0.0': 0.9682539682539683, 'noise=0.1;missing=0.2': 0.9285714285714286, 'noise=0.2;missing=0.0': 0.8452380952380952, 'noise=0.2;missing=0.2': 0.9482758620689655}",0.7878787878787878,0.07575757575757576,6,7,17,2.1176470588235294,0.2833333333333333,6,1.0,1.8333333333333333,0.6620370370370371,3.877443751081734,"{2: 15, 3: 2}",17,0.0,0.2841781045751634
0.9487775953293194,0.8273809523809523,0.9487775953293194,"{0.0: 1.0, 0.1: 0.9543992884510126, 0.2: 0.8919334975369458}","{'noise=0.0;missing=0.0': 1.0, 'noise=0.0;missing=0.2': 1.0, 'noise=0.1;missing=0.0': 0.9543650793650793, 'noise=0.1;missing=0.2': 0.9544334975369458, 'noise=0.2;missing=0.0': 0.875, 'noise=0.2;missing=0.2': 0.9088669950738916}",0.8484848484848485,0.06060606060606061,6,7,15,2.066666666666667,0.25,6,0.8611111111111112,1.5640432098765435,0.6406810035842294,3.9134007456613777,"{2: 14, 3: 1}",15,0.0,0.25211252572016457
0.9714924283889801,0.8928571428571429,0.9714924283889801,"{0.0: 1.0, 0.1: 0.9711275314723592, 0.2: 0.9433497536945813}","{'noise=0.0;missing=0.0': 1.0, 'noise=0.0;missing=0.2': 1.0, 'noise=0.1;missing=0.0': 0.9841269841269842, 'noise=0.1;missing=0.2': 0.958128078817734, 'noise=0.2;missing=0.0': 0.9285714285714286, 'noise=0.2;missing=0.2': 0.958128078817734}",0.9242424242424242,0.045454545454545456,6,7,17,2.2941176470588234,0.2833333333333333,5,1.0833333333333333,1.5208333333333335,0.5762108262108262,4.211702142428217,"{2: 13, 3: 3, 4: 1}",17,0.0,0.2853515114379085
0.9691091954022989,0.8809523809523809,0.9691091954022989,"{0.0: 1.0, 0.1: 0.9691434044882321, 0.2: 0.9381841817186645}","{'noise=0.0;missing=0.0': 1.0, 'noise=0.0;missing=0.2': 1.0, 'noise=0.1;missing=0.0': 0.9801587301587301, 'noise=0.1;missing=0.2': 0.958128078817734, 'noise=0.2;missing=0.0': 0.9305555555555555, 'noise=0.2;missing=0.2': 0.9458128078817734}",0.9090909090909091,0.045454545454545456,6,7,16,2.25,0.26666666666666666,5,1.0,1.3888888888888888,0.5864197530864198,4.1597992243145265,"{2: 13, 3: 2, 4: 1}",16,0.0,0.2691898148148148
0.9539203612479474,0.8333333333333334,0.9539203612479474,"{0.0: 1.0, 0.1: 0.9420498084291188, 0.2: 0.9197112753147235}","{'noise=0.0;missing=0.0': 1.0, 'noise=0.0;missing=0.2': 1.0, 'noise=0.1;missing=0.0': 0.9444444444444444, 'noise=0.1;missing=0.2': 0.939655172413793, 'noise=0.2;missing=0.0': 0.8948412698412699, 'noise=0.2;missing=0.2': 0.9445812807881774}",0.803030303030303,0.06060606060606061,6,7,14,2.0714285714285716,0.23333333333333334,6,0.8055555555555556,1.4344135802469138,0.6695402298850575,3.8143719431796272,"{2: 13, 3: 1}",14,0.0,0.23629065623162848
0.9576491516146688,0.8452380952380952,0.9576491516146688,"{0.0: 1.0, 0.1: 0.9634646962233168, 0.2: 0.9094827586206896}","{'noise=0.0;missing=0.0': 1.0, 'noise=0.0;missing=0.2': 1.0, 'noise=0.1;missing=0.0': 0.9761904761904762, 'noise=0.1;missing=0.2': 0.9507389162561576, 'noise=0.2;missing=0.0': 0.8928571428571427, 'noise=0.2;missing=0.2': 0.9261083743842364}",0.8636363636363636,0.06060606060606061,6,7,13,2.076923076923077,0.21666666666666667,4,0.75,0.9652777777777778,0.6306584362139918,3.9582291686698783,"{2: 12, 3: 1}",13,0.0,0.2204172898860399
0.9512976646597335,0.8333333333333334,0.9512976646597335,"{0.0: 1.0, 0.1: 0.9421866447728516, 0.2: 0.9117063492063492}","{'noise=0.0;missing=0.0': 1.0, 'noise=0.0;missing=0.2': 1.0, 'noise=0.1;missing=0.0': 0.9484126984126985, 'noise=0.1;missing=0.2': 0.9359605911330048, 'noise=0.2;missing=0.0': 0.8591269841269842, 'noise=0.2;missing=0.2': 0.9642857142857143}",0.8181818181818182,0.045454545454545456,6,7,14,2.142857142857143,0.23333333333333334,6,0.8333333333333334,1.5833333333333333,0.6925925925925925,3.739572261986723,"{2: 12, 3: 2}",14,0.0,0.23681150793650796
0.9724046706805328,0.8928571428571429,0.9724046706805328,"{0.0: 1.0, 0.1: 0.9638409961685824, 0.2: 0.9533730158730158}","{'noise=0.0;missing=0.0': 1.0, 'noise=0.0;missing=0.2': 1.0, 'noise=0.1;missing=0.0': 0.9781746031746031, 'noise=0.1;missing=0.2': 0.9495073891625616, 'noise=0.2;missing=0.0': 0.9424603174603174, 'noise=0.2;missing=0.2': 0.9642857142857143}",0.9090909090909091,0.06060606060606061,6,7,18,2.2222222222222223,0.3,5,1.1111111111111112,1.5432098765432103,0.5791666666666667,4.193942707918269,"{2: 15, 3: 2, 4: 1}",18,0.0,0.30068930041152264
0.9583333333333334,0.8511904761904762,0.9583333333333334,"{0.0: 1.0, 0.1: 0.9523125342090859, 0.2: 0.922687465790914}","{'noise=0.0;missing=0.0': 1.0, 'noise=0.0;missing=0.2': 1.0, 'noise=0.1;missing=0.0': 0.9563492063492064, 'noise=0.1;missing=0.2': 0.9482758620689654, 'noise=0.2;missing=0.0': 0.9007936507936508, 'noise=0.2;missing=0.2': 0.9445812807881774}",0.8181818181818182,0.045454545454545456,6,7,13,2.076923076923077,0.21666666666666667,5,0.75,1.0763888888888888,0.6491769547325102,3.880456373480624,"{2: 12, 3: 1}",13,0.0,0.22043580840455843
0.9762360883050538,0.9107142857142857,0.9762360883050538,"{0.0: 1.0, 0.1: 0.9754378762999453, 0.2: 0.9532703886152162}","{'noise=0.0;missing=0.0': 1.0, 'noise=0.0;missing=0.2': 1.0, 'noise=0.1;missing=0.0': 0.9841269841269842, 'noise=0.1;missing=0.2': 0.9667487684729064, 'noise=0.2;missing=0.0': 0.9484126984126984, 'noise=0.2;missing=0.2': 0.958128078817734}",0.9242424242424242,0.030303030303030304,6,7,17,2.1176470588235294,0.2833333333333333,5,1.0,1.2777777777777777,0.5740740740740741,4.194385682587763,"{2: 15, 3: 2}",17,0.0,0.2840855119825708
0.9733511220580185,0.8928571428571429,0.9733511220580185,"{0.0: 1.0, 0.1: 0.970648604269294, 0.2: 0.9494047619047619}","{'noise=0.0;missing=0.0': 1.0, 'noise=0.0;missing=0.2': 1.0, 'noise=0.1;missing=0.0': 0.988095238095238, 'noise=0.1;missing=0.2': 0.9532019704433498, 'noise=0.2;missing=0.0': 0.9345238095238095, 'noise=0.2;missing=0.2': 0.9642857142857143}",0.8939393939393939,0.07575757575757576,6,7,17,2.1176470588235294,0.2833333333333333,5,1.0,1.3333333333333333,0.5833333333333334,4.173416585305445,"{2: 15, 3: 2}",17,0.0,0.2840947712418301
0.961674420726145,0.8630952380952381,0.961674420726145,"{0.0: 1.0, 0.1: 0.9653119868637111, 0.2: 0.9197112753147236}","{'noise=0.0;missing=0.0': 1.0, 'noise=0.0;missing=0.2': 1.0, 'noise=0.1;missing=0.0': 0.9761904761904763, 'noise=0.1;missing=0.2': 0.9544334975369458, 'noise=0.2;missing=0.0': 0.9305555555555555, 'noise=0.2;missing=0.2': 0.9088669950738916}",0.8787878787878788,0.045454545454545456,6,7,18,2.0555555555555554,0.3,6,1.0277777777777777,1.8603395061728394,0.6313813813813813,4.013111135723804,"{2: 17, 3: 1}",18,0.0,0.29958474794238676
0.9655286444079546,0.875,0.9655286444079546,"{0.0: 1.0, 0.1: 0.9658935413245758, 0.2: 0.9306923918992884}","{'noise=0.0;missing=0.0': 1.0, 'noise=0.0;missing=0.2': 1.0, 'noise=0.1;missing=0.0': 0.9662698412698412, 'noise=0.1;missing=0.2': 0.9655172413793104, 'noise=0.2;missing=0.0': 0.9007936507936508, 'noise=0.2;missing=0.2': 0.960591133004926}",0.8787878787878788,0.045454545454545456,6,7,13,2.0,0.21666666666666667,6,0.7222222222222222,1.2006172839506175,0.6324786324786325,3.873140679513133,{2: 13},13,0.0,0.21992232510288068
0.9562351760627623,0.8452380952380952,0.9562351760627623,"{0.0: 1.0, 0.1: 0.967159277504105, 0.2: 0.9015462506841817}","{'noise=0.0;missing=0.0': 1.0, 'noise=0.0;missing=0.2': 1.0, 'noise=0.1;missing=0.0': 0.9761904761904762, 'noise=0.1;missing=0.2': 0.958128078817734, 'noise=0.2;missing=0.0': 0.8769841269841269, 'noise=0.2;missing=0.2': 0.9261083743842364}",0.8484848484848485,0.045454545454545456,6,7,9,2.0,0.15,4,0.5,0.6944444444444444,0.7222222222222222,3.503258334775645,{2: 9},9,0.0,0.15650462962962963
0.9638866082831599,0.8690476190476191,0.9638866082831599,"{0.0: 1.0, 0.1: 0.9658935413245758, 0.2: 0.9257662835249042}","{'noise=0.0;missing=0.0': 1.0, 'noise=0.0;missing=0.2': 1.0, 'noise=0.1;missing=0.0': 0.9662698412698412, 'noise=0.1;missing=0.2': 0.9655172413793104, 'noise=0.2;missing=0.0': 0.9007936507936508, 'noise=0.2;missing=0.2': 0.9507389162561576}",0.8787878787878788,0.045454545454545456,6,7,14,2.2857142857142856,0.23333333333333334,6,0.8888888888888888,1.3765432098765435,0.6041666666666666,4.054229296672174,"{2: 11, 3: 2, 4: 1}",14,0.0,0.2377691064079953
0.9590859332238642,0.8511904761904762,0.9590859332238642,"{0.0: 1.0, 0.1: 0.9677750410509031, 0.2: 0.9094827586206896}","{'noise=0.0;missing=0.0': 1.0, 'noise=0.0;missing=0.2': 1.0, 'noise=0.1;missing=0.0': 0.9761904761904762, 'noise=0.1;missing=0.2': 0.95935960591133, 'noise=0.2;missing=0.0': 0.8928571428571427, 'noise=0.2;missing=0.2': 0.9261083743842364}",0.8636363636363636,0.06060606060606061,6,7,14,2.142857142857143,0.23333333333333334,5,0.8333333333333334,1.2499999999999998,0.6444444444444445,3.9362434129830604,"{2: 12, 3: 2}",14,0.0,0.2367559523809524
0.953236179529283,0.8333333333333334,0.953236179529283,"{0.0: 1.0, 0.1: 0.9480021893814996, 0.2: 0.9117063492063492}","{'noise=0.0;missing=0.0': 1.0, 'noise=0.0;missing=0.2': 1.0, 'noise=0.1;missing=0.0': 0.9563492063492064, 'noise=0.1;missing=0.2': 0.939655172413793, 'noise=0.2;missing=0.0': 0.8948412698412699, 'noise=0.2;missing=0.2': 0.9285714285714287}",0.803030303030303,0.06060606060606061,6,7,15,2.066666666666667,0.25,6,0.8611111111111112,1.619598765432099,0.6872759856630825,3.7600172778496534,"{2: 14, 3: 1}",15,0.0,0.25212178497942384
0.9520160554643313,0.8392857142857143,0.9520160554643313,"{0.0: 1.0, 0.1: 0.962712096332786, 0.2: 0.893336070060208}","{'noise=0.0;missing=0.0': 1.0, 'noise=0.0;missing=0.2': 1.0, 'noise=0.1;missing=0.0': 0.9722222222222222, 'noise=0.1;missing=0.2': 0.9532019704433498, 'noise=0.2;missing=0.0': 0.853174603174603, 'noise=0.2;missing=0.2': 0.933497536945813}",0.8484848484848485,0.030303030303030304,6,7,11,2.3636363636363638,0.18333333333333332,5,0.7222222222222222,1.2561728395061729,0.7094017094017094,3.6573852766501784,"{2: 8, 3: 2, 4: 1}",11,0.0,0.19079017022072578
0.9482302499543879,0.8154761904761905,0.9482302499543879,"{0.0: 1.0, 0.1: 0.9623700054734537, 0.2: 0.8823207443897099}","{'noise=0.0;missing=0.0': 1.0, 'noise=0.0;missing=0.2': 1.0, 'noise=0.1;missing=0.0': 0.9801587301587301, 'noise=0.1;missing=0.2': 0.9445812807881774, 'noise=0.2;missing=0.0': 0.8373015873015871, 'noise=0.2;missing=0.2': 0.9273399014778325}",0.8181818181818182,0.07575757575757576,6,7,15,2.1333333333333333,0.25,5,0.8888888888888888,1.3765432098765435,0.6319444444444444,3.980337797403416,"{2: 13, 3: 2}",15,0.0,0.2525442386831276
0.963156814449918,0.8630952380952381,0.963156814449918,"{0.0: 1.0, 0.1: 0.9629857690202517, 0.2: 0.926484674329502}","{'noise=0.0;missing=0.0': 1.0, 'noise=0.0;missing=0.2': 1.0, 'noise=0.1;missing=0.0': 0.9801587301587301, 'noise=0.1;missing=0.2': 0.9458128078817735, 'noise=0.2;missing=0.0': 0.9305555555555555, 'noise=0.2;missing=0.2': 0.9224137931034483}",0.8939393939393939,0.045454545454545456,6,7,19,2.263157894736842,0.31666666666666665,6,1.1944444444444444,1.878858024691358,0.5768733850129198,4.210807487109298,"{2: 15, 3: 3, 4: 1}",19,0.0,0.31686285060645436
0.9521072796934866,0.8392857142857143,0.9521072796934866,"{0.0: 1.0, 0.1: 0.9546045429666119, 0.2: 0.9017172961138478}","{'noise=0.0;missing=0.0': 1.0, 'noise=0.0;missing=0.2': 1.0, 'noise=0.1;missing=0.0': 0.9424603174603173, 'noise=0.1;missing=0.2': 0.9667487684729065, 'noise=0.2;missing=0.0': 0.8908730158730158, 'noise=0.2;missing=0.2': 0.9125615763546798}",0.8787878787878788,0.045454545454545456,6,7,14,2.0,0.23333333333333334,7,0.7777777777777778,1.617283950617284,0.6547619047619048,3.7928416378945076,{2: 14},14,0.0,0.23582510288065844
0.9762360883050538,0.9107142857142857,0.9762360883050538,"{0.0: 1.0, 0.1: 0.9754378762999453, 0.2: 0.9532703886152162}","{'noise=0.0;missing=0.0': 1.0, 'noise=0.0;missing=0.2': 1.0, 'noise=0.1;missing=0.0': 0.9841269841269842, 'noise=0.1;missing=0.2': 0.9667487684729064, 'noise=0.2;missing=0.0': 0.9484126984126984, 'noise=0.2;missing=0.2': 0.958128078817734}",0.9242424242424242,0.030303030303030304,6,7,15,2.1333333333333333,0.25,5,0.8888888888888888,1.2098765432098768,0.6006944444444444,4.090018266288633,"{2: 13, 3: 2}",15,0.0,0.2525164609053498
0.9721880131362889,0.8928571428571429,0.9721880131362889,"{0.0: 1.0, 0.1: 0.9631910235358511, 0.2: 0.9533730158730158}","{'noise=0.0;missing=0.0': 1.0, 'noise=0.0;missing=0.2': 1.0, 'noise=0.1;missing=0.0': 0.9682539682539683, 'noise=0.1;missing=0.2': 0.958128078817734, 'noise=0.2;missing=0.0': 0.9424603174603174, 'noise=0.2;missing=0.2': 0.9642857142857143}",0.8939393939393939,0.06060606060606061,6,7,14,2.0,0.23333333333333334,4,0.7777777777777778,0.8950617283950617,0.6011904761904762,4.06610893983748,{2: 14},14,0.0,0.2357047325102881
0.9738984674329503,0.8928571428571429,0.9738984674329503,"{0.0: 1.0, 0.1: 0.9722906403940887, 0.2: 0.9494047619047619}","{'noise=0.0;missing=0.0': 1.0, 'noise=0.0;missing=0.2': 1.0, 'noise=0.1;missing=0.0': 1.0, 'noise=0.1;missing=0.2': 0.9445812807881774, 'noise=0.2;missing=0.0': 0.9345238095238095, 'noise=0.2;missing=0.2': 0.9642857142857143}",0.9090909090909091,0.07575757575757576,6,7,18,2.2777777777777777,0.3,5,1.1388888888888888,1.3973765432098768,0.5413279132791328,4.317815651371969,"{2: 14, 3: 3, 4: 1}",18,0.0,0.30105079732510287
0.9603516694033936,0.8571428571428571,0.9603516694033936,"{0.0: 1.0, 0.1: 0.9613437328954569, 0.2: 0.9197112753147236}","{'noise=0.0;missing=0.0': 1.0, 'noise=0.0;missing=0.2': 1.0, 'noise=0.1;missing=0.0': 0.9682539682539683, 'noise=0.1;missing=0.2': 0.9544334975369458, 'noise=0.2;missing=0.0': 0.9305555555555555, 'noise=0.2;missing=0.2': 0.9088669950738916}",0.8636363636363636,0.045454545454545456,6,7,17,2.0588235294117645,0.2833333333333333,6,0.9722222222222222,1.7492283950617282,0.6452380952380953,3.9572958738405695,"{2: 16, 3: 1}",17,0.0,0.28375559035342535
0.9563035942346287,0.8511904761904762,0.9563035942346287,"{0.0: 1.0, 0.1: 0.9630883962780514, 0.2: 0.9058223864258347}","{'noise=0.0;missing=0.0': 1.0, 'noise=0.0;missing=0.2': 1.0, 'noise=0.1;missing=0.0': 0.9742063492063492, 'noise=0.1;missing=0.2': 0.9519704433497537, 'noise=0.2;missing=0.0': 0.8670634920634921, 'noise=0.2;missing=0.2': 0.9445812807881774}",0.8484848484848485,0.030303030303030304,6,7,11,2.0,0.18333333333333332,6,0.6111111111111112,1.182098765432099,0.6994949494949495,3.572623663895163,{2: 11},11,0.0,0.1882525720164609
0.9714240102171136,0.8869047619047619,0.9714240102171136,"{0.0: 1.0, 0.1: 0.979371921182266, 0.2: 0.9349001094690751}","{'noise=0.0;missing=0.0': 1.0, 'noise=0.0;missing=0.2': 1.0, 'noise=0.1;missing=0.0': 0.9821428571428571, 'noise=0.1;missing=0.2': 0.9766009852216749, 'noise=0.2;missing=0.0': 0.9067460317460316, 'noise=0.2;missing=0.2': 0.9630541871921182}",0.9090909090909091,0.07575757575757576,6,7,15,2.066666666666667,0.25,6,0.8611111111111112,1.3973765432098768,0.6263440860215054,3.977916874693636,"{2: 14, 3: 1}",15,0.0,0.25208474794238683
0.9627919175332968,0.8690476190476191,0.9627919175332968,"{0.0: 1.0, 0.1: 0.9703749315818282, 0.2: 0.9180008210180624}","{'noise=0.0;missing=0.0': 1.0, 'noise=0.0;missing=0.2': 1.0, 'noise=0.1;missing=0.0': 0.9801587301587301, 'noise=0.1;missing=0.2': 0.960591133004926, 'noise=0.2;missing=0.0': 0.8988095238095238, 'noise=0.2;missing=0.2': 0.9371921182266009}",0.8787878787878788,0.06060606060606061,6,7,13,2.1538461538461537,0.21666666666666667,3,0.7777777777777778,1.0617283950617282,0.6527777777777778,3.8868392966712713,"{2: 11, 3: 2}",13,0.0,0.22096755302310858
0.9528370735267286,0.8333333333333334,0.9528370735267286,"{0.0: 1.0, 0.1: 0.9497126436781608, 0.2: 0.9087985769020251}","{'noise=0.0;missing=0.0': 1.0, 'noise=0.0;missing=0.2': 1.0, 'noise=0.1;missing=0.0': 0.9523809523809524, 'noise=0.1;missing=0.2': 0.9470443349753694, 'noise=0.2;missing=0.0': 0.8730158730158729, 'noise=0.2;missing=0.2': 0.9445812807881774}",0.8181818181818182,0.045454545454545456,6,7,14,2.0714285714285716,0.23333333333333334,7,0.8055555555555556,1.6566358024691357,0.6580459770114943,3.8094854104183753,"{2: 13, 3: 1}",14,0.0,0.2363276932686655
0.9697477650063856,0.8869047619047619,0.9697477650063856,"{0.0: 1.0, 0.1: 0.9649014778325123, 0.2: 0.9443418171866448}","{'noise=0.0;missing=0.0': 1.0, 'noise=0.0;missing=0.2': 1.0, 'noise=0.1;missing=0.0': 0.9642857142857143, 'noise=0.1;missing=0.2': 0.9655172413793104, 'noise=0.2;missing=0.0': 0.9305555555555556, 'noise=0.2;missing=0.2': 0.958128078817734}",0.8939393939393939,0.030303030303030304,6,7,15,2.066666666666667,0.25,5,0.8611111111111112,1.0640432098765435,0.5815412186379928,4.128078875727623,"{2: 14, 3: 1}",15,0.0,0.25202919238683125
0.9695995256340084,0.8869047619047619,0.9695995256340084,"{0.0: 1.0, 0.1: 0.9742063492063492, 0.2: 0.934592227695676}","{'noise=0.0;missing=0.0': 1.0, 'noise=0.0;missing=0.2': 1.0, 'noise=0.1;missing=0.0': 0.9841269841269842, 'noise=0.1;missing=0.2': 0.9642857142857143, 'noise=0.2;missing=0.0': 0.9246031746031745, 'noise=0.2;missing=0.2': 0.9445812807881774}",0.8939393939393939,0.030303030303030304,6,7,16,2.3125,0.26666666666666666,4,1.0277777777777777,1.193672839506173,0.5653153153153153,4.229327351940021,"{2: 12, 3: 3, 4: 1}",16,0.0,0.26959130658436214
0.965984765553731,0.8690476190476191,0.965984765553731,"{0.0: 1.0, 0.1: 0.9584017515051997, 0.2: 0.9395525451559933}","{'noise=0.0;missing=0.0': 1.0, 'noise=0.0;missing=0.2': 1.0, 'noise=0.1;missing=0.0': 0.9722222222222222, 'noise=0.1;missing=0.2': 0.9445812807881774, 'noise=0.2;missing=0.0': 0.9345238095238094, 'noise=0.2;missing=0.2': 0.9445812807881774}",0.8636363636363636,0.045454545454545456,6,7,18,2.2777777777777777,0.3,5,1.1388888888888888,1.4529320987654324,0.5562330623306233,4.269035163567091,"{2: 14, 3: 3, 4: 1}",18,0.0,0.3010600565843621
0.9546615581098339,0.8452380952380952,0.9546615581098339,"{0.0: 1.0, 0.1: 0.962712096332786, 0.2: 0.9012725779967159}","{'noise=0.0;missing=0.0': 1.0, 'noise=0.0;missing=0.2': 1.0, 'noise=0.1;missing=0.0': 0.9722222222222222, 'noise=0.1;missing=0.2': 0.9532019704433498, 'noise=0.2;missing=0.0': 0.869047619047619, 'noise=0.2;missing=0.2': 0.933497536945813}",0.8484848484848485,0.030303030303030304,6,7,10,2.0,0.16666666666666666,4,0.5555555555555556,0.6913580246913582,0.6722222222222223,3.721928094887362,{2: 10},10,0.0,0.1723374485596708
0.9681969531107462,0.8869047619047619,0.9681969531107462,"{0.0: 1.0, 0.1: 0.9861795292829775, 0.2: 0.918411330049261}","{'noise=0.0;missing=0.0': 1.0, 'noise=0.0;missing=0.2': 1.0, 'noise=0.1;missing=0.0': 0.9920634920634921, 'noise=0.1;missing=0.2': 0.980295566502463, 'noise=0.2;missing=0.0': 0.9107142857142857, 'noise=0.2;missing=0.2': 0.9261083743842364}",0.8939393939393939,0.06060606060606061,6,7,11,2.090909090909091,0.18333333333333332,4,0.6388888888888888,0.7862654320987655,0.6582125603864735,3.8279097821439696,"{2: 10, 3: 1}",11,0.0,0.1888179129255518
0.9736818098887066,0.8988095238095238,0.9736818098887066,"{0.0: 1.0, 0.1: 0.9785166940339354, 0.2: 0.9425287356321839}","{'noise=0.0;missing=0.0': 1.0, 'noise=0.0;missing=0.2': 1.0, 'noise=0.1;missing=0.0': 0.9841269841269842, 'noise=0.1;missing=0.2': 0.9729064039408867, 'noise=0.2;missing=0.0': 0.9404761904761905, 'noise=0.2;missing=0.2': 0.9445812807881774}",0.8939393939393939,0.030303030303030304,6,7,14,2.0714285714285716,0.23333333333333334,4,0.8055555555555556,0.9344135802469135,0.6024904214559387,4.073329701949522,"{2: 13, 3: 1}",14,0.0,0.23620732289829513
0.9578772121875571,0.8571428571428571,0.9578772121875571,"{0.0: 1.0, 0.1: 0.9596332785987958, 0.2: 0.9139983579638752}","{'noise=0.0;missing=0.0': 1.0, 'noise=0.0;missing=0.2': 1.0, 'noise=0.1;missing=0.0': 0.9722222222222222, 'noise=0.1;missing=0.2': 0.9470443349753694, 'noise=0.2;missing=0.0': 0.8809523809523808, 'noise=0.2;missing=0.2': 0.9470443349753694}",0.8787878787878788,0.030303030303030304,6,7,12,2.0833333333333335,0.2,6,0.6944444444444444,1.3233024691358026,0.69,3.673269689515109,"{2: 11, 3: 1}",12,0.0,0.20468814300411522
0.9622331691297207,0.8630952380952381,0.9622331691297207,"{0.0: 1.0, 0.1: 0.9563492063492064, 0.2: 0.9303503010399563}","{'noise=0.0;missing=0.0': 1.0, 'noise=0.0;missing=0.2': 1.0, 'noise=0.1;missing=0.0': 0.9484126984126984, 'noise=0.1;missing=0.2': 0.9642857142857143, 'noise=0.2;missing=0.0': 0.9087301587301588, 'noise=0.2;missing=0.2': 0.9519704433497537}",0.8787878787878788,0.030303030303030304,6,7,12,2.25,0.2,5,0.75,1.0763888888888888,0.6347736625514403,3.926571651178273,"{2: 10, 3: 1, 4: 1}",12,0.0,0.20580439814814816
0.9552317095420543,0.8511904761904762,0.9552317095420543,"{0.0: 1.0, 0.1: 0.9596332785987958, 0.2: 0.9060618500273673}","{'noise=0.0;missing=0.0': 1.0, 'noise=0.0;missing=0.2': 1.0, 'noise=0.1;missing=0.0': 0.9722222222222222, 'noise=0.1;missing=0.2': 0.9470443349753694, 'noise=0.2;missing=0.0': 0.865079365079365, 'noise=0.2;missing=0.2': 0.9470443349753694}",0.8787878787878788,0.030303030303030304,6,7,13,2.3846153846153846,0.21666666666666667,6,0.8611111111111112,1.619598765432099,0.6801075268817204,3.8001821971347027,"{2: 9, 3: 3, 4: 1}",13,0.0,0.2226630955207344
0.9753352490421456,0.8988095238095238,0.9753352490421456,"{0.0: 1.0, 0.1: 0.9766009852216749, 0.2: 0.9494047619047619}","{'noise=0.0;missing=0.0': 1.0, 'noise=0.0;missing=0.2': 1.0, 'noise=0.1;missing=0.0': 1.0, 'noise=0.1;missing=0.2': 0.9532019704433498, 'noise=0.2;missing=0.0': 0.9345238095238095, 'noise=0.2;missing=0.2': 0.9642857142857143}",0.9090909090909091,0.07575757575757576,6,7,18,2.111111111111111,0.3,5,1.0555555555555556,1.3302469135802468,0.5599415204678363,4.251235329734975,"{2: 16, 3: 2}",18,0.0,0.29988220164609053
0.9720739828498449,0.8988095238095238,0.9720739828498449,"{0.0: 1.0, 0.1: 0.9738642583470168, 0.2: 0.9423576902025178}","{'noise=0.0;missing=0.0': 1.0, 'noise=0.0;missing=0.2': 1.0, 'noise=0.1;missing=0.0': 0.9920634920634921, 'noise=0.1;missing=0.2': 0.9556650246305418, 'noise=0.2;missing=0.0': 0.9265873015873015, 'noise=0.2;missing=0.2': 0.958128078817734}",0.9242424242424242,0.045454545454545456,6,7,16,2.125,0.26666666666666666,5,0.9444444444444444,1.2191358024691354,0.5784313725490197,4.172185915404347,"{2: 14, 3: 2}",16,0.0,0.26829346707818924
0.9701696770662289,0.8928571428571429,0.9701696770662289,"{0.0: 1.0, 0.1: 0.9651751505199782, 0.2: 0.9453338806787083}","{'noise=0.0;missing=0.0': 1.0, 'noise=0.0;missing=0.2': 1.0, 'noise=0.1;missing=0.0': 0.9722222222222222, 'noise=0.1;missing=0.2': 0.958128078817734, 'noise=0.2;missing=0.0': 0.9325396825396826, 'noise=0.2;missing=0.2': 0.958128078817734}",0.9090909090909091,0.030303030303030304,6,7,15,2.3333333333333335,0.25,5,0.9722222222222222,1.3603395061728394,0.6039682539682539,4.104302931775617,"{2: 11, 3: 3, 4: 1}",15,0.0,0.2539304269547325
0.9762360883050538,0.9107142857142857,0.9762360883050538,"{0.0: 1.0, 0.1: 0.9754378762999453, 0.2: 0.9532703886152162}","{'noise=0.0;missing=0.0': 1.0, 'noise=0.0;missing=0.2': 1.0, 'noise=0.1;missing=0.0': 0.9841269841269842, 'noise=0.1;missing=0.2': 0.9667487684729064, 'noise=0.2;missing=0.0': 0.9484126984126984, 'noise=0.2;missing=0.2': 0.958128078817734}",0.9242424242424242,0.030303030303030304,6,7,16,2.125,0.26666666666666666,5,0.9444444444444444,1.274691358024691,0.5980392156862745,4.113362385992581,"{2: 14, 3: 2}",16,0.0,0.2683027263374485
0.9742519613209268,0.9047619047619048,0.9742519613209268,"{0.0: 1.0, 0.1: 0.9694854953475643, 0.2: 0.9532703886152162}","{'noise=0.0;missing=0.0': 1.0, 'noise=0.0;missing=0.2': 1.0, 'noise=0.1;missing=0.0': 0.9722222222222222, 'noise=0.1;missing=0.2': 0.9667487684729064, 'noise=0.2;missing=0.0': 0.9484126984126984, 'noise=0.2;missing=0.2': 0.958128078817734}",0.9090909090909091,0.030303030303030304,6,7,14,2.142857142857143,0.23333333333333334,5,0.8333333333333334,1.1944444444444444,0.6222222222222222,4.002910079649728,"{2: 12, 3: 2}",14,0.0,0.23674669312169314
0.967045247217661,0.875,0.967045247217661,"{0.0: 1.0, 0.1: 0.9542966611932128, 0.2: 0.94683908045977}","{'noise=0.0;missing=0.0': 1.0, 'noise=0.0;missing=0.2': 1.0, 'noise=0.1;missing=0.0': 0.9603174603174603, 'noise=0.1;missing=0.2': 0.9482758620689655, 'noise=0.2;missing=0.0': 0.9404761904761906, 'noise=0.2;missing=0.2': 0.9532019704433498}",0.9090909090909091,0.045454545454545456,6,7,14,2.0,0.23333333333333334,6,0.7777777777777778,1.228395061728395,0.6130952380952381,3.9677201004744997,{2: 14},14,0.0,0.23576028806584365
0.9513318737456667,0.8392857142857143,0.9513318737456667,"{0.0: 1.0, 0.1: 0.968664477285167, 0.2: 0.8853311439518335}","{'noise=0.0;missing=0.0': 1.0, 'noise=0.0;missing=0.2': 1.0, 'noise=0.1;missing=0.0': 0.9841269841269842, 'noise=0.1;missing=0.2': 0.9532019704433498, 'noise=0.2;missing=0.0': 0.853174603174603, 'noise=0.2;missing=0.2': 0.9174876847290642}",0.8484848484848485,0.030303030303030304,6,7,13,2.3076923076923075,0.21666666666666667,5,0.8333333333333334,1.361111111111111,0.6703703703703704,3.8444138295776114,"{2: 10, 3: 2, 4: 1}",13,0.0,0.2220858262108262
0.9610016420361247,0.8571428571428571,0.9610016420361247,"{0.0: 1.0, 0.1: 0.9566570881226053, 0.2: 0.9263478379857689}","{'noise=0.0;missing=0.0': 1.0, 'noise=0.0;missing=0.2': 1.0, 'noise=0.1;missing=0.0': 0.9662698412698413, 'noise=0.1;missing=0.2': 0.9470443349753694, 'noise=0.2;missing=0.0': 0.9265873015873015, 'noise=0.2;missing=0.2': 0.9261083743842364}",0.8787878787878788,0.045454545454545456,6,7,14,2.2857142857142856,0.23333333333333334,5,0.8888888888888888,1.04320987654321,0.5434027777777778,4.238608500731241,"{2: 11, 3: 2, 4: 1}",14,0.0,0.23771355085243975
0.9707512315270935,0.8869047619047619,0.9707512315270935,"{0.0: 1.0, 0.1: 0.958880678708265, 0.2: 0.9533730158730158}","{'noise=0.0;missing=0.0': 1.0, 'noise=0.0;missing=0.2': 1.0, 'noise=0.1;missing=0.0': 0.9682539682539683, 'noise=0.1;missing=0.2': 0.9495073891625616, 'noise=0.2;missing=0.0': 0.9424603174603174, 'noise=0.2;missing=0.2': 0.9642857142857143}",0.8939393939393939,0.06060606060606061,6,7,15,2.2666666666666666,0.25,5,0.9444444444444444,1.2191358024691354,0.5784313725490197,4.172185915404347,"{2: 12, 3: 2, 4: 1}",15,0.0,0.25344393004115223
0.9721880131362889,0.8928571428571429,0.9721880131362889,"{0.0: 1.0, 0.1: 0.9631910235358511, 0.2: 0.9533730158730158}","{'noise=0.0;missing=0.0': 1.0, 'noise=0.0;missing=0.2': 1.0, 'noise=0.1;missing=0.0': 0.9682539682539683, 'noise=0.1;missing=0.2': 0.958128078817734, 'noise=0.2;missing=0.0': 0.9424603174603174, 'noise=0.2;missing=0.2': 0.9642857142857143}",0.8939393939393939,0.06060606060606061,6,7,14,2.0714285714285716,0.23333333333333334,5,0.8055555555555556,1.10108024691358,0.6139846743295019,4.017824858003424,"{2: 13, 3: 1}",14,0.0,0.23623510067607292
0.9588806787082648,0.8571428571428571,0.9588806787082648,"{0.0: 1.0, 0.1: 0.971127531472359, 0.2: 0.9055145046524355}","{'noise=0.0;missing=0.0': 1.0, 'noise=0.0;missing=0.2': 1.0, 'noise=0.1;missing=0.0': 0.9841269841269842, 'noise=0.1;missing=0.2': 0.958128078817734, 'noise=0.2;missing=0.0': 0.8849206349206348, 'noise=0.2;missing=0.2': 0.9261083743842364}",0.8787878787878788,0.045454545454545456,6,7,11,2.0,0.18333333333333332,4,0.6111111111111112,0.7376543209876544,0.6540404040404041,3.8230679822736606,{2: 11},11,0.0,0.18817849794238684
0.9546615581098339,0.8452380952380952,0.9546615581098339,"{0.0: 1.0, 0.1: 0.962712096332786, 0.2: 0.9012725779967159}","{'noise=0.0;missing=0.0': 1.0, 'noise=0.0;missing=0.2': 1.0, 'noise=0.1;missing=0.0': 0.9722222222222222, 'noise=0.1;missing=0.2': 0.9532019704433498, 'noise=0.2;missing=0.0': 0.869047619047619, 'noise=0.2;missing=0.2': 0.933497536945813}",0.8484848484848485,0.030303030303030304,6,7,11,2.090909090909091,0.18333333333333332,4,0.6388888888888888,0.7862654320987655,0.6582125603864735,3.8279097821439696,"{2: 10, 3: 1}",11,0.0,0.1888179129255518
0.978619321291735,0.9166666666666666,0.978619321291735,"{0.0: 1.0, 0.1: 0.9744458128078818, 0.2: 0.9614121510673235}","{'noise=0.0;missing=0.0': 1.0, 'noise=0.0;missing=0.2': 1.0, 'noise=0.1;missing=0.0': 0.9821428571428571, 'noise=0.1;missing=0.2': 0.9667487684729064, 'noise=0.2;missing=0.0': 0.9523809523809523, 'noise=0.2;missing=0.2': 0.9704433497536946}",0.9242424242424242,0.045454545454545456,6,7,14,2.0714285714285716,0.23333333333333334,5,0.8055555555555556,1.1010802469135803,0.6139846743295019,4.017824858003424,"{2: 13, 3: 1}",14,0.0,0.23623510067607292
0.9680601167670133,0.8869047619047619,0.9680601167670133,"{0.0: 1.0, 0.1: 0.9785166940339354, 0.2: 0.9256636562671046}","{'noise=0.0;missing=0.0': 1.0, 'noise=0.0;missing=0.2': 1.0, 'noise=0.1;missing=0.0': 0.9841269841269842, 'noise=0.1;missing=0.2': 0.9729064039408867, 'noise=0.2;missing=0.0': 0.9067460317460316, 'noise=0.2;missing=0.2': 0.9445812807881774}",0.8787878787878788,0.030303030303030304,6,7,13,2.1538461538461537,0.21666666666666667,4,0.7777777777777778,1.0617283950617282,0.6547619047619048,3.896291529045928,"{2: 11, 3: 2}",13,0.0,0.22096755302310858
0.9678662652800583,0.8869047619047619,0.9678662652800583,"{0.0: 1.0, 0.1: 0.9861795292829775, 0.2: 0.9174192665571975}","{'noise=0.0;missing=0.0': 1.0, 'noise=0.0;missing=0.2': 1.0, 'noise=0.1;missing=0.0': 0.9920634920634921, 'noise=0.1;missing=0.2': 0.980295566502463, 'noise=0.2;missing=0.0': 0.9087301587301587, 'noise=0.2;missing=0.2': 0.9261083743842364}",0.8939393939393939,0.045454545454545456,6,7,9,2.111111111111111,0.15,4,0.5277777777777778,0.7492283950617286,0.7266081871345029,3.5110854081804272,"{2: 8, 3: 1}",9,0.0,0.15728536522633746
0.9678776683087029,0.8809523809523809,0.9678776683087029,"{0.0: 1.0, 0.1: 0.961788451012589, 0.2: 0.9418445539135194}","{'noise=0.0;missing=0.0': 1.0, 'noise=0.0;missing=0.2': 1.0, 'noise=0.1;missing=0.0': 0.9543650793650793, 'noise=0.1;missing=0.2': 0.9692118226600986, 'noise=0.2;missing=0.0': 0.9206349206349207, 'noise=0.2;missing=0.2': 0.9630541871921182}",0.9090909090909091,0.06060606060606061,6,7,14,2.0714285714285716,0.23333333333333334,6,0.8055555555555556,1.4344135802469136,0.6695402298850575,3.8143719431796272,"{2: 13, 3: 1}",14,0.0,0.23629065623162848
0.9707512315270935,0.8928571428571429,0.9707512315270935,"{0.0: 1.0, 0.1: 0.9781403940886699, 0.2: 0.9341133004926109}","{'noise=0.0;missing=0.0': 1.0, 'noise=0.0;missing=0.2': 1.0, 'noise=0.1;missing=0.0': 0.9821428571428571, 'noise=0.1;missing=0.2': 0.9741379310344828, 'noise=0.2;missing=0.0': 0.9285714285714286, 'noise=0.2;missing=0.2': 0.939655172413793}",0.9242424242424242,0.06060606060606061,6,7,14,2.0714285714285716,0.23333333333333334,5,0.8055555555555556,0.989969135802469,0.5795019157088123,4.112820978767682,"{2: 13, 3: 1}",14,0.0,0.2362165821575544
0.9583333333333334,0.8511904761904762,0.9583333333333334,"{0.0: 1.0, 0.1: 0.9523125342090859, 0.2: 0.922687465790914}","{'noise=0.0;missing=0.0': 1.0, 'noise=0.0;missing=0.2': 1.0, 'noise=0.1;missing=0.0': 0.9563492063492064, 'noise=0.1;missing=0.2': 0.9482758620689654, 'noise=0.2;missing=0.0': 0.9007936507936508, 'noise=0.2;missing=0.2': 0.9445812807881774}",0.8181818181818182,0.045454545454545456,6,7,12,2.0,0.2,5,0.6666666666666666,0.9999999999999998,0.6712962962962963,3.767894147619622,{2: 12},12,0.0,0.20405555555555557
0.9660759897828862,0.8809523809523809,0.9660759897828862,"{0.0: 1.0, 0.1: 0.9725643130815546, 0.2: 0.9256636562671046}","{'noise=0.0;missing=0.0': 1.0, 'noise=0.0;missing=0.2': 1.0, 'noise=0.1;missing=0.0': 0.9722222222222222, 'noise=0.1;missing=0.2': 0.9729064039408867, 'noise=0.2;missing=0.0': 0.9067460317460316, 'noise=0.2;missing=0.2': 0.9445812807881774}",0.8636363636363636,0.030303030303030304,6,7,11,2.1818181818181817,0.18333333333333332,4,0.6666666666666666,1.0,0.6990740740740741,3.6887218755408675,"{2: 9, 3: 2}",11,0.0,0.18948484848484848
0.967159277504105,0.875,0.967159277504105,"{0.0: 1.0, 0.1: 0.9631910235358511, 0.2: 0.9382868089764641}","{'noise=0.0;missing=0.0': 1.0, 'noise=0.0;missing=0.2': 1.0, 'noise=0.1;missing=0.0': 0.9682539682539683, 'noise=0.1;missing=0.2': 0.958128078817734, 'noise=0.2;missing=0.0': 0.9246031746031745, 'noise=0.2;missing=0.2': 0.9519704433497537}",0.8787878787878788,0.06060606060606061,6,7,14,2.0714285714285716,0.23333333333333334,4,0.8055555555555556,1.0455246913580245,0.6331417624521073,3.9783335811852636,"{2: 13, 3: 1}",14,0.0,0.23622584141681366
0.9604885057471264,0.8571428571428571,0.9604885057471264,"{0.0: 1.0, 0.1: 0.9652777777777778, 0.2: 0.9161877394636015}","{'noise=0.0;missing=0.0': 1.0, 'noise=0.0;missing=0.2': 1.0, 'noise=0.1;missing=0.0': 0.9662698412698412, 'noise=0.1;missing=0.2': 0.9642857142857143, 'noise=0.2;missing=0.0': 0.9087301587301587, 'noise=0.2;missing=0.2': 0.9236453201970443}",0.8939393939393939,0.045454545454545456,6,7,13,2.0,0.21666666666666667,5,0.7222222222222222,1.0339506172839508,0.6495726495726496,3.869299699893523,{2: 13},13,0.0,0.21989454732510288
0.9688697318007662,0.875,0.9688697318007662,"{0.0: 1.0, 0.1: 0.9637383689107827, 0.2: 0.9428708264915162}","{'noise=0.0;missing=0.0': 1.0, 'noise=0.0;missing=0.2': 1.0, 'noise=0.1;missing=0.0': 0.9841269841269842, 'noise=0.1;missing=0.2': 0.9433497536945813, 'noise=0.2;missing=0.0': 0.9325396825396826, 'noise=0.2;missing=0.2': 0.9532019704433498}",0.8939393939393939,0.06060606060606061,6,7,15,2.0,0.25,6,0.8333333333333334,1.1944444444444444,0.5648148148148148,4.123231428797621,{2: 15},15,0.0,0.251587962962963
0.9578772121875568,0.8511904761904762,0.9578772121875568,"{0.0: 1.0, 0.1: 0.967159277504105, 0.2: 0.9064723590585659}","{'noise=0.0;missing=0.0': 1.0, 'noise=0.0;missing=0.2': 1.0, 'noise=0.1;missing=0.0': 0.9761904761904762, 'noise=0.1;missing=0.2': 0.958128078817734, 'noise=0.2;missing=0.0': 0.8769841269841269, 'noise=0.2;missing=0.2': 0.935960591133005}",0.8484848484848485,0.045454545454545456,6,7,10,2.0,0.16666666666666666,4,0.5555555555555556,0.7469135802469138,0.7027777777777777,3.621928094887362,{2: 10},10,0.0,0.17234670781893005
0.9638866082831599,0.8690476190476191,0.9638866082831599,"{0.0: 1.0, 0.1: 0.9658935413245758, 0.2: 0.9257662835249042}","{'noise=0.0;missing=0.0': 1.0, 'noise=0.0;missing=0.2': 1.0, 'noise=0.1;missing=0.0': 0.9662698412698412, 'noise=0.1;missing=0.2': 0.9655172413793104, 'noise=0.2;missing=0.0': 0.9007936507936508, 'noise=0.2;missing=0.2': 0.9507389162561576}",0.8787878787878788,0.045454545454545456,6,7,12,2.0,0.2,6,0.6666666666666666,1.1666666666666667,0.6504629629629629,3.7720552088742005,{2: 12},12,0.0,0.20408333333333334
0.9495301952198503,0.8333333333333334,0.9495301952198503,"{0.0: 1.0, 0.1: 0.9533388067870826, 0.2: 0.8952517788724685}","{'noise=0.0;missing=0.0': 1.0, 'noise=0.0;missing=0.2': 1.0, 'noise=0.1;missing=0.0': 0.9682539682539683, 'noise=0.1;missing=0.2': 0.938423645320197, 'noise=0.2;missing=0.0': 0.8373015873015872, 'noise=0.2;missing=0.2': 0.9532019704433498}",0.8484848484848485,0.045454545454545456,6,7,12,2.0833333333333335,0.2,5,0.6944444444444444,1.10108024691358,0.6811111111111111,3.7492750707107136,"{2: 11, 3: 1}",12,0.0,0.2046511059670782
0.9620393176427658,0.875,0.9620393176427658,"{0.0: 1.0, 0.1: 0.962712096332786, 0.2: 0.9234058565955118}","{'noise=0.0;missing=0.0': 1.0, 'noise=0.0;missing=0.2': 1.0, 'noise=0.1;missing=0.0': 0.9722222222222222, 'noise=0.1;missing=0.2': 0.9532019704433498, 'noise=0.2;missing=0.0': 0.8948412698412699, 'noise=0.2;missing=0.2': 0.9519704433497537}",0.8939393939393939,0.045454545454545456,6,7,12,2.0833333333333335,0.2,4,0.6944444444444444,0.878858024691358,0.6588888888888889,3.8438561897747245,"{2: 11, 3: 1}",12,0.0,0.20461406893004114
0.9661330049261084,0.875,0.9661330049261084,"{0.0: 1.0, 0.1: 0.9655514504652436, 0.2: 0.9328475643130815}","{'noise=0.0;missing=0.0': 1.0, 'noise=0.0;missing=0.2': 1.0, 'noise=0.1;missing=0.0': 0.9742063492063492, 'noise=0.1;missing=0.2': 0.9568965517241379, 'noise=0.2;missing=0.0': 0.9186507936507936, 'noise=0.2;missing=0.2': 0.9470443349753694}",0.9090909090909091,0.030303030303030304,6,7,13,2.0,0.21666666666666667,6,0.7222222222222222,1.2006172839506173,0.6324786324786325,3.873140679513133,{2: 13},13,0.0,0.21992232510288068
0.9716976829045793,0.8928571428571429,0.9716976829045793,"{0.0: 1.0, 0.1: 0.9725643130815546, 0.2: 0.9425287356321839}","{'noise=0.0;missing=0.0': 1.0, 'noise=0.0;missing=0.2': 1.0, 'noise=0.1;missing=0.0': 0.9722222222222222, 'noise=0.1;missing=0.2': 0.9729064039408867, 'noise=0.2;missing=0.0': 0.9404761904761905, 'noise=0.2;missing=0.2': 0.9445812807881774}",0.8787878787878788,0.030303030303030304,6,7,12,2.0,0.2,3,0.6666666666666666,0.6666666666666666,0.6226851851851852,3.970175521464345,{2: 12},12,0.0,0.20400000000000001
0.9742519613209268,0.9047619047619048,0.9742519613209268,"{0.0: 1.0, 0.1: 0.9694854953475643, 0.2: 0.9532703886152162}","{'noise=0.0;missing=0.0': 1.0, 'noise=0.0;missing=0.2': 1.0, 'noise=0.1;missing=0.0': 0.9722222222222222, 'noise=0.1;missing=0.2': 0.9667487684729064, 'noise=0.2;missing=0.0': 0.9484126984126984, 'noise=0.2;missing=0.2': 0.958128078817734}",0.9090909090909091,0.030303030303030304,6,7,13,2.0,0.21666666666666667,4,0.7222222222222222,0.8672839506172838,0.6217948717948718,3.979097891134805,{2: 13},13,0.0,0.21986676954732512
0.9571930304688927,0.8571428571428571,0.9571930304688927,"{0.0: 1.0, 0.1: 0.9655856595511768, 0.2: 0.9059934318555009}","{'noise=0.0;missing=0.0': 1.0, 'noise=0.0;missing=0.2': 1.0, 'noise=0.1;missing=0.0': 0.9841269841269842, 'noise=0.1;missing=0.2': 0.9470443349753694, 'noise=0.2;missing=0.0': 0.8809523809523808, 'noise=0.2;missing=0.2': 0.9310344827586208}",0.8787878787878788,0.030303030303030304,6,7,15,2.1333333333333333,0.25,6,0.8888888888888888,1.5432098765432098,0.6527777777777778,3.9056390622295662,"{2: 13, 3: 2}",15,0.0,0.2525720164609054
